{"type": "FeatureCollection", "features": [{"type": "Feature", "geometry": {"type": "Point", "coordinates": [52.0, -6.0]}, "properties": {"risk_score": 0.2, "risk_category": "safe", "sst": 29.41, "current_speed": 0.184, "factors": ["elevated_sst"], "color": "#00C853"}}, {"type": "Feature", "geometry": {"type": "Point", "coordinates": [91.0, 8.0]}, "properties": {"risk_score": 0.2, "risk_category": "safe", "sst": 29.38, "current_speed": 0.284, "factors": ["elevated_sst"], "color": "#00C853"}}, {"type": "Feature", "geometry": {"type": "Point", "coordinates": [59.0, -7.0]}, "properties": {"risk_score": 0.2, "risk_category": "safe", "sst": 29.4, "current_speed": 0.247, "factors": ["elevated_sst"], "color": "#00C853"}}, {"type": "Feature", "geometry": {"type": "Point", "coordinates": [93.0, 24.0]}, "properties": {"risk_score": 0.0, "risk_category": "safe", "sst": 28.8, "current_speed": 0.2, "factors": [], "color": "#00C853"}}, {"type": "Feature", "geometry": {"type": "Point", "coordinates": [70.0, 21.0]}, "properties": {"risk_score": 0.0, "risk_category": "safe", "sst": 28.94, "current_speed": 0.194, "factors": [], "color": "#00C853"}}, {"type": "Feature", "geometry": {"type": "Point", "coordinates": [56.0, -10.0]}, "properties": {"risk_score": 0.2, "risk_category": "safe", "sst": 29.34, "current_speed": 0.253, "factors": ["elevated_sst"], "color": "#00C853"}}, {"type": "Feature", "geometry": {"type": "Point", "coordinates": [56.0, -9.0]}, "properties": {"risk_score": 0.2, "risk_category": "safe", "sst": 29.36, "current_speed": 0.243, "factors": ["elevated_sst"], "color": "#00C853"}}, {"type": "Feature", "geometry": {"type": "Point", "coordinates": [77.0, 6.0]}, "properties": {"risk_score": 0.2, "risk_category": "safe", "sst": 29.41, "current_speed": 0.266, "factors": ["elevated_sst"], "color": "#00C853"}}, {"type": "Feature", "geometry": {"type": "Point", "coordinates": [71.0, 15.0]}, "properties": {"risk_score": 0.2, "risk_category": "safe", "sst": 29.19, "current_speed": 0.216, "factors": ["elevated_sst"], "color": "#00C853"}}, {"type": "Feature", "geometry": {"type": "Point", "coordinates": [99.0, -6.0]}, "properties": {"risk_score": 0.4, "risk_category": "caution", "sst": 29.41, "current_speed": 0.369, "factors": ["elevated_sst", "cyclone_in_region"], "color": "#FFD600"}}, {"type": "Feature", "geometry": {"type": "Point", "coordinates": [80.0, 8.0]}, "properties": {"risk_score": 0.2, "risk_category": "safe", "sst": 29.38, "current_speed": 0.268, "factors": ["elevated_sst"], "color": "#00C853"}}, {"type": "Feature", "geometry": {"type": "Point", "coordinates": [86.0, 12.0]}, "properties": {"risk_score": 0.2, "risk_category": "safe", "sst": 29.29, "current_speed": 0.265, "factors": ["elevated_sst"], "color": "#00C853"}}, {"type": "Feature", "geometry": {"type": "Point", "coordinates": [57.0, -5.0]}, "properties": {"risk_score": 0.2, "risk_category": "safe", "sst": 29.43, "current_speed": 0.213, "factors": ["elevated_sst"], "color": "#00C853"}}, {"type": "Feature", "geometry": {"type": "Point", "coordinates": [73.0, -5.0]}, "properties": {"risk_score": 0.2, "risk_category": "safe", "sst": 29.43, "current_speed": 0.325, "factors": ["elevated_sst"], "color": "#00C853"}}, {"type": "Feature", "geometry": {"type": "Point", "coordinates": [74.0, 24.0]}, "properties": {"risk_score": 0.0, "risk_category": "safe", "sst": 28.8, "current_speed": 0.182, "factors": [], "color": "#00C853"}}, {"type": "Feature", "geometry": {"type": "Point", "coordinates": [61.0, 13.0]}, "properties": {"risk_score": 0.2, "risk_category": "safe", "sst": 29.26, "current_speed": 0.187, "factors": ["elevated_sst"], "color": "#00C853"}}, {"type": "Feature", "geometry": {"type": "Point", "coordinates": [68.0, 6.0]}, "properties": {"risk_score": 0.2, "risk_category": "safe", "sst": 29.41, "current_speed": 0.219, "factors": ["elevated_sst"], "color": "#00C853"}}, {"type": "Feature", "geometry": {"type": "Point", "coordinates": [83.0, 3.0]}, "properties": {"risk_score": 0.2, "risk_category": "safe", "sst": 29.45, "current_speed": 0.304, "factors": ["elevated_sst"], "color": "#00C853"}}, {"type": "Feature", "geometry": {"type": "Point", "coordinates": [78.0, -10.0]}, "properties": {"risk_score": 0.4, "risk_category": "caution", "sst": 29.34, "current_speed": 0.39, "factors": ["elevated_sst", "cyclone_in_region"], "color": "#FFD600"}}, {"type": "Feature", "geometry": {"type": "Point", "coordinates": [67.0, 0.0]}, "properties": {"risk_score": 0.2, "risk_category": "safe", "sst": 29.46, "current_speed": 0.245, "factors": ["elevated_sst"], "color": "#00C853"}}, {"type": "Feature", "geometry": {"type": "Point", "coordinates": [96.0, -1.0]}, "properties": {"risk_score": 0.2, "risk_category": "safe", "sst": 29.46, "current_speed": 0.336, "factors": ["elevated_sst"], "color": "#00C853"}}, {"type": "Feature", "geometry": {"type": "Point", "coordinates": [91.0, 13.0]}, "properties": {"risk_score": 0.2, "risk_category": "safe", "sst": 29.26, "current_speed": 0.263, "factors": ["elevated_sst"], "color": "#00C853"}}, {"type": "Feature", "geometry": {"type": "Point", "coordinates": [87.0, -7.0]}, "properties": {"risk_score": 0.7, "risk_category": "danger", "sst": 29.4, "current_speed": 0.39, "factors": ["elevated_sst", "active_cyclone_nearby"], "color": "#D50000"}}, {"type": "Feature", "geometry": {"type": "Point", "coordinates": [86.0, -8.0]}, "properties": {"risk_score": 0.7, "risk_category": "danger", "sst": 29.38, "current_speed": 0.397, "factors": ["elevated_sst", "active_cyclone_nearby"], "color": "#D50000"}}, {"type": "Feature", "geometry": {"type": "Point", "coordinates": [75.0, -5.0]}, "properties": {"risk_score": 0.2, "risk_category": "safe", "sst": 29.43, "current_speed": 0.336, "factors": ["elevated_sst"], "color": "#00C853"}}, {"type": "Feature", "geometry": {"type": "Point", "coordinates": [64.0, -3.0]}, "properties": {"risk_score": 0.2, "risk_category": "safe", "sst": 29.45, "current_speed": 0.248, "factors": ["elevated_sst"], "color": "#00C853"}}, {"type": "Feature", "geometry": {"type": "Point", "coordinates": [88.0, -9.0]}, "properties": {"risk_score": 0.7, "risk_category": "danger", "sst": 29.36, "current_speed": 0.407, "factors": ["elevated_sst", "active_cyclone_nearby"], "color": "#D50000"}}, {"type": "Feature", "geometry": {"type": "Point", "coordinates": [100.0, 17.0]}, "properties": {"risk_score": 0.2, "risk_category": "safe", "sst": 29.12, "current_speed": 0.235, "factors": ["elevated_sst"], "color": "#00C853"}}, {"type": "Feature", "geometry": {"type": "Point", "coordinates": [92.0, 1.0]}, "properties": {"risk_score": 0.2, "risk_category": "safe", "sst": 29.46, "current_speed": 0.326, "factors": ["elevated_sst"], "color": "#00C853"}}, {"type": "Feature", "geometry": {"type": "Point", "coordinates": [86.0, 1.0]}, "properties": {"risk_score": 0.2, "risk_category": "safe", "sst": 29.46, "current_speed": 0.324, "factors": ["elevated_sst"], "color": "#00C853"}}, {"type": "Feature", "geometry": {"type": "Point", "coordinates": [59.0, 0.0]}, "properties": {"risk_score": 0.2, "risk_category": "safe", "sst": 29.46, "current_speed": 0.187, "factors": ["elevated_sst"], "color": "#00C853"}}, {"type": "Feature", "geometry": {"type": "Point", "coordinates": [60.0, 6.0]}, "properties": {"risk_score": 0.2, "risk_category": "safe", "sst": 29.41, "current_speed": 0.173, "factors": ["elevated_sst"], "color": "#00C853"}}, {"type": "Feature", "geometry": {"type": "Point", "coordinates": [61.0, 18.0]}, "properties": {"risk_score": 0.2, "risk_category": "safe", "sst": 29.08, "current_speed": 0.193, "factors": ["elevated_sst"], "color": "#00C853"}}, {"type": "Feature", "geometry": {"type": "Point", "coordinates": [97.0, -5.0]}, "properties": {"risk_score": 0.4, "risk_category": "caution", "sst": 29.43, "current_speed": 0.367, "factors": ["elevated_sst", "cyclone_in_region"], "color": "#FFD600"}}, {"type": "Feature", "geometry": {"type": "Point", "coordinates": [89.0, -8.0]}, "properties": {"risk_score": 0.7, "risk_category": "danger", "sst": 29.38, "current_speed": 0.4, "factors": ["elevated_sst", "active_cyclone_nearby"], "color": "#D50000"}}, {"type": "Feature", "geometry": {"type": "Point", "coordinates": [53.0, -3.0]}, "properties": {"risk_score": 0.2, "risk_category": "safe", "sst": 29.45, "current_speed": 0.163, "factors": ["elevated_sst"], "color": "#00C853"}}, {"type": "Feature", "geometry": {"type": "Point", "coordinates": [95.0, 11.0]}, "properties": {"risk_score": 0.2, "risk_category": "safe", "sst": 29.31, "current_speed": 0.267, "factors": ["elevated_sst"], "color": "#00C853"}}, {"type": "Feature", "geometry": {"type": "Point", "coordinates": [57.0, 17.0]}, "properties": {"risk_score": 0.2, "risk_category": "safe", "sst": 29.12, "current_speed": 0.195, "factors": ["elevated_sst"], "color": "#00C853"}}, {"type": "Feature", "geometry": {"type": "Point", "coordinates": [77.0, 25.0]}, "properties": {"risk_score": 0.0, "risk_category": "safe", "sst": 28.74, "current_speed": 0.178, "factors": [], "color": "#00C853"}}, {"type": "Feature", "geometry": {"type": "Point", "coordinates": [93.0, -9.0]}, "properties": {"risk_score": 0.7, "risk_category": "danger", "sst": 29.36, "current_speed": 0.406, "factors": ["elevated_sst", "active_cyclone_nearby"], "color": "#D50000"}}, {"type": "Feature", "geometry": {"type": "Point", "coordinates": [53.0, 9.0]}, "properties": {"risk_score": 0.2, "risk_category": "safe", "sst": 29.36, "current_speed": 0.157, "factors": ["elevated_sst"], "color": "#00C853"}}, {"type": "Feature", "geometry": {"type": "Point", "coordinates": [81.0, 6.0]}, "properties": {"risk_score": 0.2, "risk_category": "safe", "sst": 29.41, "current_speed": 0.28, "factors": ["elevated_sst"], "color": "#00C853"}}, {"type": "Feature", "geometry": {"type": "Point", "coordinates": [72.0, 13.0]}, "properties": {"risk_score": 0.2, "risk_category": "safe", "sst": 29.26, "current_speed": 0.223, "factors": ["elevated_sst"], "color": "#00C853"}}, {"type": "Feature", "geometry": {"type": "Point", "coordinates": [75.0, 8.0]}, "properties": {"risk_score": 0.2, "risk_category": "safe", "sst": 29.38, "current_speed": 0.249, "factors": ["elevated_sst"], "color": "#00C853"}}, {"type": "Feature", "geometry": {"type": "Point", "coordinates": [53.0, 13.0]}, "properties": {"risk_score": 0.2, "risk_category": "safe", "sst": 29.26, "current_speed": 0.183, "factors": ["elevated_sst"], "color": "#00C853"}}, {"type": "Feature", "geometry": {"type": "Point", "coordinates": [96.0, 2.0]}, "properties": {"risk_score": 0.2, "risk_category": "safe", "sst": 29.45, "current_speed": 0.313, "factors": ["elevated_sst"], "color": "#00C853"}}, {"type": "Feature", "geometry": {"type": "Point", "coordinates": [99.0, 17.0]}, "properties": {"risk_score": 0.2, "risk_category": "safe", "sst": 29.12, "current_speed": 0.237, "factors": ["elevated_sst"], "color": "#00C853"}}, {"type": "Feature", "geometry": {"type": "Point", "coordinates": [100.0, -10.0]}, "properties": {"risk_score": 0.7, "risk_category": "danger", "sst": 29.34, "current_speed": 0.397, "factors": ["elevated_sst", "active_cyclone_nearby"], "color": "#D50000"}}, {"type": "Feature", "geometry": {"type": "Point", "coordinates": [56.0, -8.0]}, "properties": {"risk_score": 0.2, "risk_category": "safe", "sst": 29.38, "current_speed": 0.234, "factors": ["elevated_sst"], "color": "#00C853"}}, {"type": "Feature", "geometry": {"type": "Point", "coordinates": [64.0, 13.0]}, "properties": {"risk_score": 0.2, "risk_category": "safe", "sst": 29.26, "current_speed": 0.195, "factors": ["elevated_sst"], "color": "#00C853"}}, {"type": "Feature", "geometry": {"type": "Point", "coordinates": [83.0, 21.0]}, "properties": {"risk_score": 0.0, "risk_category": "safe", "sst": 28.94, "current_speed": 0.219, "factors": [], "color": "#00C853"}}, {"type": "Feature", "geometry": {"type": "Point", "coordinates": [51.0, 4.0]}, "properties": {"risk_score": 0.2, "risk_category": "safe", "sst": 29.44, "current_speed": 0.127, "factors": ["elevated_sst"], "color": "#00C853"}}, {"type": "Feature", "geometry": {"type": "Point", "coordinates": [83.0, -9.0]}, "properties": {"risk_score": 0.7, "risk_category": "danger", "sst": 29.36, "current_speed": 0.399, "factors": ["elevated_sst", "active_cyclone_nearby"], "color": "#D50000"}}, {"type": "Feature", "geometry": {"type": "Point", "coordinates": [53.0, -1.0]}, "properties": {"risk_score": 0.2, "risk_category": "safe", "sst": 29.46, "current_speed": 0.148, "factors": ["elevated_sst"], "color": "#00C853"}}, {"type": "Feature", "geometry": {"type": "Point", "coordinates": [69.0, 8.0]}, "properties": {"risk_score": 0.2, "risk_category": "safe", "sst": 29.38, "current_speed": 0.219, "factors": ["elevated_sst"], "color": "#00C853"}}, {"type": "Feature", "geometry": {"type": "Point", "coordinates": [75.0, -9.0]}, "properties": {"risk_score": 0.2, "risk_category": "safe", "sst": 29.36, "current_speed": 0.369, "factors": ["elevated_sst"], "color": "#00C853"}}, {"type": "Feature", "geometry": {"type": "Point", "coordinates": [54.0, 8.0]}, "properties": {"risk_score": 0.2, "risk_category": "safe", "sst": 29.38, "current_speed": 0.153, "factors": ["elevated_sst"], "color": "#00C853"}}, {"type": "Feature", "geometry": {"type": "Point", "coordinates": [90.0, 16.0]}, "properties": {"risk_score": 0.2, "risk_category": "safe", "sst": 29.15, "current_speed": 0.251, "factors": ["elevated_sst"], "color": "#00C853"}}, {"type": "Feature", "geometry": {"type": "Point", "coordinates": [67.0, 25.0]}, "properties": {"risk_score": 0.0, "risk_category": "safe", "sst": 28.74, "current_speed": 0.167, "factors": [], "color": "#00C853"}}, {"type": "Feature", "geometry": {"type": "Point", "coordinates": [73.0, 21.0]}, "properties": {"risk_score": 0.0, "risk_category": "safe", "sst": 28.94, "current_speed": 0.2, "factors": [], "color": "#00C853"}}, {"type": "Feature", "geometry": {"type": "Point", "coordinates": [96.0, -9.0]}, "properties": {"risk_score": 0.7, "risk_category": "danger", "sst": 29.36, "current_speed": 0.401, "factors": ["elevated_sst", "active_cyclone_nearby"], "color": "#D50000"}}, {"type": "Feature", "geometry": {"type": "Point", "coordinates": [60.0, 4.0]}, "properties": {"risk_score": 0.2, "risk_category": "safe", "sst": 29.44, "current_speed": 0.176, "factors": ["elevated_sst"], "color": "#00C853"}}, {"type": "Feature", "geometry": {"type": "Point", "coordinates": [81.0, -6.0]}, "properties": {"risk_score": 0.4, "risk_category": "caution", "sst": 29.41, "current_speed": 0.369, "factors": ["elevated_sst", "cyclone_in_region"], "color": "#FFD600"}}, {"type": "Feature", "geometry": {"type": "Point", "coordinates": [72.0, 5.0]}, "properties": {"risk_score": 0.2, "risk_category": "safe", "sst": 29.43, "current_speed": 0.246, "factors": ["elevated_sst"], "color": "#00C853"}}, {"type": "Feature", "geometry": {"type": "Point", "coordinates": [62.0, 21.0]}, "properties": {"risk_score": 0.0, "risk_category": "safe", "sst": 28.94, "current_speed": 0.189, "factors": [], "color": "#00C853"}}, {"type": "Feature", "geometry": {"type": "Point", "coordinates": [87.0, 10.0]}, "properties": {"risk_score": 0.2, "risk_category": "safe", "sst": 29.34, "current_speed": 0.274, "factors": ["elevated_sst"], "color": "#00C853"}}, {"type": "Feature", "geometry": {"type": "Point", "coordinates": [92.0, 17.0]}, "properties": {"risk_score": 0.2, "risk_category": "safe", "sst": 29.12, "current_speed": 0.246, "factors": ["elevated_sst"], "color": "#00C853"}}, {"type": "Feature", "geometry": {"type": "Point", "coordinates": [86.0, 4.0]}, "properties": {"risk_score": 0.2, "risk_category": "safe", "sst": 29.44, "current_speed": 0.303, "factors": ["elevated_sst"], "color": "#00C853"}}, {"type": "Feature", "geometry": {"type": "Point", "coordinates": [77.0, -5.0]}, "properties": {"risk_score": 0.2, "risk_category": "safe", "sst": 29.43, "current_speed": 0.345, "factors": ["elevated_sst"], "color": "#00C853"}}, {"type": "Feature", "geometry": {"type": "Point", "coordinates": [61.0, 10.0]}, "properties": {"risk_score": 0.2, "risk_category": "safe", "sst": 29.34, "current_speed": 0.181, "factors": ["elevated_sst"], "color": "#00C853"}}, {"type": "Feature", "geometry": {"type": "Point", "coordinates": [75.0, 12.0]}, "properties": {"risk_score": 0.2, "risk_category": "safe", "sst": 29.29, "current_speed": 0.237, "factors": ["elevated_sst"], "color": "#00C853"}}, {"type": "Feature", "geometry": {"type": "Point", "coordinates": [69.0, 16.0]}, "properties": {"risk_score": 0.2, "risk_category": "safe", "sst": 29.15, "current_speed": 0.208, "factors": ["elevated_sst"], "color": "#00C853"}}, {"type": "Feature", "geometry": {"type": "Point", "coordinates": [52.0, 20.0]}, "properties": {"risk_score": 0.0, "risk_category": "safe", "sst": 28.99, "current_speed": 0.213, "factors": [], "color": "#00C853"}}, {"type": "Feature", "geometry": {"type": "Point", "coordinates": [61.0, 12.0]}, "properties": {"risk_score": 0.2, "risk_category": "safe", "sst": 29.29, "current_speed": 0.185, "factors": ["elevated_sst"], "color": "#00C853"}}, {"type": "Feature", "geometry": {"type": "Point", "coordinates": [91.0, 10.0]}, "properties": {"risk_score": 0.2, "risk_category": "safe", "sst": 29.34, "current_speed": 0.275, "factors": ["elevated_sst"], "color": "#00C853"}}, {"type": "Feature", "geometry": {"type": "Point", "coordinates": [79.0, 6.0]}, "properties": {"risk_score": 0.2, "risk_category": "safe", "sst": 29.41, "current_speed": 0.274, "factors": ["elevated_sst"], "color": "#00C853"}}, {"type": "Feature", "geometry": {"type": "Point", "coordinates": [52.0, -10.0]}, "properties": {"risk_score": 0.2, "risk_category": "safe", "sst": 29.34, "current_speed": 0.224, "factors": ["elevated_sst"], "color": "#00C853"}}, {"type": "Feature", "geometry": {"type": "Point", "coordinates": [75.0, 9.0]}, "properties": {"risk_score": 0.2, "risk_category": "safe", "sst": 29.36, "current_speed": 0.245, "factors": ["elevated_sst"], "color": "#00C853"}}, {"type": "Feature", "geometry": {"type": "Point", "coordinates": [82.0, -1.0]}, "properties": {"risk_score": 0.2, "risk_category": "safe", "sst": 29.46, "current_speed": 0.331, "factors": ["elevated_sst"], "color": "#00C853"}}, {"type": "Feature", "geometry": {"type": "Point", "coordinates": [94.0, 21.0]}, "properties": {"risk_score": 0.0, "risk_category": "safe", "sst": 28.94, "current_speed": 0.222, "factors": [], "color": "#00C853"}}, {"type": "Feature", "geometry": {"type": "Point", "coordinates": [69.0, 3.0]}, "properties": {"risk_score": 0.2, "risk_category": "safe", "sst": 29.45, "current_speed": 0.239, "factors": ["elevated_sst"], "color": "#00C853"}}, {"type": "Feature", "geometry": {"type": "Point", "coordinates": [57.0, 3.0]}, "properties": {"risk_score": 0.2, "risk_category": "safe", "sst": 29.45, "current_speed": 0.159, "factors": ["elevated_sst"], "color": "#00C853"}}, {"type": "Feature", "geometry": {"type": "Point", "coordinates": [71.0, 7.0]}, "properties": {"risk_score": 0.2, "risk_category": "safe", "sst": 29.4, "current_speed": 0.233, "factors": ["elevated_sst"], "color": "#00C853"}}, {"type": "Feature", "geometry": {"type": "Point", "coordinates": [78.0, 9.0]}, "properties": {"risk_score": 0.2, "risk_category": "safe", "sst": 29.36, "current_speed": 0.257, "factors": ["elevated_sst"], "color": "#00C853"}}, {"type": "Feature", "geometry": {"type": "Point", "coordinates": [94.0, -1.0]}, "properties": {"risk_score": 0.2, "risk_category": "safe", "sst": 29.46, "current_speed": 0.339, "factors": ["elevated_sst"], "color": "#00C853"}}, {"type": "Feature", "geometry": {"type": "Point", "coordinates": [89.0, 8.0]}, "properties": {"risk_score": 0.2, "risk_category": "safe", "sst": 29.38, "current_speed": 0.284, "factors": ["elevated_sst"], "color": "#00C853"}}, {"type": "Feature", "geometry": {"type": "Point", "coordinates": [76.0, -9.0]}, "properties": {"risk_score": 0.4, "risk_category": "caution", "sst": 29.36, "current_speed": 0.374, "factors": ["elevated_sst", "cyclone_in_region"], "color": "#FFD600"}}, {"type": "Feature", "geometry": {"type": "Point", "coordinates": [91.0, 4.0]}, "properties": {"risk_score": 0.2, "risk_category": "safe", "sst": 29.44, "current_speed": 0.306, "factors": ["elevated_sst"], "color": "#00C853"}}, {"type": "Feature", "geometry": {"type": "Point", "coordinates": [77.0, -7.0]}, "properties": {"risk_score": 0.4, "risk_category": "caution", "sst": 29.4, "current_speed": 0.362, "factors": ["elevated_sst", "cyclone_in_region"], "color": "#FFD600"}}, {"type": "Feature", "geometry": {"type": "Point", "coordinates": [90.0, 22.0]}, "properties": {"risk_score": 0.0, "risk_category": "safe", "sst": 28.9, "current_speed": 0.217, "factors": [], "color": "#00C853"}}, {"type": "Feature", "geometry": {"type": "Point", "coordinates": [64.0, 19.0]}, "properties": {"risk_score": 0.2, "risk_category": "safe", "sst": 29.03, "current_speed": 0.194, "factors": ["elevated_sst"], "color": "#00C853"}}, {"type": "Feature", "geometry": {"type": "Point", "coordinates": [81.0, -8.0]}, "properties": {"risk_score": 0.7, "risk_category": "danger", "sst": 29.38, "current_speed": 0.385, "factors": ["elevated_sst", "active_cyclone_nearby"], "color": "#D50000"}}, {"type": "Feature", "geometry": {"type": "Point", "coordinates": [62.0, -8.0]}, "properties": {"risk_score": 0.2, "risk_category": "safe", "sst": 29.38, "current_speed": 0.279, "factors": ["elevated_sst"], "color": "#00C853"}}, {"type": "Feature", "geometry": {"type": "Point", "coordinates": [51.0, 14.0]}, "properties": {"risk_score": 0.2, "risk_category": "safe", "sst": 29.22, "current_speed": 0.193, "factors": ["elevated_sst"], "color": "#00C853"}}, {"type": "Feature", "geometry": {"type": "Point", "coordinates": [53.0, 6.0]}, "properties": {"risk_score": 0.2, "risk_category": "safe", "sst": 29.41, "current_speed": 0.141, "factors": ["elevated_sst"], "color": "#00C853"}}, {"type": "Feature", "geometry": {"type": "Point", "coordinates": [96.0, 25.0]}, "properties": {"risk_score": 0.0, "risk_category": "safe", "sst": 28.74, "current_speed": 0.188, "factors": [], "color": "#00C853"}}, {"type": "Feature", "geometry": {"type": "Point", "coordinates": [65.0, 11.0]}, "properties": {"risk_score": 0.2, "risk_category": "safe", "sst": 29.31, "current_speed": 0.197, "factors": ["elevated_sst"], "color": "#00C853"}}, {"type": "Feature", "geometry": {"type": "Point", "coordinates": [90.0, 23.0]}, "properties": {"risk_score": 0.0, "risk_category": "safe", "sst": 28.85, "current_speed": 0.209, "factors": [], "color": "#00C853"}}, {"type": "Feature", "geometry": {"type": "Point", "coordinates": [92.0, 13.0]}, "properties": {"risk_score": 0.2, "risk_category": "safe", "sst": 29.26, "current_speed": 0.263, "factors": ["elevated_sst"], "color": "#00C853"}}, {"type": "Feature", "geometry": {"type": "Point", "coordinates": [79.0, 7.0]}, "properties": {"risk_score": 0.2, "risk_category": "safe", "sst": 29.4, "current_speed": 0.269, "factors": ["elevated_sst"], "color": "#00C853"}}, {"type": "Feature", "geometry": {"type": "Point", "coordinates": [83.0, 5.0]}, "properties": {"risk_score": 0.2, "risk_category": "safe", "sst": 29.43, "current_speed": 0.291, "factors": ["elevated_sst"], "color": "#00C853"}}, {"type": "Feature", "geometry": {"type": "Point", "coordinates": [99.0, 5.0]}, "properties": {"risk_score": 0.2, "risk_category": "safe", "sst": 29.43, "current_speed": 0.286, "factors": ["elevated_sst"], "color": "#00C853"}}, {"type": "Feature", "geometry": {"type": "Point", "coordinates": [65.0, 19.0]}, "properties": {"risk_score": 0.2, "risk_category": "safe", "sst": 29.03, "current_speed": 0.194, "factors": ["elevated_sst"], "color": "#00C853"}}, {"type": "Feature", "geometry": {"type": "Point", "coordinates": [60.0, 15.0]}, "properties": {"risk_score": 0.2, "risk_category": "safe", "sst": 29.19, "current_speed": 0.19, "factors": ["elevated_sst"], "color": "#00C853"}}, {"type": "Feature", "geometry": {"type": "Point", "coordinates": [70.0, -2.0]}, "properties": {"risk_score": 0.2, "risk_category": "safe", "sst": 29.45, "current_speed": 0.281, "factors": ["elevated_sst"], "color": "#00C853"}}, {"type": "Feature", "geometry": {"type": "Point", "coordinates": [75.0, 25.0]}, "properties": {"risk_score": 0.0, "risk_category": "safe", "sst": 28.74, "current_speed": 0.175, "factors": [], "color": "#00C853"}}, {"type": "Feature", "geometry": {"type": "Point", "coordinates": [99.0, 21.0]}, "properties": {"risk_score": 0.0, "risk_category": "safe", "sst": 28.94, "current_speed": 0.216, "factors": [], "color": "#00C853"}}, {"type": "Feature", "geometry": {"type": "Point", "coordinates": [69.0, -4.0]}, "properties": {"risk_score": 0.2, "risk_category": "safe", "sst": 29.44, "current_speed": 0.292, "factors": ["elevated_sst"], "color": "#00C853"}}, {"type": "Feature", "geometry": {"type": "Point", "coordinates": [54.0, -6.0]}, "properties": {"risk_score": 0.2, "risk_category": "safe", "sst": 29.41, "current_speed": 0.199, "factors": ["elevated_sst"], "color": "#00C853"}}, {"type": "Feature", "geometry": {"type": "Point", "coordinates": [100.0, 10.0]}, "properties": {"risk_score": 0.2, "risk_category": "safe", "sst": 29.34, "current_speed": 0.26, "factors": ["elevated_sst"], "color": "#00C853"}}, {"type": "Feature", "geometry": {"type": "Point", "coordinates": [88.0, 15.0]}, "properties": {"risk_score": 0.2, "risk_category": "safe", "sst": 29.19, "current_speed": 0.255, "factors": ["elevated_sst"], "color": "#00C853"}}, {"type": "Feature", "geometry": {"type": "Point", "coordinates": [72.0, 14.0]}, "properties": {"risk_score": 0.2, "risk_category": "safe", "sst": 29.22, "current_speed": 0.221, "factors": ["elevated_sst"], "color": "#00C853"}}, {"type": "Feature", "geometry": {"type": "Point", "coordinates": [53.0, 0.0]}, "properties": {"risk_score": 0.2, "risk_category": "safe", "sst": 29.46, "current_speed": 0.143, "factors": ["elevated_sst"], "color": "#00C853"}}, {"type": "Feature", "geometry": {"type": "Point", "coordinates": [55.0, 20.0]}, "properties": {"risk_score": 0.0, "risk_category": "safe", "sst": 28.99, "current_speed": 0.203, "factors": [], "color": "#00C853"}}, {"type": "Feature", "geometry": {"type": "Point", "coordinates": [80.0, 17.0]}, "properties": {"risk_score": 0.2, "risk_category": "safe", "sst": 29.12, "current_speed": 0.235, "factors": ["elevated_sst"], "color": "#00C853"}}, {"type": "Feature", "geometry": {"type": "Point", "coordinates": [85.0, -8.0]}, "properties": {"risk_score": 0.7, "risk_category": "danger", "sst": 29.38, "current_speed": 0.395, "factors": ["elevated_sst", "active_cyclone_nearby"], "color": "#D50000"}}, {"type": "Feature", "geometry": {"type": "Point", "coordinates": [61.0, -10.0]}, "properties": {"risk_score": 0.2, "risk_category": "safe", "sst": 29.34, "current_speed": 0.289, "factors": ["elevated_sst"], "color": "#00C853"}}, {"type": "Feature", "geometry": {"type": "Point", "coordinates": [68.0, 4.0]}, "properties": {"risk_score": 0.2, "risk_category": "safe", "sst": 29.44, "current_speed": 0.228, "factors": ["elevated_sst"], "color": "#00C853"}}, {"type": "Feature", "geometry": {"type": "Point", "coordinates": [75.0, -1.0]}, "properties": {"risk_score": 0.2, "risk_category": "safe", "sst": 29.46, "current_speed": 0.302, "factors": ["elevated_sst"], "color": "#00C853"}}, {"type": "Feature", "geometry": {"type": "Point", "coordinates": [70.0, 8.0]}, "properties": {"risk_score": 0.2, "risk_category": "safe", "sst": 29.38, "current_speed": 0.225, "factors": ["elevated_sst"], "color": "#00C853"}}, {"type": "Feature", "geometry": {"type": "Point", "coordinates": [70.0, 14.0]}, "properties": {"risk_score": 0.2, "risk_category": "safe", "sst": 29.22, "current_speed": 0.214, "factors": ["elevated_sst"], "color": "#00C853"}}, {"type": "Feature", "geometry": {"type": "Point", "coordinates": [53.0, -10.0]}, "properties": {"risk_score": 0.2, "risk_category": "safe", "sst": 29.34, "current_speed": 0.231, "factors": ["elevated_sst"], "color": "#00C853"}}, {"type": "Feature", "geometry": {"type": "Point", "coordinates": [96.0, 10.0]}, "properties": {"risk_score": 0.2, "risk_category": "safe", "sst": 29.34, "current_speed": 0.27, "factors": ["elevated_sst"], "color": "#00C853"}}, {"type": "Feature", "geometry": {"type": "Point", "coordinates": [72.0, 8.0]}, "properties": {"risk_score": 0.2, "risk_category": "safe", "sst": 29.38, "current_speed": 0.235, "factors": ["elevated_sst"], "color": "#00C853"}}, {"type": "Feature", "geometry": {"type": "Point", "coordinates": [70.0, 11.0]}, "properties": {"risk_score": 0.2, "risk_category": "safe", "sst": 29.31, "current_speed": 0.218, "factors": ["elevated_sst"], "color": "#00C853"}}, {"type": "Feature", "geometry": {"type": "Point", "coordinates": [94.0, 16.0]}, "properties": {"risk_score": 0.2, "risk_category": "safe", "sst": 29.15, "current_speed": 0.249, "factors": ["elevated_sst"], "color": "#00C853"}}, {"type": "Feature", "geometry": {"type": "Point", "coordinates": [54.0, 15.0]}, "properties": {"risk_score": 0.2, "risk_category": "safe", "sst": 29.19, "current_speed": 0.192, "factors": ["elevated_sst"], "color": "#00C853"}}, {"type": "Feature", "geometry": {"type": "Point", "coordinates": [74.0, 11.0]}, "properties": {"risk_score": 0.2, "risk_category": "safe", "sst": 29.31, "current_speed": 0.235, "factors": ["elevated_sst"], "color": "#00C853"}}, {"type": "Feature", "geometry": {"type": "Point", "coordinates": [60.0, 1.0]}, "properties": {"risk_score": 0.2, "risk_category": "safe", "sst": 29.46, "current_speed": 0.188, "factors": ["elevated_sst"], "color": "#00C853"}}, {"type": "Feature", "geometry": {"type": "Point", "coordinates": [58.0, 9.0]}, "properties": {"risk_score": 0.2, "risk_category": "safe", "sst": 29.36, "current_speed": 0.168, "factors": ["elevated_sst"], "color": "#00C853"}}, {"type": "Feature", "geometry": {"type": "Point", "coordinates": [73.0, 23.0]}, "properties": {"risk_score": 0.0, "risk_category": "safe", "sst": 28.85, "current_speed": 0.188, "factors": [], "color": "#00C853"}}, {"type": "Feature", "geometry": {"type": "Point", "coordinates": [85.0, 21.0]}, "properties": {"risk_score": 0.0, "risk_category": "safe", "sst": 28.94, "current_speed": 0.221, "factors": [], "color": "#00C853"}}, {"type": "Feature", "geometry": {"type": "Point", "coordinates": [88.0, -2.0]}, "properties": {"risk_score": 0.2, "risk_category": "safe", "sst": 29.45, "current_speed": 0.35, "factors": ["elevated_sst"], "color": "#00C853"}}, {"type": "Feature", "geometry": {"type": "Point", "coordinates": [57.0, -4.0]}, "properties": {"risk_score": 0.2, "risk_category": "safe", "sst": 29.44, "current_speed": 0.203, "factors": ["elevated_sst"], "color": "#00C853"}}, {"type": "Feature", "geometry": {"type": "Point", "coordinates": [84.0, 5.0]}, "properties": {"risk_score": 0.2, "risk_category": "safe", "sst": 29.43, "current_speed": 0.294, "factors": ["elevated_sst"], "color": "#00C853"}}, {"type": "Feature", "geometry": {"type": "Point", "coordinates": [98.0, -5.0]}, "properties": {"risk_score": 0.4, "risk_category": "caution", "sst": 29.43, "current_speed": 0.364, "factors": ["elevated_sst", "cyclone_in_region"], "color": "#FFD600"}}, {"type": "Feature", "geometry": {"type": "Point", "coordinates": [94.0, 6.0]}, "properties": {"risk_score": 0.2, "risk_category": "safe", "sst": 29.41, "current_speed": 0.292, "factors": ["elevated_sst"], "color": "#00C853"}}, {"type": "Feature", "geometry": {"type": "Point", "coordinates": [80.0, 10.0]}, "properties": {"risk_score": 0.2, "risk_category": "safe", "sst": 29.34, "current_speed": 0.26, "factors": ["elevated_sst"], "color": "#00C853"}}, {"type": "Feature", "geometry": {"type": "Point", "coordinates": [80.0, 23.0]}, "properties": {"risk_score": 0.0, "risk_category": "safe", "sst": 28.85, "current_speed": 0.2, "factors": [], "color": "#00C853"}}, {"type": "Feature", "geometry": {"type": "Point", "coordinates": [70.0, 23.0]}, "properties": {"risk_score": 0.0, "risk_category": "safe", "sst": 28.85, "current_speed": 0.183, "factors": [], "color": "#00C853"}}, {"type": "Feature", "geometry": {"type": "Point", "coordinates": [69.0, 20.0]}, "properties": {"risk_score": 0.0, "risk_category": "safe", "sst": 28.99, "current_speed": 0.197, "factors": [], "color": "#00C853"}}, {"type": "Feature", "geometry": {"type": "Point", "coordinates": [67.0, -8.0]}, "properties": {"risk_score": 0.2, "risk_category": "safe", "sst": 29.38, "current_speed": 0.314, "factors": ["elevated_sst"], "color": "#00C853"}}, {"type": "Feature", "geometry": {"type": "Point", "coordinates": [97.0, 25.0]}, "properties": {"risk_score": 0.0, "risk_category": "safe", "sst": 28.74, "current_speed": 0.187, "factors": [], "color": "#00C853"}}, {"type": "Feature", "geometry": {"type": "Point", "coordinates": [56.0, 21.0]}, "properties": {"risk_score": 0.0, "risk_category": "safe", "sst": 28.94, "current_speed": 0.2, "factors": [], "color": "#00C853"}}, {"type": "Feature", "geometry": {"type": "Point", "coordinates": [53.0, 20.0]}, "properties": {"risk_score": 0.0, "risk_category": "safe", "sst": 28.99, "current_speed": 0.21, "factors": [], "color": "#00C853"}}, {"type": "Feature", "geometry": {"type": "Point", "coordinates": [84.0, 24.0]}, "properties": {"risk_score": 0.0, "risk_category": "safe", "sst": 28.8, "current_speed": 0.197, "factors": [], "color": "#00C853"}}, {"type": "Feature", "geometry": {"type": "Point", "coordinates": [70.0, -8.0]}, "properties": {"risk_score": 0.2, "risk_category": "safe", "sst": 29.38, "current_speed": 0.333, "factors": ["elevated_sst"], "color": "#00C853"}}, {"type": "Feature", "geometry": {"type": "Point", "coordinates": [74.0, -4.0]}, "properties": {"risk_score": 0.2, "risk_category": "safe", "sst": 29.44, "current_speed": 0.322, "factors": ["elevated_sst"], "color": "#00C853"}}, {"type": "Feature", "geometry": {"type": "Point", "coordinates": [70.0, -6.0]}, "properties": {"risk_score": 0.2, "risk_category": "safe", "sst": 29.41, "current_speed": 0.316, "factors": ["elevated_sst"], "color": "#00C853"}}, {"type": "Feature", "geometry": {"type": "Point", "coordinates": [90.0, 1.0]}, "properties": {"risk_score": 0.2, "risk_category": "safe", "sst": 29.46, "current_speed": 0.327, "factors": ["elevated_sst"], "color": "#00C853"}}, {"type": "Feature", "geometry": {"type": "Point", "coordinates": [71.0, 0.0]}, "properties": {"risk_score": 0.2, "risk_category": "safe", "sst": 29.46, "current_speed": 0.272, "factors": ["elevated_sst"], "color": "#00C853"}}, {"type": "Feature", "geometry": {"type": "Point", "coordinates": [97.0, 16.0]}, "properties": {"risk_score": 0.2, "risk_category": "safe", "sst": 29.15, "current_speed": 0.245, "factors": ["elevated_sst"], "color": "#00C853"}}, {"type": "Feature", "geometry": {"type": "Point", "coordinates": [65.0, 6.0]}, "properties": {"risk_score": 0.2, "risk_category": "safe", "sst": 29.41, "current_speed": 0.202, "factors": ["elevated_sst"], "color": "#00C853"}}, {"type": "Feature", "geometry": {"type": "Point", "coordinates": [55.0, 16.0]}, "properties": {"risk_score": 0.2, "risk_category": "safe", "sst": 29.15, "current_speed": 0.195, "factors": ["elevated_sst"], "color": "#00C853"}}, {"type": "Feature", "geometry": {"type": "Point", "coordinates": [76.0, 14.0]}, "properties": {"risk_score": 0.2, "risk_category": "safe", "sst": 29.22, "current_speed": 0.235, "factors": ["elevated_sst"], "color": "#00C853"}}, {"type": "Feature", "geometry": {"type": "Point", "coordinates": [97.0, 10.0]}, "properties": {"risk_score": 0.2, "risk_category": "safe", "sst": 29.34, "current_speed": 0.268, "factors": ["elevated_sst"], "color": "#00C853"}}, {"type": "Feature", "geometry": {"type": "Point", "coordinates": [72.0, 23.0]}, "properties": {"risk_score": 0.0, "risk_category": "safe", "sst": 28.85, "current_speed": 0.186, "factors": [], "color": "#00C853"}}, {"type": "Feature", "geometry": {"type": "Point", "coordinates": [55.0, 22.0]}, "properties": {"risk_score": 0.0, "risk_category": "safe", "sst": 28.9, "current_speed": 0.202, "factors": [], "color": "#00C853"}}, {"type": "Feature", "geometry": {"type": "Point", "coordinates": [53.0, 10.0]}, "properties": {"risk_score": 0.2, "risk_category": "safe", "sst": 29.34, "current_speed": 0.164, "factors": ["elevated_sst"], "color": "#00C853"}}, {"type": "Feature", "geometry": {"type": "Point", "coordinates": [65.0, -7.0]}, "properties": {"risk_score": 0.2, "risk_category": "safe", "sst": 29.4, "current_speed": 0.291, "factors": ["elevated_sst"], "color": "#00C853"}}, {"type": "Feature", "geometry": {"type": "Point", "coordinates": [61.0, -8.0]}, "properties": {"risk_score": 0.2, "risk_category": "safe", "sst": 29.38, "current_speed": 0.271, "factors": ["elevated_sst"], "color": "#00C853"}}, {"type": "Feature", "geometry": {"type": "Point", "coordinates": [82.0, 23.0]}, "properties": {"risk_score": 0.0, "risk_category": "safe", "sst": 28.85, "current_speed": 0.203, "factors": [], "color": "#00C853"}}, {"type": "Feature", "geometry": {"type": "Point", "coordinates": [59.0, -9.0]}, "properties": {"risk_score": 0.2, "risk_category": "safe", "sst": 29.36, "current_speed": 0.266, "factors": ["elevated_sst"], "color": "#00C853"}}, {"type": "Feature", "geometry": {"type": "Point", "coordinates": [97.0, 15.0]}, "properties": {"risk_score": 0.2, "risk_category": "safe", "sst": 29.19, "current_speed": 0.249, "factors": ["elevated_sst"], "color": "#00C853"}}, {"type": "Feature", "geometry": {"type": "Point", "coordinates": [69.0, 17.0]}, "properties": {"risk_score": 0.2, "risk_category": "safe", "sst": 29.12, "current_speed": 0.206, "factors": ["elevated_sst"], "color": "#00C853"}}, {"type": "Feature", "geometry": {"type": "Point", "coordinates": [96.0, 19.0]}, "properties": {"risk_score": 0.2, "risk_category": "safe", "sst": 29.03, "current_speed": 0.232, "factors": ["elevated_sst"], "color": "#00C853"}}, {"type": "Feature", "geometry": {"type": "Point", "coordinates": [90.0, -5.0]}, "properties": {"risk_score": 0.4, "risk_category": "caution", "sst": 29.43, "current_speed": 0.376, "factors": ["elevated_sst", "cyclone_in_region"], "color": "#FFD600"}}, {"type": "Feature", "geometry": {"type": "Point", "coordinates": [74.0, 19.0]}, "properties": {"risk_score": 0.2, "risk_category": "safe", "sst": 29.03, "current_speed": 0.212, "factors": ["elevated_sst"], "color": "#00C853"}}, {"type": "Feature", "geometry": {"type": "Point", "coordinates": [56.0, 5.0]}, "properties": {"risk_score": 0.2, "risk_category": "safe", "sst": 29.43, "current_speed": 0.151, "factors": ["elevated_sst"], "color": "#00C853"}}, {"type": "Feature", "geometry": {"type": "Point", "coordinates": [59.0, 15.0]}, "properties": {"risk_score": 0.2, "risk_category": "safe", "sst": 29.19, "current_speed": 0.189, "factors": ["elevated_sst"], "color": "#00C853"}}, {"type": "Feature", "geometry": {"type": "Point", "coordinates": [55.0, 12.0]}, "properties": {"risk_score": 0.2, "risk_category": "safe", "sst": 29.29, "current_speed": 0.176, "factors": ["elevated_sst"], "color": "#00C853"}}, {"type": "Feature", "geometry": {"type": "Point", "coordinates": [64.0, 23.0]}, "properties": {"risk_score": 0.0, "risk_category": "safe", "sst": 28.85, "current_speed": 0.181, "factors": [], "color": "#00C853"}}, {"type": "Feature", "geometry": {"type": "Point", "coordinates": [66.0, 13.0]}, "properties": {"risk_score": 0.2, "risk_category": "safe", "sst": 29.26, "current_speed": 0.201, "factors": ["elevated_sst"], "color": "#00C853"}}, {"type": "Feature", "geometry": {"type": "Point", "coordinates": [69.0, 9.0]}, "properties": {"risk_score": 0.2, "risk_category": "safe", "sst": 29.36, "current_speed": 0.217, "factors": ["elevated_sst"], "color": "#00C853"}}, {"type": "Feature", "geometry": {"type": "Point", "coordinates": [62.0, -1.0]}, "properties": {"risk_score": 0.2, "risk_category": "safe", "sst": 29.46, "current_speed": 0.217, "factors": ["elevated_sst"], "color": "#00C853"}}, {"type": "Feature", "geometry": {"type": "Point", "coordinates": [99.0, -8.0]}, "properties": {"risk_score": 0.7, "risk_category": "danger", "sst": 29.38, "current_speed": 0.385, "factors": ["elevated_sst", "active_cyclone_nearby"], "color": "#D50000"}}, {"type": "Feature", "geometry": {"type": "Point", "coordinates": [94.0, -8.0]}, "properties": {"risk_score": 0.7, "risk_category": "danger", "sst": 29.38, "current_speed": 0.397, "factors": ["elevated_sst", "active_cyclone_nearby"], "color": "#D50000"}}, {"type": "Feature", "geometry": {"type": "Point", "coordinates": [66.0, -1.0]}, "properties": {"risk_score": 0.2, "risk_category": "safe", "sst": 29.46, "current_speed": 0.246, "factors": ["elevated_sst"], "color": "#00C853"}}, {"type": "Feature", "geometry": {"type": "Point", "coordinates": [100.0, -1.0]}, "properties": {"risk_score": 0.2, "risk_category": "safe", "sst": 29.46, "current_speed": 0.324, "factors": ["elevated_sst"], "color": "#00C853"}}, {"type": "Feature", "geometry": {"type": "Point", "coordinates": [57.0, 0.0]}, "properties": {"risk_score": 0.2, "risk_category": "safe", "sst": 29.46, "current_speed": 0.172, "factors": ["elevated_sst"], "color": "#00C853"}}, {"type": "Feature", "geometry": {"type": "Point", "coordinates": [98.0, 23.0]}, "properties": {"risk_score": 0.0, "risk_category": "safe", "sst": 28.85, "current_speed": 0.203, "factors": [], "color": "#00C853"}}, {"type": "Feature", "geometry": {"type": "Point", "coordinates": [90.0, -4.0]}, "properties": {"risk_score": 0.4, "risk_category": "caution", "sst": 29.44, "current_speed": 0.367, "factors": ["elevated_sst", "cyclone_in_region"], "color": "#FFD600"}}, {"type": "Feature", "geometry": {"type": "Point", "coordinates": [86.0, 11.0]}, "properties": {"risk_score": 0.2, "risk_category": "safe", "sst": 29.31, "current_speed": 0.269, "factors": ["elevated_sst"], "color": "#00C853"}}, {"type": "Feature", "geometry": {"type": "Point", "coordinates": [98.0, 11.0]}, "properties": {"risk_score": 0.2, "risk_category": "safe", "sst": 29.31, "current_speed": 0.262, "factors": ["elevated_sst"], "color": "#00C853"}}, {"type": "Feature", "geometry": {"type": "Point", "coordinates": [59.0, 3.0]}, "properties": {"risk_score": 0.2, "risk_category": "safe", "sst": 29.45, "current_speed": 0.172, "factors": ["elevated_sst"], "color": "#00C853"}}, {"type": "Feature", "geometry": {"type": "Point", "coordinates": [81.0, 10.0]}, "properties": {"risk_score": 0.2, "risk_category": "safe", "sst": 29.34, "current_speed": 0.263, "factors": ["elevated_sst"], "color": "#00C853"}}, {"type": "Feature", "geometry": {"type": "Point", "coordinates": [98.0, 21.0]}, "properties": {"risk_score": 0.0, "risk_category": "safe", "sst": 28.94, "current_speed": 0.217, "factors": [], "color": "#00C853"}}, {"type": "Feature", "geometry": {"type": "Point", "coordinates": [55.0, -3.0]}, "properties": {"risk_score": 0.2, "risk_category": "safe", "sst": 29.45, "current_speed": 0.179, "factors": ["elevated_sst"], "color": "#00C853"}}, {"type": "Feature", "geometry": {"type": "Point", "coordinates": [90.0, 24.0]}, "properties": {"risk_score": 0.0, "risk_category": "safe", "sst": 28.8, "current_speed": 0.201, "factors": [], "color": "#00C853"}}, {"type": "Feature", "geometry": {"type": "Point", "coordinates": [89.0, 25.0]}, "properties": {"risk_score": 0.0, "risk_category": "safe", "sst": 28.74, "current_speed": 0.192, "factors": [], "color": "#00C853"}}, {"type": "Feature", "geometry": {"type": "Point", "coordinates": [92.0, -4.0]}, "properties": {"risk_score": 0.4, "risk_category": "caution", "sst": 29.44, "current_speed": 0.366, "factors": ["elevated_sst", "cyclone_in_region"], "color": "#FFD600"}}, {"type": "Feature", "geometry": {"type": "Point", "coordinates": [77.0, -6.0]}, "properties": {"risk_score": 0.2, "risk_category": "safe", "sst": 29.41, "current_speed": 0.354, "factors": ["elevated_sst"], "color": "#00C853"}}, {"type": "Feature", "geometry": {"type": "Point", "coordinates": [59.0, -10.0]}, "properties": {"risk_score": 0.2, "risk_category": "safe", "sst": 29.34, "current_speed": 0.275, "factors": ["elevated_sst"], "color": "#00C853"}}, {"type": "Feature", "geometry": {"type": "Point", "coordinates": [88.0, -3.0]}, "properties": {"risk_score": 0.4, "risk_category": "caution", "sst": 29.45, "current_speed": 0.358, "factors": ["elevated_sst", "cyclone_in_region"], "color": "#FFD600"}}, {"type": "Feature", "geometry": {"type": "Point", "coordinates": [57.0, 1.0]}, "properties": {"risk_score": 0.2, "risk_category": "safe", "sst": 29.46, "current_speed": 0.166, "factors": ["elevated_sst"], "color": "#00C853"}}, {"type": "Feature", "geometry": {"type": "Point", "coordinates": [65.0, -6.0]}, "properties": {"risk_score": 0.2, "risk_category": "safe", "sst": 29.41, "current_speed": 0.282, "factors": ["elevated_sst"], "color": "#00C853"}}, {"type": "Feature", "geometry": {"type": "Point", "coordinates": [78.0, 7.0]}, "properties": {"risk_score": 0.2, "risk_category": "safe", "sst": 29.4, "current_speed": 0.265, "factors": ["elevated_sst"], "color": "#00C853"}}, {"type": "Feature", "geometry": {"type": "Point", "coordinates": [96.0, 20.0]}, "properties": {"risk_score": 0.0, "risk_category": "safe", "sst": 28.99, "current_speed": 0.226, "factors": [], "color": "#00C853"}}, {"type": "Feature", "geometry": {"type": "Point", "coordinates": [83.0, 23.0]}, "properties": {"risk_score": 0.0, "risk_category": "safe", "sst": 28.85, "current_speed": 0.204, "factors": [], "color": "#00C853"}}, {"type": "Feature", "geometry": {"type": "Point", "coordinates": [85.0, 2.0]}, "properties": {"risk_score": 0.2, "risk_category": "safe", "sst": 29.45, "current_speed": 0.315, "factors": ["elevated_sst"], "color": "#00C853"}}, {"type": "Feature", "geometry": {"type": "Point", "coordinates": [64.0, 14.0]}, "properties": {"risk_score": 0.2, "risk_category": "safe", "sst": 29.22, "current_speed": 0.195, "factors": ["elevated_sst"], "color": "#00C853"}}, {"type": "Feature", "geometry": {"type": "Point", "coordinates": [67.0, 5.0]}, "properties": {"risk_score": 0.2, "risk_category": "safe", "sst": 29.43, "current_speed": 0.217, "factors": ["elevated_sst"], "color": "#00C853"}}, {"type": "Feature", "geometry": {"type": "Point", "coordinates": [58.0, -2.0]}, "properties": {"risk_score": 0.2, "risk_category": "safe", "sst": 29.45, "current_speed": 0.194, "factors": ["elevated_sst"], "color": "#00C853"}}, {"type": "Feature", "geometry": {"type": "Point", "coordinates": [52.0, 3.0]}, "properties": {"risk_score": 0.2, "risk_category": "safe", "sst": 29.45, "current_speed": 0.13, "factors": ["elevated_sst"], "color": "#00C853"}}, {"type": "Feature", "geometry": {"type": "Point", "coordinates": [53.0, 22.0]}, "properties": {"risk_score": 0.0, "risk_category": "safe", "sst": 28.9, "current_speed": 0.21, "factors": [], "color": "#00C853"}}, {"type": "Feature", "geometry": {"type": "Point", "coordinates": [58.0, -6.0]}, "properties": {"risk_score": 0.2, "risk_category": "safe", "sst": 29.41, "current_speed": 0.23, "factors": ["elevated_sst"], "color": "#00C853"}}, {"type": "Feature", "geometry": {"type": "Point", "coordinates": [92.0, 3.0]}, "properties": {"risk_score": 0.2, "risk_category": "safe", "sst": 29.45, "current_speed": 0.312, "factors": ["elevated_sst"], "color": "#00C853"}}, {"type": "Feature", "geometry": {"type": "Point", "coordinates": [97.0, 20.0]}, "properties": {"risk_score": 0.0, "risk_category": "safe", "sst": 28.99, "current_speed": 0.225, "factors": [], "color": "#00C853"}}, {"type": "Feature", "geometry": {"type": "Point", "coordinates": [86.0, 16.0]}, "properties": {"risk_score": 0.2, "risk_category": "safe", "sst": 29.15, "current_speed": 0.249, "factors": ["elevated_sst"], "color": "#00C853"}}, {"type": "Feature", "geometry": {"type": "Point", "coordinates": [67.0, 18.0]}, "properties": {"risk_score": 0.2, "risk_category": "safe", "sst": 29.08, "current_speed": 0.199, "factors": ["elevated_sst"], "color": "#00C853"}}, {"type": "Feature", "geometry": {"type": "Point", "coordinates": [84.0, 8.0]}, "properties": {"risk_score": 0.2, "risk_category": "safe", "sst": 29.38, "current_speed": 0.278, "factors": ["elevated_sst"], "color": "#00C853"}}, {"type": "Feature", "geometry": {"type": "Point", "coordinates": [61.0, 4.0]}, "properties": {"risk_score": 0.2, "risk_category": "safe", "sst": 29.44, "current_speed": 0.182, "factors": ["elevated_sst"], "color": "#00C853"}}, {"type": "Feature", "geometry": {"type": "Point", "coordinates": [72.0, 1.0]}, "properties": {"risk_score": 0.2, "risk_category": "safe", "sst": 29.46, "current_speed": 0.27, "factors": ["elevated_sst"], "color": "#00C853"}}, {"type": "Feature", "geometry": {"type": "Point", "coordinates": [69.0, -8.0]}, "properties": {"risk_score": 0.2, "risk_category": "safe", "sst": 29.38, "current_speed": 0.327, "factors": ["elevated_sst"], "color": "#00C853"}}, {"type": "Feature", "geometry": {"type": "Point", "coordinates": [84.0, 11.0]}, "properties": {"risk_score": 0.2, "risk_category": "safe", "sst": 29.31, "current_speed": 0.266, "factors": ["elevated_sst"], "color": "#00C853"}}, {"type": "Feature", "geometry": {"type": "Point", "coordinates": [92.0, 7.0]}, "properties": {"risk_score": 0.2, "risk_category": "safe", "sst": 29.4, "current_speed": 0.288, "factors": ["elevated_sst"], "color": "#00C853"}}, {"type": "Feature", "geometry": {"type": "Point", "coordinates": [65.0, 5.0]}, "properties": {"risk_score": 0.2, "risk_category": "safe", "sst": 29.43, "current_speed": 0.205, "factors": ["elevated_sst"], "color": "#00C853"}}, {"type": "Feature", "geometry": {"type": "Point", "coordinates": [96.0, -5.0]}, "properties": {"risk_score": 0.4, "risk_category": "caution", "sst": 29.43, "current_speed": 0.369, "factors": ["elevated_sst", "cyclone_in_region"], "color": "#FFD600"}}, {"type": "Feature", "geometry": {"type": "Point", "coordinates": [78.0, 14.0]}, "properties": {"risk_score": 0.2, "risk_category": "safe", "sst": 29.22, "current_speed": 0.241, "factors": ["elevated_sst"], "color": "#00C853"}}, {"type": "Feature", "geometry": {"type": "Point", "coordinates": [66.0, 23.0]}, "properties": {"risk_score": 0.0, "risk_category": "safe", "sst": 28.85, "current_speed": 0.18, "factors": [], "color": "#00C853"}}, {"type": "Feature", "geometry": {"type": "Point", "coordinates": [55.0, 2.0]}, "properties": {"risk_score": 0.2, "risk_category": "safe", "sst": 29.45, "current_speed": 0.148, "factors": ["elevated_sst"], "color": "#00C853"}}, {"type": "Feature", "geometry": {"type": "Point", "coordinates": [90.0, 0.0]}, "properties": {"risk_score": 0.2, "risk_category": "safe", "sst": 29.46, "current_speed": 0.334, "factors": ["elevated_sst"], "color": "#00C853"}}, {"type": "Feature", "geometry": {"type": "Point", "coordinates": [66.0, 9.0]}, "properties": {"risk_score": 0.2, "risk_category": "safe", "sst": 29.36, "current_speed": 0.202, "factors": ["elevated_sst"], "color": "#00C853"}}, {"type": "Feature", "geometry": {"type": "Point", "coordinates": [55.0, -9.0]}, "properties": {"risk_score": 0.2, "risk_category": "safe", "sst": 29.36, "current_speed": 0.236, "factors": ["elevated_sst"], "color": "#00C853"}}, {"type": "Feature", "geometry": {"type": "Point", "coordinates": [67.0, -4.0]}, "properties": {"risk_score": 0.2, "risk_category": "safe", "sst": 29.44, "current_speed": 0.278, "factors": ["elevated_sst"], "color": "#00C853"}}, {"type": "Feature", "geometry": {"type": "Point", "coordinates": [96.0, 15.0]}, "properties": {"risk_score": 0.2, "risk_category": "safe", "sst": 29.19, "current_speed": 0.251, "factors": ["elevated_sst"], "color": "#00C853"}}, {"type": "Feature", "geometry": {"type": "Point", "coordinates": [77.0, 11.0]}, "properties": {"risk_score": 0.2, "risk_category": "safe", "sst": 29.31, "current_speed": 0.247, "factors": ["elevated_sst"], "color": "#00C853"}}, {"type": "Feature", "geometry": {"type": "Point", "coordinates": [72.0, -9.0]}, "properties": {"risk_score": 0.2, "risk_category": "safe", "sst": 29.36, "current_speed": 0.353, "factors": ["elevated_sst"], "color": "#00C853"}}, {"type": "Feature", "geometry": {"type": "Point", "coordinates": [73.0, 4.0]}, "properties": {"risk_score": 0.2, "risk_category": "safe", "sst": 29.44, "current_speed": 0.257, "factors": ["elevated_sst"], "color": "#00C853"}}, {"type": "Feature", "geometry": {"type": "Point", "coordinates": [99.0, 0.0]}, "properties": {"risk_score": 0.2, "risk_category": "safe", "sst": 29.46, "current_speed": 0.32, "factors": ["elevated_sst"], "color": "#00C853"}}, {"type": "Feature", "geometry": {"type": "Point", "coordinates": [89.0, -1.0]}, "properties": {"risk_score": 0.2, "risk_category": "safe", "sst": 29.46, "current_speed": 0.342, "factors": ["elevated_sst"], "color": "#00C853"}}, {"type": "Feature", "geometry": {"type": "Point", "coordinates": [85.0, -5.0]}, "properties": {"risk_score": 0.4, "risk_category": "caution", "sst": 29.43, "current_speed": 0.371, "factors": ["elevated_sst", "cyclone_in_region"], "color": "#FFD600"}}, {"type": "Feature", "geometry": {"type": "Point", "coordinates": [66.0, 22.0]}, "properties": {"risk_score": 0.0, "risk_category": "safe", "sst": 28.9, "current_speed": 0.185, "factors": [], "color": "#00C853"}}, {"type": "Feature", "geometry": {"type": "Point", "coordinates": [97.0, -4.0]}, "properties": {"risk_score": 0.4, "risk_category": "caution", "sst": 29.44, "current_speed": 0.358, "factors": ["elevated_sst", "cyclone_in_region"], "color": "#FFD600"}}, {"type": "Feature", "geometry": {"type": "Point", "coordinates": [71.0, -3.0]}, "properties": {"risk_score": 0.2, "risk_category": "safe", "sst": 29.45, "current_speed": 0.296, "factors": ["elevated_sst"], "color": "#00C853"}}, {"type": "Feature", "geometry": {"type": "Point", "coordinates": [56.0, 8.0]}, "properties": {"risk_score": 0.2, "risk_category": "safe", "sst": 29.38, "current_speed": 0.159, "factors": ["elevated_sst"], "color": "#00C853"}}, {"type": "Feature", "geometry": {"type": "Point", "coordinates": [95.0, 9.0]}, "properties": {"risk_score": 0.2, "risk_category": "safe", "sst": 29.36, "current_speed": 0.276, "factors": ["elevated_sst"], "color": "#00C853"}}, {"type": "Feature", "geometry": {"type": "Point", "coordinates": [82.0, 17.0]}, "properties": {"risk_score": 0.2, "risk_category": "safe", "sst": 29.12, "current_speed": 0.239, "factors": ["elevated_sst"], "color": "#00C853"}}, {"type": "Feature", "geometry": {"type": "Point", "coordinates": [78.0, 25.0]}, "properties": {"risk_score": 0.0, "risk_category": "safe", "sst": 28.74, "current_speed": 0.18, "factors": [], "color": "#00C853"}}, {"type": "Feature", "geometry": {"type": "Point", "coordinates": [61.0, 24.0]}, "properties": {"risk_score": 0.0, "risk_category": "safe", "sst": 28.8, "current_speed": 0.18, "factors": [], "color": "#00C853"}}, {"type": "Feature", "geometry": {"type": "Point", "coordinates": [75.0, 0.0]}, "properties": {"risk_score": 0.2, "risk_category": "safe", "sst": 29.46, "current_speed": 0.294, "factors": ["elevated_sst"], "color": "#00C853"}}, {"type": "Feature", "geometry": {"type": "Point", "coordinates": [61.0, 5.0]}, "properties": {"risk_score": 0.2, "risk_category": "safe", "sst": 29.43, "current_speed": 0.18, "factors": ["elevated_sst"], "color": "#00C853"}}, {"type": "Feature", "geometry": {"type": "Point", "coordinates": [94.0, 18.0]}, "properties": {"risk_score": 0.2, "risk_category": "safe", "sst": 29.08, "current_speed": 0.24, "factors": ["elevated_sst"], "color": "#00C853"}}, {"type": "Feature", "geometry": {"type": "Point", "coordinates": [88.0, -7.0]}, "properties": {"risk_score": 0.7, "risk_category": "danger", "sst": 29.4, "current_speed": 0.391, "factors": ["elevated_sst", "active_cyclone_nearby"], "color": "#D50000"}}, {"type": "Feature", "geometry": {"type": "Point", "coordinates": [60.0, 9.0]}, "properties": {"risk_score": 0.2, "risk_category": "safe", "sst": 29.36, "current_speed": 0.175, "factors": ["elevated_sst"], "color": "#00C853"}}, {"type": "Feature", "geometry": {"type": "Point", "coordinates": [65.0, 24.0]}, "properties": {"risk_score": 0.0, "risk_category": "safe", "sst": 28.8, "current_speed": 0.175, "factors": [], "color": "#00C853"}}, {"type": "Feature", "geometry": {"type": "Point", "coordinates": [78.0, 15.0]}, "properties": {"risk_score": 0.2, "risk_category": "safe", "sst": 29.19, "current_speed": 0.237, "factors": ["elevated_sst"], "color": "#00C853"}}, {"type": "Feature", "geometry": {"type": "Point", "coordinates": [75.0, 10.0]}, "properties": {"risk_score": 0.2, "risk_category": "safe", "sst": 29.34, "current_speed": 0.242, "factors": ["elevated_sst"], "color": "#00C853"}}, {"type": "Feature", "geometry": {"type": "Point", "coordinates": [87.0, 23.0]}, "properties": {"risk_score": 0.0, "risk_category": "safe", "sst": 28.85, "current_speed": 0.208, "factors": [], "color": "#00C853"}}, {"type": "Feature", "geometry": {"type": "Point", "coordinates": [50.0, 15.0]}, "properties": {"risk_score": 0.2, "risk_category": "safe", "sst": 29.19, "current_speed": 0.201, "factors": ["elevated_sst"], "color": "#00C853"}}, {"type": "Feature", "geometry": {"type": "Point", "coordinates": [75.0, 15.0]}, "properties": {"risk_score": 0.2, "risk_category": "safe", "sst": 29.19, "current_speed": 0.229, "factors": ["elevated_sst"], "color": "#00C853"}}, {"type": "Feature", "geometry": {"type": "Point", "coordinates": [83.0, 2.0]}, "properties": {"risk_score": 0.2, "risk_category": "safe", "sst": 29.45, "current_speed": 0.311, "factors": ["elevated_sst"], "color": "#00C853"}}, {"type": "Feature", "geometry": {"type": "Point", "coordinates": [100.0, -7.0]}, "properties": {"risk_score": 0.4, "risk_category": "caution", "sst": 29.4, "current_speed": 0.374, "factors": ["elevated_sst", "cyclone_in_region"], "color": "#FFD600"}}, {"type": "Feature", "geometry": {"type": "Point", "coordinates": [78.0, -6.0]}, "properties": {"risk_score": 0.4, "risk_category": "caution", "sst": 29.41, "current_speed": 0.358, "factors": ["elevated_sst", "cyclone_in_region"], "color": "#FFD600"}}, {"type": "Feature", "geometry": {"type": "Point", "coordinates": [87.0, -10.0]}, "properties": {"risk_score": 0.7, "risk_category": "danger", "sst": 29.34, "current_speed": 0.413, "factors": ["elevated_sst", "active_cyclone_nearby"], "color": "#D50000"}}, {"type": "Feature", "geometry": {"type": "Point", "coordinates": [94.0, -9.0]}, "properties": {"risk_score": 0.7, "risk_category": "danger", "sst": 29.36, "current_speed": 0.404, "factors": ["elevated_sst", "active_cyclone_nearby"], "color": "#D50000"}}, {"type": "Feature", "geometry": {"type": "Point", "coordinates": [55.0, 13.0]}, "properties": {"risk_score": 0.2, "risk_category": "safe", "sst": 29.26, "current_speed": 0.181, "factors": ["elevated_sst"], "color": "#00C853"}}, {"type": "Feature", "geometry": {"type": "Point", "coordinates": [81.0, 5.0]}, "properties": {"risk_score": 0.2, "risk_category": "safe", "sst": 29.43, "current_speed": 0.286, "factors": ["elevated_sst"], "color": "#00C853"}}, {"type": "Feature", "geometry": {"type": "Point", "coordinates": [76.0, 15.0]}, "properties": {"risk_score": 0.2, "risk_category": "safe", "sst": 29.19, "current_speed": 0.232, "factors": ["elevated_sst"], "color": "#00C853"}}, {"type": "Feature", "geometry": {"type": "Point", "coordinates": [72.0, 10.0]}, "properties": {"risk_score": 0.2, "risk_category": "safe", "sst": 29.34, "current_speed": 0.229, "factors": ["elevated_sst"], "color": "#00C853"}}, {"type": "Feature", "geometry": {"type": "Point", "coordinates": [52.0, 22.0]}, "properties": {"risk_score": 0.0, "risk_category": "safe", "sst": 28.9, "current_speed": 0.214, "factors": [], "color": "#00C853"}}, {"type": "Feature", "geometry": {"type": "Point", "coordinates": [71.0, 2.0]}, "properties": {"risk_score": 0.2, "risk_category": "safe", "sst": 29.45, "current_speed": 0.258, "factors": ["elevated_sst"], "color": "#00C853"}}, {"type": "Feature", "geometry": {"type": "Point", "coordinates": [65.0, 17.0]}, "properties": {"risk_score": 0.2, "risk_category": "safe", "sst": 29.12, "current_speed": 0.197, "factors": ["elevated_sst"], "color": "#00C853"}}, {"type": "Feature", "geometry": {"type": "Point", "coordinates": [68.0, -7.0]}, "properties": {"risk_score": 0.2, "risk_category": "safe", "sst": 29.4, "current_speed": 0.312, "factors": ["elevated_sst"], "color": "#00C853"}}, {"type": "Feature", "geometry": {"type": "Point", "coordinates": [50.0, 16.0]}, "properties": {"risk_score": 0.2, "risk_category": "safe", "sst": 29.15, "current_speed": 0.207, "factors": ["elevated_sst"], "color": "#00C853"}}, {"type": "Feature", "geometry": {"type": "Point", "coordinates": [80.0, 22.0]}, "properties": {"risk_score": 0.0, "risk_category": "safe", "sst": 28.9, "current_speed": 0.207, "factors": [], "color": "#00C853"}}, {"type": "Feature", "geometry": {"type": "Point", "coordinates": [96.0, 22.0]}, "properties": {"risk_score": 0.0, "risk_category": "safe", "sst": 28.9, "current_speed": 0.213, "factors": [], "color": "#00C853"}}, {"type": "Feature", "geometry": {"type": "Point", "coordinates": [82.0, 4.0]}, "properties": {"risk_score": 0.2, "risk_category": "safe", "sst": 29.44, "current_speed": 0.295, "factors": ["elevated_sst"], "color": "#00C853"}}, {"type": "Feature", "geometry": {"type": "Point", "coordinates": [64.0, 21.0]}, "properties": {"risk_score": 0.0, "risk_category": "safe", "sst": 28.94, "current_speed": 0.189, "factors": [], "color": "#00C853"}}, {"type": "Feature", "geometry": {"type": "Point", "coordinates": [98.0, -10.0]}, "properties": {"risk_score": 0.7, "risk_category": "danger", "sst": 29.34, "current_speed": 0.403, "factors": ["elevated_sst", "active_cyclone_nearby"], "color": "#D50000"}}, {"type": "Feature", "geometry": {"type": "Point", "coordinates": [61.0, 7.0]}, "properties": {"risk_score": 0.2, "risk_category": "safe", "sst": 29.4, "current_speed": 0.178, "factors": ["elevated_sst"], "color": "#00C853"}}, {"type": "Feature", "geometry": {"type": "Point", "coordinates": [51.0, -10.0]}, "properties": {"risk_score": 0.2, "risk_category": "safe", "sst": 29.34, "current_speed": 0.216, "factors": ["elevated_sst"], "color": "#00C853"}}, {"type": "Feature", "geometry": {"type": "Point", "coordinates": [63.0, 17.0]}, "properties": {"risk_score": 0.2, "risk_category": "safe", "sst": 29.12, "current_speed": 0.195, "factors": ["elevated_sst"], "color": "#00C853"}}, {"type": "Feature", "geometry": {"type": "Point", "coordinates": [68.0, -4.0]}, "properties": {"risk_score": 0.2, "risk_category": "safe", "sst": 29.44, "current_speed": 0.285, "factors": ["elevated_sst"], "color": "#00C853"}}, {"type": "Feature", "geometry": {"type": "Point", "coordinates": [73.0, 24.0]}, "properties": {"risk_score": 0.0, "risk_category": "safe", "sst": 28.8, "current_speed": 0.18, "factors": [], "color": "#00C853"}}, {"type": "Feature", "geometry": {"type": "Point", "coordinates": [99.0, 15.0]}, "properties": {"risk_score": 0.2, "risk_category": "safe", "sst": 29.19, "current_speed": 0.245, "factors": ["elevated_sst"], "color": "#00C853"}}, {"type": "Feature", "geometry": {"type": "Point", "coordinates": [50.0, -2.0]}, "properties": {"risk_score": 0.2, "risk_category": "safe", "sst": 29.45, "current_speed": 0.133, "factors": ["elevated_sst"], "color": "#00C853"}}, {"type": "Feature", "geometry": {"type": "Point", "coordinates": [66.0, 14.0]}, "properties": {"risk_score": 0.2, "risk_category": "safe", "sst": 29.22, "current_speed": 0.201, "factors": ["elevated_sst"], "color": "#00C853"}}, {"type": "Feature", "geometry": {"type": "Point", "coordinates": [64.0, 24.0]}, "properties": {"risk_score": 0.0, "risk_category": "safe", "sst": 28.8, "current_speed": 0.175, "factors": [], "color": "#00C853"}}, {"type": "Feature", "geometry": {"type": "Point", "coordinates": [71.0, 1.0]}, "properties": {"risk_score": 0.2, "risk_category": "safe", "sst": 29.46, "current_speed": 0.264, "factors": ["elevated_sst"], "color": "#00C853"}}, {"type": "Feature", "geometry": {"type": "Point", "coordinates": [86.0, 25.0]}, "properties": {"risk_score": 0.0, "risk_category": "safe", "sst": 28.74, "current_speed": 0.19, "factors": [], "color": "#00C853"}}, {"type": "Feature", "geometry": {"type": "Point", "coordinates": [74.0, 5.0]}, "properties": {"risk_score": 0.2, "risk_category": "safe", "sst": 29.43, "current_speed": 0.257, "factors": ["elevated_sst"], "color": "#00C853"}}, {"type": "Feature", "geometry": {"type": "Point", "coordinates": [71.0, 25.0]}, "properties": {"risk_score": 0.0, "risk_category": "safe", "sst": 28.74, "current_speed": 0.17, "factors": [], "color": "#00C853"}}, {"type": "Feature", "geometry": {"type": "Point", "coordinates": [66.0, 2.0]}, "properties": {"risk_score": 0.2, "risk_category": "safe", "sst": 29.45, "current_speed": 0.225, "factors": ["elevated_sst"], "color": "#00C853"}}, {"type": "Feature", "geometry": {"type": "Point", "coordinates": [77.0, -9.0]}, "properties": {"risk_score": 0.4, "risk_category": "caution", "sst": 29.36, "current_speed": 0.378, "factors": ["elevated_sst", "cyclone_in_region"], "color": "#FFD600"}}, {"type": "Feature", "geometry": {"type": "Point", "coordinates": [50.0, 5.0]}, "properties": {"risk_score": 0.2, "risk_category": "safe", "sst": 29.43, "current_speed": 0.128, "factors": ["elevated_sst"], "color": "#00C853"}}, {"type": "Feature", "geometry": {"type": "Point", "coordinates": [65.0, 3.0]}, "properties": {"risk_score": 0.2, "risk_category": "safe", "sst": 29.45, "current_speed": 0.213, "factors": ["elevated_sst"], "color": "#00C853"}}, {"type": "Feature", "geometry": {"type": "Point", "coordinates": [71.0, 11.0]}, "properties": {"risk_score": 0.2, "risk_category": "safe", "sst": 29.31, "current_speed": 0.223, "factors": ["elevated_sst"], "color": "#00C853"}}, {"type": "Feature", "geometry": {"type": "Point", "coordinates": [67.0, 10.0]}, "properties": {"risk_score": 0.2, "risk_category": "safe", "sst": 29.34, "current_speed": 0.206, "factors": ["elevated_sst"], "color": "#00C853"}}, {"type": "Feature", "geometry": {"type": "Point", "coordinates": [63.0, 14.0]}, "properties": {"risk_score": 0.2, "risk_category": "safe", "sst": 29.22, "current_speed": 0.193, "factors": ["elevated_sst"], "color": "#00C853"}}, {"type": "Feature", "geometry": {"type": "Point", "coordinates": [96.0, 24.0]}, "properties": {"risk_score": 0.0, "risk_category": "safe", "sst": 28.8, "current_speed": 0.197, "factors": [], "color": "#00C853"}}, {"type": "Feature", "geometry": {"type": "Point", "coordinates": [84.0, 4.0]}, "properties": {"risk_score": 0.2, "risk_category": "safe", "sst": 29.44, "current_speed": 0.3, "factors": ["elevated_sst"], "color": "#00C853"}}, {"type": "Feature", "geometry": {"type": "Point", "coordinates": [85.0, 15.0]}, "properties": {"risk_score": 0.2, "risk_category": "safe", "sst": 29.19, "current_speed": 0.252, "factors": ["elevated_sst"], "color": "#00C853"}}, {"type": "Feature", "geometry": {"type": "Point", "coordinates": [100.0, 2.0]}, "properties": {"risk_score": 0.2, "risk_category": "safe", "sst": 29.45, "current_speed": 0.301, "factors": ["elevated_sst"], "color": "#00C853"}}, {"type": "Feature", "geometry": {"type": "Point", "coordinates": [58.0, -7.0]}, "properties": {"risk_score": 0.2, "risk_category": "safe", "sst": 29.4, "current_speed": 0.24, "factors": ["elevated_sst"], "color": "#00C853"}}, {"type": "Feature", "geometry": {"type": "Point", "coordinates": [51.0, 0.0]}, "properties": {"risk_score": 0.2, "risk_category": "safe", "sst": 29.46, "current_speed": 0.129, "factors": ["elevated_sst"], "color": "#00C853"}}, {"type": "Feature", "geometry": {"type": "Point", "coordinates": [95.0, 17.0]}, "properties": {"risk_score": 0.2, "risk_category": "safe", "sst": 29.12, "current_speed": 0.243, "factors": ["elevated_sst"], "color": "#00C853"}}, {"type": "Feature", "geometry": {"type": "Point", "coordinates": [54.0, 22.0]}, "properties": {"risk_score": 0.0, "risk_category": "safe", "sst": 28.9, "current_speed": 0.206, "factors": [], "color": "#00C853"}}, {"type": "Feature", "geometry": {"type": "Point", "coordinates": [79.0, -7.0]}, "properties": {"risk_score": 0.4, "risk_category": "caution", "sst": 29.4, "current_speed": 0.37, "factors": ["elevated_sst", "cyclone_in_region"], "color": "#FFD600"}}, {"type": "Feature", "geometry": {"type": "Point", "coordinates": [51.0, 18.0]}, "properties": {"risk_score": 0.2, "risk_category": "safe", "sst": 29.08, "current_speed": 0.212, "factors": ["elevated_sst"], "color": "#00C853"}}, {"type": "Feature", "geometry": {"type": "Point", "coordinates": [93.0, 15.0]}, "properties": {"risk_score": 0.2, "risk_category": "safe", "sst": 29.19, "current_speed": 0.254, "factors": ["elevated_sst"], "color": "#00C853"}}, {"type": "Feature", "geometry": {"type": "Point", "coordinates": [93.0, 5.0]}, "properties": {"risk_score": 0.2, "risk_category": "safe", "sst": 29.43, "current_speed": 0.298, "factors": ["elevated_sst"], "color": "#00C853"}}, {"type": "Feature", "geometry": {"type": "Point", "coordinates": [91.0, 6.0]}, "properties": {"risk_score": 0.2, "risk_category": "safe", "sst": 29.41, "current_speed": 0.294, "factors": ["elevated_sst"], "color": "#00C853"}}, {"type": "Feature", "geometry": {"type": "Point", "coordinates": [94.0, 23.0]}, "properties": {"risk_score": 0.0, "risk_category": "safe", "sst": 28.85, "current_speed": 0.208, "factors": [], "color": "#00C853"}}, {"type": "Feature", "geometry": {"type": "Point", "coordinates": [76.0, 10.0]}, "properties": {"risk_score": 0.2, "risk_category": "safe", "sst": 29.34, "current_speed": 0.246, "factors": ["elevated_sst"], "color": "#00C853"}}, {"type": "Feature", "geometry": {"type": "Point", "coordinates": [90.0, -7.0]}, "properties": {"risk_score": 0.7, "risk_category": "danger", "sst": 29.4, "current_speed": 0.392, "factors": ["elevated_sst", "active_cyclone_nearby"], "color": "#D50000"}}, {"type": "Feature", "geometry": {"type": "Point", "coordinates": [56.0, 10.0]}, "properties": {"risk_score": 0.2, "risk_category": "safe", "sst": 29.34, "current_speed": 0.167, "factors": ["elevated_sst"], "color": "#00C853"}}, {"type": "Feature", "geometry": {"type": "Point", "coordinates": [77.0, 19.0]}, "properties": {"risk_score": 0.2, "risk_category": "safe", "sst": 29.03, "current_speed": 0.219, "factors": ["elevated_sst"], "color": "#00C853"}}, {"type": "Feature", "geometry": {"type": "Point", "coordinates": [94.0, -7.0]}, "properties": {"risk_score": 0.7, "risk_category": "danger", "sst": 29.4, "current_speed": 0.389, "factors": ["elevated_sst", "active_cyclone_nearby"], "color": "#D50000"}}, {"type": "Feature", "geometry": {"type": "Point", "coordinates": [51.0, 5.0]}, "properties": {"risk_score": 0.2, "risk_category": "safe", "sst": 29.43, "current_speed": 0.131, "factors": ["elevated_sst"], "color": "#00C853"}}, {"type": "Feature", "geometry": {"type": "Point", "coordinates": [86.0, -4.0]}, "properties": {"risk_score": 0.4, "risk_category": "caution", "sst": 29.44, "current_speed": 0.364, "factors": ["elevated_sst", "cyclone_in_region"], "color": "#FFD600"}}, {"type": "Feature", "geometry": {"type": "Point", "coordinates": [76.0, 7.0]}, "properties": {"risk_score": 0.2, "risk_category": "safe", "sst": 29.4, "current_speed": 0.257, "factors": ["elevated_sst"], "color": "#00C853"}}, {"type": "Feature", "geometry": {"type": "Point", "coordinates": [62.0, -7.0]}, "properties": {"risk_score": 0.2, "risk_category": "safe", "sst": 29.4, "current_speed": 0.27, "factors": ["elevated_sst"], "color": "#00C853"}}, {"type": "Feature", "geometry": {"type": "Point", "coordinates": [99.0, 9.0]}, "properties": {"risk_score": 0.2, "risk_category": "safe", "sst": 29.36, "current_speed": 0.267, "factors": ["elevated_sst"], "color": "#00C853"}}, {"type": "Feature", "geometry": {"type": "Point", "coordinates": [65.0, 10.0]}, "properties": {"risk_score": 0.2, "risk_category": "safe", "sst": 29.34, "current_speed": 0.197, "factors": ["elevated_sst"], "color": "#00C853"}}, {"type": "Feature", "geometry": {"type": "Point", "coordinates": [60.0, 3.0]}, "properties": {"risk_score": 0.2, "risk_category": "safe", "sst": 29.45, "current_speed": 0.179, "factors": ["elevated_sst"], "color": "#00C853"}}, {"type": "Feature", "geometry": {"type": "Point", "coordinates": [87.0, 2.0]}, "properties": {"risk_score": 0.2, "risk_category": "safe", "sst": 29.45, "current_speed": 0.318, "factors": ["elevated_sst"], "color": "#00C853"}}, {"type": "Feature", "geometry": {"type": "Point", "coordinates": [78.0, 8.0]}, "properties": {"risk_score": 0.2, "risk_category": "safe", "sst": 29.38, "current_speed": 0.261, "factors": ["elevated_sst"], "color": "#00C853"}}, {"type": "Feature", "geometry": {"type": "Point", "coordinates": [51.0, 2.0]}, "properties": {"risk_score": 0.2, "risk_category": "safe", "sst": 29.45, "current_speed": 0.124, "factors": ["elevated_sst"], "color": "#00C853"}}, {"type": "Feature", "geometry": {"type": "Point", "coordinates": [60.0, 10.0]}, "properties": {"risk_score": 0.2, "risk_category": "safe", "sst": 29.34, "current_speed": 0.177, "factors": ["elevated_sst"], "color": "#00C853"}}, {"type": "Feature", "geometry": {"type": "Point", "coordinates": [63.0, 0.0]}, "properties": {"risk_score": 0.2, "risk_category": "safe", "sst": 29.46, "current_speed": 0.217, "factors": ["elevated_sst"], "color": "#00C853"}}, {"type": "Feature", "geometry": {"type": "Point", "coordinates": [63.0, 6.0]}, "properties": {"risk_score": 0.2, "risk_category": "safe", "sst": 29.41, "current_speed": 0.19, "factors": ["elevated_sst"], "color": "#00C853"}}, {"type": "Feature", "geometry": {"type": "Point", "coordinates": [73.0, 11.0]}, "properties": {"risk_score": 0.2, "risk_category": "safe", "sst": 29.31, "current_speed": 0.231, "factors": ["elevated_sst"], "color": "#00C853"}}, {"type": "Feature", "geometry": {"type": "Point", "coordinates": [78.0, -5.0]}, "properties": {"risk_score": 0.2, "risk_category": "safe", "sst": 29.43, "current_speed": 0.35, "factors": ["elevated_sst"], "color": "#00C853"}}, {"type": "Feature", "geometry": {"type": "Point", "coordinates": [100.0, 5.0]}, "properties": {"risk_score": 0.2, "risk_category": "safe", "sst": 29.43, "current_speed": 0.282, "factors": ["elevated_sst"], "color": "#00C853"}}, {"type": "Feature", "geometry": {"type": "Point", "coordinates": [71.0, 17.0]}, "properties": {"risk_score": 0.2, "risk_category": "safe", "sst": 29.12, "current_speed": 0.211, "factors": ["elevated_sst"], "color": "#00C853"}}, {"type": "Feature", "geometry": {"type": "Point", "coordinates": [62.0, -2.0]}, "properties": {"risk_score": 0.2, "risk_category": "safe", "sst": 29.45, "current_speed": 0.225, "factors": ["elevated_sst"], "color": "#00C853"}}, {"type": "Feature", "geometry": {"type": "Point", "coordinates": [74.0, 17.0]}, "properties": {"risk_score": 0.2, "risk_category": "safe", "sst": 29.12, "current_speed": 0.219, "factors": ["elevated_sst"], "color": "#00C853"}}, {"type": "Feature", "geometry": {"type": "Point", "coordinates": [73.0, -7.0]}, "properties": {"risk_score": 0.2, "risk_category": "safe", "sst": 29.4, "current_speed": 0.342, "factors": ["elevated_sst"], "color": "#00C853"}}, {"type": "Feature", "geometry": {"type": "Point", "coordinates": [63.0, 24.0]}, "properties": {"risk_score": 0.0, "risk_category": "safe", "sst": 28.8, "current_speed": 0.176, "factors": [], "color": "#00C853"}}, {"type": "Feature", "geometry": {"type": "Point", "coordinates": [89.0, -6.0]}, "properties": {"risk_score": 0.7, "risk_category": "danger", "sst": 29.41, "current_speed": 0.384, "factors": ["elevated_sst", "active_cyclone_nearby"], "color": "#D50000"}}, {"type": "Feature", "geometry": {"type": "Point", "coordinates": [95.0, 0.0]}, "properties": {"risk_score": 0.2, "risk_category": "safe", "sst": 29.46, "current_speed": 0.33, "factors": ["elevated_sst"], "color": "#00C853"}}, {"type": "Feature", "geometry": {"type": "Point", "coordinates": [61.0, 20.0]}, "properties": {"risk_score": 0.0, "risk_category": "safe", "sst": 28.99, "current_speed": 0.192, "factors": [], "color": "#00C853"}}, {"type": "Feature", "geometry": {"type": "Point", "coordinates": [53.0, -9.0]}, "properties": {"risk_score": 0.2, "risk_category": "safe", "sst": 29.36, "current_speed": 0.221, "factors": ["elevated_sst"], "color": "#00C853"}}, {"type": "Feature", "geometry": {"type": "Point", "coordinates": [65.0, 23.0]}, "properties": {"risk_score": 0.0, "risk_category": "safe", "sst": 28.85, "current_speed": 0.18, "factors": [], "color": "#00C853"}}, {"type": "Feature", "geometry": {"type": "Point", "coordinates": [86.0, 15.0]}, "properties": {"risk_score": 0.2, "risk_category": "safe", "sst": 29.19, "current_speed": 0.253, "factors": ["elevated_sst"], "color": "#00C853"}}, {"type": "Feature", "geometry": {"type": "Point", "coordinates": [50.0, 22.0]}, "properties": {"risk_score": 0.0, "risk_category": "safe", "sst": 28.9, "current_speed": 0.224, "factors": [], "color": "#00C853"}}, {"type": "Feature", "geometry": {"type": "Point", "coordinates": [99.0, 24.0]}, "properties": {"risk_score": 0.0, "risk_category": "safe", "sst": 28.8, "current_speed": 0.194, "factors": [], "color": "#00C853"}}, {"type": "Feature", "geometry": {"type": "Point", "coordinates": [98.0, 18.0]}, "properties": {"risk_score": 0.2, "risk_category": "safe", "sst": 29.08, "current_speed": 0.234, "factors": ["elevated_sst"], "color": "#00C853"}}, {"type": "Feature", "geometry": {"type": "Point", "coordinates": [75.0, 20.0]}, "properties": {"risk_score": 0.0, "risk_category": "safe", "sst": 28.99, "current_speed": 0.209, "factors": [], "color": "#00C853"}}, {"type": "Feature", "geometry": {"type": "Point", "coordinates": [97.0, -10.0]}, "properties": {"risk_score": 0.7, "risk_category": "danger", "sst": 29.34, "current_speed": 0.406, "factors": ["elevated_sst", "active_cyclone_nearby"], "color": "#D50000"}}, {"type": "Feature", "geometry": {"type": "Point", "coordinates": [99.0, -3.0]}, "properties": {"risk_score": 0.2, "risk_category": "safe", "sst": 29.45, "current_speed": 0.344, "factors": ["elevated_sst"], "color": "#00C853"}}, {"type": "Feature", "geometry": {"type": "Point", "coordinates": [59.0, 18.0]}, "properties": {"risk_score": 0.2, "risk_category": "safe", "sst": 29.08, "current_speed": 0.194, "factors": ["elevated_sst"], "color": "#00C853"}}, {"type": "Feature", "geometry": {"type": "Point", "coordinates": [81.0, -9.0]}, "properties": {"risk_score": 0.7, "risk_category": "danger", "sst": 29.36, "current_speed": 0.393, "factors": ["elevated_sst", "active_cyclone_nearby"], "color": "#D50000"}}, {"type": "Feature", "geometry": {"type": "Point", "coordinates": [77.0, 12.0]}, "properties": {"risk_score": 0.2, "risk_category": "safe", "sst": 29.29, "current_speed": 0.244, "factors": ["elevated_sst"], "color": "#00C853"}}, {"type": "Feature", "geometry": {"type": "Point", "coordinates": [77.0, 24.0]}, "properties": {"risk_score": 0.0, "risk_category": "safe", "sst": 28.8, "current_speed": 0.187, "factors": [], "color": "#00C853"}}, {"type": "Feature", "geometry": {"type": "Point", "coordinates": [70.0, -7.0]}, "properties": {"risk_score": 0.2, "risk_category": "safe", "sst": 29.4, "current_speed": 0.325, "factors": ["elevated_sst"], "color": "#00C853"}}, {"type": "Feature", "geometry": {"type": "Point", "coordinates": [79.0, 25.0]}, "properties": {"risk_score": 0.0, "risk_category": "safe", "sst": 28.74, "current_speed": 0.182, "factors": [], "color": "#00C853"}}, {"type": "Feature", "geometry": {"type": "Point", "coordinates": [72.0, -10.0]}, "properties": {"risk_score": 0.2, "risk_category": "safe", "sst": 29.34, "current_speed": 0.361, "factors": ["elevated_sst"], "color": "#00C853"}}, {"type": "Feature", "geometry": {"type": "Point", "coordinates": [97.0, 3.0]}, "properties": {"risk_score": 0.2, "risk_category": "safe", "sst": 29.45, "current_speed": 0.304, "factors": ["elevated_sst"], "color": "#00C853"}}, {"type": "Feature", "geometry": {"type": "Point", "coordinates": [62.0, 24.0]}, "properties": {"risk_score": 0.0, "risk_category": "safe", "sst": 28.8, "current_speed": 0.178, "factors": [], "color": "#00C853"}}, {"type": "Feature", "geometry": {"type": "Point", "coordinates": [57.0, 24.0]}, "properties": {"risk_score": 0.0, "risk_category": "safe", "sst": 28.8, "current_speed": 0.191, "factors": [], "color": "#00C853"}}, {"type": "Feature", "geometry": {"type": "Point", "coordinates": [58.0, 14.0]}, "properties": {"risk_score": 0.2, "risk_category": "safe", "sst": 29.22, "current_speed": 0.186, "factors": ["elevated_sst"], "color": "#00C853"}}, {"type": "Feature", "geometry": {"type": "Point", "coordinates": [65.0, -8.0]}, "properties": {"risk_score": 0.2, "risk_category": "safe", "sst": 29.38, "current_speed": 0.3, "factors": ["elevated_sst"], "color": "#00C853"}}, {"type": "Feature", "geometry": {"type": "Point", "coordinates": [94.0, 7.0]}, "properties": {"risk_score": 0.2, "risk_category": "safe", "sst": 29.4, "current_speed": 0.286, "factors": ["elevated_sst"], "color": "#00C853"}}, {"type": "Feature", "geometry": {"type": "Point", "coordinates": [60.0, 14.0]}, "properties": {"risk_score": 0.2, "risk_category": "safe", "sst": 29.22, "current_speed": 0.188, "factors": ["elevated_sst"], "color": "#00C853"}}, {"type": "Feature", "geometry": {"type": "Point", "coordinates": [53.0, 16.0]}, "properties": {"risk_score": 0.2, "risk_category": "safe", "sst": 29.15, "current_speed": 0.198, "factors": ["elevated_sst"], "color": "#00C853"}}, {"type": "Feature", "geometry": {"type": "Point", "coordinates": [63.0, -1.0]}, "properties": {"risk_score": 0.2, "risk_category": "safe", "sst": 29.46, "current_speed": 0.224, "factors": ["elevated_sst"], "color": "#00C853"}}, {"type": "Feature", "geometry": {"type": "Point", "coordinates": [76.0, 8.0]}, "properties": {"risk_score": 0.2, "risk_category": "safe", "sst": 29.38, "current_speed": 0.253, "factors": ["elevated_sst"], "color": "#00C853"}}, {"type": "Feature", "geometry": {"type": "Point", "coordinates": [73.0, -10.0]}, "properties": {"risk_score": 0.2, "risk_category": "safe", "sst": 29.34, "current_speed": 0.366, "factors": ["elevated_sst"], "color": "#00C853"}}, {"type": "Feature", "geometry": {"type": "Point", "coordinates": [62.0, 23.0]}, "properties": {"risk_score": 0.0, "risk_category": "safe", "sst": 28.85, "current_speed": 0.182, "factors": [], "color": "#00C853"}}, {"type": "Feature", "geometry": {"type": "Point", "coordinates": [54.0, -7.0]}, "properties": {"risk_score": 0.2, "risk_category": "safe", "sst": 29.4, "current_speed": 0.209, "factors": ["elevated_sst"], "color": "#00C853"}}, {"type": "Feature", "geometry": {"type": "Point", "coordinates": [68.0, -10.0]}, "properties": {"risk_score": 0.2, "risk_category": "safe", "sst": 29.34, "current_speed": 0.337, "factors": ["elevated_sst"], "color": "#00C853"}}, {"type": "Feature", "geometry": {"type": "Point", "coordinates": [95.0, 7.0]}, "properties": {"risk_score": 0.2, "risk_category": "safe", "sst": 29.4, "current_speed": 0.285, "factors": ["elevated_sst"], "color": "#00C853"}}, {"type": "Feature", "geometry": {"type": "Point", "coordinates": [83.0, 14.0]}, "properties": {"risk_score": 0.2, "risk_category": "safe", "sst": 29.22, "current_speed": 0.253, "factors": ["elevated_sst"], "color": "#00C853"}}, {"type": "Feature", "geometry": {"type": "Point", "coordinates": [68.0, 18.0]}, "properties": {"risk_score": 0.2, "risk_category": "safe", "sst": 29.08, "current_speed": 0.201, "factors": ["elevated_sst"], "color": "#00C853"}}, {"type": "Feature", "geometry": {"type": "Point", "coordinates": [63.0, 19.0]}, "properties": {"risk_score": 0.2, "risk_category": "safe", "sst": 29.03, "current_speed": 0.193, "factors": ["elevated_sst"], "color": "#00C853"}}, {"type": "Feature", "geometry": {"type": "Point", "coordinates": [85.0, 5.0]}, "properties": {"risk_score": 0.2, "risk_category": "safe", "sst": 29.43, "current_speed": 0.296, "factors": ["elevated_sst"], "color": "#00C853"}}, {"type": "Feature", "geometry": {"type": "Point", "coordinates": [68.0, 11.0]}, "properties": {"risk_score": 0.2, "risk_category": "safe", "sst": 29.31, "current_speed": 0.21, "factors": ["elevated_sst"], "color": "#00C853"}}, {"type": "Feature", "geometry": {"type": "Point", "coordinates": [67.0, -1.0]}, "properties": {"risk_score": 0.2, "risk_category": "safe", "sst": 29.46, "current_speed": 0.253, "factors": ["elevated_sst"], "color": "#00C853"}}, {"type": "Feature", "geometry": {"type": "Point", "coordinates": [90.0, 7.0]}, "properties": {"risk_score": 0.2, "risk_category": "safe", "sst": 29.4, "current_speed": 0.289, "factors": ["elevated_sst"], "color": "#00C853"}}, {"type": "Feature", "geometry": {"type": "Point", "coordinates": [88.0, -6.0]}, "properties": {"risk_score": 0.7, "risk_category": "danger", "sst": 29.41, "current_speed": 0.383, "factors": ["elevated_sst", "active_cyclone_nearby"], "color": "#D50000"}}, {"type": "Feature", "geometry": {"type": "Point", "coordinates": [66.0, 11.0]}, "properties": {"risk_score": 0.2, "risk_category": "safe", "sst": 29.31, "current_speed": 0.201, "factors": ["elevated_sst"], "color": "#00C853"}}, {"type": "Feature", "geometry": {"type": "Point", "coordinates": [90.0, 4.0]}, "properties": {"risk_score": 0.2, "risk_category": "safe", "sst": 29.44, "current_speed": 0.306, "factors": ["elevated_sst"], "color": "#00C853"}}, {"type": "Feature", "geometry": {"type": "Point", "coordinates": [100.0, -2.0]}, "properties": {"risk_score": 0.2, "risk_category": "safe", "sst": 29.45, "current_speed": 0.332, "factors": ["elevated_sst"], "color": "#00C853"}}, {"type": "Feature", "geometry": {"type": "Point", "coordinates": [77.0, 16.0]}, "properties": {"risk_score": 0.2, "risk_category": "safe", "sst": 29.15, "current_speed": 0.231, "factors": ["elevated_sst"], "color": "#00C853"}}, {"type": "Feature", "geometry": {"type": "Point", "coordinates": [77.0, 4.0]}, "properties": {"risk_score": 0.2, "risk_category": "safe", "sst": 29.44, "current_speed": 0.277, "factors": ["elevated_sst"], "color": "#00C853"}}, {"type": "Feature", "geometry": {"type": "Point", "coordinates": [66.0, 24.0]}, "properties": {"risk_score": 0.0, "risk_category": "safe", "sst": 28.8, "current_speed": 0.174, "factors": [], "color": "#00C853"}}, {"type": "Feature", "geometry": {"type": "Point", "coordinates": [84.0, -9.0]}, "properties": {"risk_score": 0.7, "risk_category": "danger", "sst": 29.36, "current_speed": 0.401, "factors": ["elevated_sst", "active_cyclone_nearby"], "color": "#D50000"}}, {"type": "Feature", "geometry": {"type": "Point", "coordinates": [69.0, -3.0]}, "properties": {"risk_score": 0.2, "risk_category": "safe", "sst": 29.45, "current_speed": 0.283, "factors": ["elevated_sst"], "color": "#00C853"}}, {"type": "Feature", "geometry": {"type": "Point", "coordinates": [92.0, 12.0]}, "properties": {"risk_score": 0.2, "risk_category": "safe", "sst": 29.29, "current_speed": 0.267, "factors": ["elevated_sst"], "color": "#00C853"}}, {"type": "Feature", "geometry": {"type": "Point", "coordinates": [65.0, 20.0]}, "properties": {"risk_score": 0.0, "risk_category": "safe", "sst": 28.99, "current_speed": 0.192, "factors": [], "color": "#00C853"}}, {"type": "Feature", "geometry": {"type": "Point", "coordinates": [84.0, -1.0]}, "properties": {"risk_score": 0.2, "risk_category": "safe", "sst": 29.46, "current_speed": 0.336, "factors": ["elevated_sst"], "color": "#00C853"}}, {"type": "Feature", "geometry": {"type": "Point", "coordinates": [88.0, 6.0]}, "properties": {"risk_score": 0.2, "risk_category": "safe", "sst": 29.41, "current_speed": 0.294, "factors": ["elevated_sst"], "color": "#00C853"}}, {"type": "Feature", "geometry": {"type": "Point", "coordinates": [61.0, 16.0]}, "properties": {"risk_score": 0.2, "risk_category": "safe", "sst": 29.15, "current_speed": 0.192, "factors": ["elevated_sst"], "color": "#00C853"}}, {"type": "Feature", "geometry": {"type": "Point", "coordinates": [93.0, 20.0]}, "properties": {"risk_score": 0.0, "risk_category": "safe", "sst": 28.99, "current_speed": 0.229, "factors": [], "color": "#00C853"}}, {"type": "Feature", "geometry": {"type": "Point", "coordinates": [80.0, -9.0]}, "properties": {"risk_score": 0.7, "risk_category": "danger", "sst": 29.36, "current_speed": 0.39, "factors": ["elevated_sst", "active_cyclone_nearby"], "color": "#D50000"}}, {"type": "Feature", "geometry": {"type": "Point", "coordinates": [78.0, 20.0]}, "properties": {"risk_score": 0.0, "risk_category": "safe", "sst": 28.99, "current_speed": 0.216, "factors": [], "color": "#00C853"}}, {"type": "Feature", "geometry": {"type": "Point", "coordinates": [99.0, 23.0]}, "properties": {"risk_score": 0.0, "risk_category": "safe", "sst": 28.85, "current_speed": 0.202, "factors": [], "color": "#00C853"}}, {"type": "Feature", "geometry": {"type": "Point", "coordinates": [93.0, -10.0]}, "properties": {"risk_score": 0.7, "risk_category": "danger", "sst": 29.34, "current_speed": 0.413, "factors": ["elevated_sst", "active_cyclone_nearby"], "color": "#D50000"}}, {"type": "Feature", "geometry": {"type": "Point", "coordinates": [76.0, -4.0]}, "properties": {"risk_score": 0.2, "risk_category": "safe", "sst": 29.44, "current_speed": 0.332, "factors": ["elevated_sst"], "color": "#00C853"}}, {"type": "Feature", "geometry": {"type": "Point", "coordinates": [67.0, 17.0]}, "properties": {"risk_score": 0.2, "risk_category": "safe", "sst": 29.12, "current_speed": 0.201, "factors": ["elevated_sst"], "color": "#00C853"}}, {"type": "Feature", "geometry": {"type": "Point", "coordinates": [61.0, 15.0]}, "properties": {"risk_score": 0.2, "risk_category": "safe", "sst": 29.19, "current_speed": 0.191, "factors": ["elevated_sst"], "color": "#00C853"}}, {"type": "Feature", "geometry": {"type": "Point", "coordinates": [52.0, 7.0]}, "properties": {"risk_score": 0.2, "risk_category": "safe", "sst": 29.4, "current_speed": 0.144, "factors": ["elevated_sst"], "color": "#00C853"}}, {"type": "Feature", "geometry": {"type": "Point", "coordinates": [52.0, -5.0]}, "properties": {"risk_score": 0.2, "risk_category": "safe", "sst": 29.43, "current_speed": 0.174, "factors": ["elevated_sst"], "color": "#00C853"}}, {"type": "Feature", "geometry": {"type": "Point", "coordinates": [89.0, 14.0]}, "properties": {"risk_score": 0.2, "risk_category": "safe", "sst": 29.22, "current_speed": 0.259, "factors": ["elevated_sst"], "color": "#00C853"}}, {"type": "Feature", "geometry": {"type": "Point", "coordinates": [74.0, 2.0]}, "properties": {"risk_score": 0.2, "risk_category": "safe", "sst": 29.45, "current_speed": 0.275, "factors": ["elevated_sst"], "color": "#00C853"}}, {"type": "Feature", "geometry": {"type": "Point", "coordinates": [65.0, -10.0]}, "properties": {"risk_score": 0.2, "risk_category": "safe", "sst": 29.34, "current_speed": 0.317, "factors": ["elevated_sst"], "color": "#00C853"}}, {"type": "Feature", "geometry": {"type": "Point", "coordinates": [86.0, 18.0]}, "properties": {"risk_score": 0.2, "risk_category": "safe", "sst": 29.08, "current_speed": 0.24, "factors": ["elevated_sst"], "color": "#00C853"}}, {"type": "Feature", "geometry": {"type": "Point", "coordinates": [60.0, -3.0]}, "properties": {"risk_score": 0.2, "risk_category": "safe", "sst": 29.45, "current_speed": 0.218, "factors": ["elevated_sst"], "color": "#00C853"}}, {"type": "Feature", "geometry": {"type": "Point", "coordinates": [63.0, 9.0]}, "properties": {"risk_score": 0.2, "risk_category": "safe", "sst": 29.36, "current_speed": 0.188, "factors": ["elevated_sst"], "color": "#00C853"}}, {"type": "Feature", "geometry": {"type": "Point", "coordinates": [54.0, 2.0]}, "properties": {"risk_score": 0.2, "risk_category": "safe", "sst": 29.45, "current_speed": 0.142, "factors": ["elevated_sst"], "color": "#00C853"}}, {"type": "Feature", "geometry": {"type": "Point", "coordinates": [58.0, 1.0]}, "properties": {"risk_score": 0.2, "risk_category": "safe", "sst": 29.46, "current_speed": 0.174, "factors": ["elevated_sst"], "color": "#00C853"}}, {"type": "Feature", "geometry": {"type": "Point", "coordinates": [50.0, 6.0]}, "properties": {"risk_score": 0.2, "risk_category": "safe", "sst": 29.41, "current_speed": 0.134, "factors": ["elevated_sst"], "color": "#00C853"}}, {"type": "Feature", "geometry": {"type": "Point", "coordinates": [71.0, 8.0]}, "properties": {"risk_score": 0.2, "risk_category": "safe", "sst": 29.38, "current_speed": 0.23, "factors": ["elevated_sst"], "color": "#00C853"}}, {"type": "Feature", "geometry": {"type": "Point", "coordinates": [76.0, 20.0]}, "properties": {"risk_score": 0.0, "risk_category": "safe", "sst": 28.99, "current_speed": 0.212, "factors": [], "color": "#00C853"}}, {"type": "Feature", "geometry": {"type": "Point", "coordinates": [63.0, 7.0]}, "properties": {"risk_score": 0.2, "risk_category": "safe", "sst": 29.4, "current_speed": 0.189, "factors": ["elevated_sst"], "color": "#00C853"}}, {"type": "Feature", "geometry": {"type": "Point", "coordinates": [96.0, 7.0]}, "properties": {"risk_score": 0.2, "risk_category": "safe", "sst": 29.4, "current_speed": 0.283, "factors": ["elevated_sst"], "color": "#00C853"}}, {"type": "Feature", "geometry": {"type": "Point", "coordinates": [91.0, 21.0]}, "properties": {"risk_score": 0.0, "risk_category": "safe", "sst": 28.94, "current_speed": 0.224, "factors": [], "color": "#00C853"}}, {"type": "Feature", "geometry": {"type": "Point", "coordinates": [69.0, 25.0]}, "properties": {"risk_score": 0.0, "risk_category": "safe", "sst": 28.74, "current_speed": 0.168, "factors": [], "color": "#00C853"}}, {"type": "Feature", "geometry": {"type": "Point", "coordinates": [83.0, 13.0]}, "properties": {"risk_score": 0.2, "risk_category": "safe", "sst": 29.26, "current_speed": 0.256, "factors": ["elevated_sst"], "color": "#00C853"}}, {"type": "Feature", "geometry": {"type": "Point", "coordinates": [84.0, 13.0]}, "properties": {"risk_score": 0.2, "risk_category": "safe", "sst": 29.26, "current_speed": 0.258, "factors": ["elevated_sst"], "color": "#00C853"}}, {"type": "Feature", "geometry": {"type": "Point", "coordinates": [84.0, 9.0]}, "properties": {"risk_score": 0.2, "risk_category": "safe", "sst": 29.36, "current_speed": 0.274, "factors": ["elevated_sst"], "color": "#00C853"}}, {"type": "Feature", "geometry": {"type": "Point", "coordinates": [80.0, -10.0]}, "properties": {"risk_score": 0.7, "risk_category": "danger", "sst": 29.34, "current_speed": 0.397, "factors": ["elevated_sst", "active_cyclone_nearby"], "color": "#D50000"}}, {"type": "Feature", "geometry": {"type": "Point", "coordinates": [76.0, 16.0]}, "properties": {"risk_score": 0.2, "risk_category": "safe", "sst": 29.15, "current_speed": 0.228, "factors": ["elevated_sst"], "color": "#00C853"}}, {"type": "Feature", "geometry": {"type": "Point", "coordinates": [72.0, -4.0]}, "properties": {"risk_score": 0.2, "risk_category": "safe", "sst": 29.44, "current_speed": 0.311, "factors": ["elevated_sst"], "color": "#00C853"}}, {"type": "Feature", "geometry": {"type": "Point", "coordinates": [74.0, 9.0]}, "properties": {"risk_score": 0.2, "risk_category": "safe", "sst": 29.36, "current_speed": 0.241, "factors": ["elevated_sst"], "color": "#00C853"}}, {"type": "Feature", "geometry": {"type": "Point", "coordinates": [80.0, 21.0]}, "properties": {"risk_score": 0.0, "risk_category": "safe", "sst": 28.94, "current_speed": 0.214, "factors": [], "color": "#00C853"}}, {"type": "Feature", "geometry": {"type": "Point", "coordinates": [82.0, 12.0]}, "properties": {"risk_score": 0.2, "risk_category": "safe", "sst": 29.29, "current_speed": 0.258, "factors": ["elevated_sst"], "color": "#00C853"}}, {"type": "Feature", "geometry": {"type": "Point", "coordinates": [97.0, 4.0]}, "properties": {"risk_score": 0.2, "risk_category": "safe", "sst": 29.44, "current_speed": 0.297, "factors": ["elevated_sst"], "color": "#00C853"}}, {"type": "Feature", "geometry": {"type": "Point", "coordinates": [82.0, 2.0]}, "properties": {"risk_score": 0.2, "risk_category": "safe", "sst": 29.45, "current_speed": 0.308, "factors": ["elevated_sst"], "color": "#00C853"}}, {"type": "Feature", "geometry": {"type": "Point", "coordinates": [74.0, 10.0]}, "properties": {"risk_score": 0.2, "risk_category": "safe", "sst": 29.34, "current_speed": 0.238, "factors": ["elevated_sst"], "color": "#00C853"}}, {"type": "Feature", "geometry": {"type": "Point", "coordinates": [69.0, 4.0]}, "properties": {"risk_score": 0.2, "risk_category": "safe", "sst": 29.44, "current_speed": 0.234, "factors": ["elevated_sst"], "color": "#00C853"}}, {"type": "Feature", "geometry": {"type": "Point", "coordinates": [74.0, 15.0]}, "properties": {"risk_score": 0.2, "risk_category": "safe", "sst": 29.19, "current_speed": 0.225, "factors": ["elevated_sst"], "color": "#00C853"}}, {"type": "Feature", "geometry": {"type": "Point", "coordinates": [96.0, -8.0]}, "properties": {"risk_score": 0.7, "risk_category": "danger", "sst": 29.38, "current_speed": 0.393, "factors": ["elevated_sst", "active_cyclone_nearby"], "color": "#D50000"}}, {"type": "Feature", "geometry": {"type": "Point", "coordinates": [93.0, 4.0]}, "properties": {"risk_score": 0.2, "risk_category": "safe", "sst": 29.44, "current_speed": 0.304, "factors": ["elevated_sst"], "color": "#00C853"}}, {"type": "Feature", "geometry": {"type": "Point", "coordinates": [53.0, 4.0]}, "properties": {"risk_score": 0.2, "risk_category": "safe", "sst": 29.44, "current_speed": 0.136, "factors": ["elevated_sst"], "color": "#00C853"}}, {"type": "Feature", "geometry": {"type": "Point", "coordinates": [65.0, 22.0]}, "properties": {"risk_score": 0.0, "risk_category": "safe", "sst": 28.9, "current_speed": 0.185, "factors": [], "color": "#00C853"}}, {"type": "Feature", "geometry": {"type": "Point", "coordinates": [57.0, -2.0]}, "properties": {"risk_score": 0.2, "risk_category": "safe", "sst": 29.45, "current_speed": 0.186, "factors": ["elevated_sst"], "color": "#00C853"}}, {"type": "Feature", "geometry": {"type": "Point", "coordinates": [62.0, -10.0]}, "properties": {"risk_score": 0.2, "risk_category": "safe", "sst": 29.34, "current_speed": 0.296, "factors": ["elevated_sst"], "color": "#00C853"}}, {"type": "Feature", "geometry": {"type": "Point", "coordinates": [73.0, 14.0]}, "properties": {"risk_score": 0.2, "risk_category": "safe", "sst": 29.22, "current_speed": 0.224, "factors": ["elevated_sst"], "color": "#00C853"}}, {"type": "Feature", "geometry": {"type": "Point", "coordinates": [79.0, 4.0]}, "properties": {"risk_score": 0.2, "risk_category": "safe", "sst": 29.44, "current_speed": 0.285, "factors": ["elevated_sst"], "color": "#00C853"}}, {"type": "Feature", "geometry": {"type": "Point", "coordinates": [68.0, 14.0]}, "properties": {"risk_score": 0.2, "risk_category": "safe", "sst": 29.22, "current_speed": 0.207, "factors": ["elevated_sst"], "color": "#00C853"}}, {"type": "Feature", "geometry": {"type": "Point", "coordinates": [63.0, 8.0]}, "properties": {"risk_score": 0.2, "risk_category": "safe", "sst": 29.38, "current_speed": 0.188, "factors": ["elevated_sst"], "color": "#00C853"}}, {"type": "Feature", "geometry": {"type": "Point", "coordinates": [52.0, 1.0]}, "properties": {"risk_score": 0.2, "risk_category": "safe", "sst": 29.46, "current_speed": 0.132, "factors": ["elevated_sst"], "color": "#00C853"}}, {"type": "Feature", "geometry": {"type": "Point", "coordinates": [86.0, -3.0]}, "properties": {"risk_score": 0.4, "risk_category": "caution", "sst": 29.45, "current_speed": 0.356, "factors": ["elevated_sst", "cyclone_in_region"], "color": "#FFD600"}}, {"type": "Feature", "geometry": {"type": "Point", "coordinates": [73.0, 25.0]}, "properties": {"risk_score": 0.0, "risk_category": "safe", "sst": 28.74, "current_speed": 0.172, "factors": [], "color": "#00C853"}}, {"type": "Feature", "geometry": {"type": "Point", "coordinates": [56.0, 16.0]}, "properties": {"risk_score": 0.2, "risk_category": "safe", "sst": 29.15, "current_speed": 0.193, "factors": ["elevated_sst"], "color": "#00C853"}}, {"type": "Feature", "geometry": {"type": "Point", "coordinates": [67.0, 19.0]}, "properties": {"risk_score": 0.2, "risk_category": "safe", "sst": 29.03, "current_speed": 0.197, "factors": ["elevated_sst"], "color": "#00C853"}}, {"type": "Feature", "geometry": {"type": "Point", "coordinates": [76.0, -6.0]}, "properties": {"risk_score": 0.2, "risk_category": "safe", "sst": 29.41, "current_speed": 0.349, "factors": ["elevated_sst"], "color": "#00C853"}}, {"type": "Feature", "geometry": {"type": "Point", "coordinates": [50.0, 25.0]}, "properties": {"risk_score": 0.0, "risk_category": "safe", "sst": 28.74, "current_speed": 0.22, "factors": [], "color": "#00C853"}}, {"type": "Feature", "geometry": {"type": "Point", "coordinates": [62.0, -4.0]}, "properties": {"risk_score": 0.2, "risk_category": "safe", "sst": 29.44, "current_speed": 0.242, "factors": ["elevated_sst"], "color": "#00C853"}}, {"type": "Feature", "geometry": {"type": "Point", "coordinates": [70.0, 5.0]}, "properties": {"risk_score": 0.2, "risk_category": "safe", "sst": 29.43, "current_speed": 0.235, "factors": ["elevated_sst"], "color": "#00C853"}}, {"type": "Feature", "geometry": {"type": "Point", "coordinates": [65.0, 7.0]}, "properties": {"risk_score": 0.2, "risk_category": "safe", "sst": 29.4, "current_speed": 0.2, "factors": ["elevated_sst"], "color": "#00C853"}}, {"type": "Feature", "geometry": {"type": "Point", "coordinates": [62.0, 3.0]}, "properties": {"risk_score": 0.2, "risk_category": "safe", "sst": 29.45, "current_speed": 0.192, "factors": ["elevated_sst"], "color": "#00C853"}}, {"type": "Feature", "geometry": {"type": "Point", "coordinates": [79.0, 21.0]}, "properties": {"risk_score": 0.0, "risk_category": "safe", "sst": 28.94, "current_speed": 0.212, "factors": [], "color": "#00C853"}}, {"type": "Feature", "geometry": {"type": "Point", "coordinates": [79.0, -2.0]}, "properties": {"risk_score": 0.2, "risk_category": "safe", "sst": 29.45, "current_speed": 0.328, "factors": ["elevated_sst"], "color": "#00C853"}}, {"type": "Feature", "geometry": {"type": "Point", "coordinates": [69.0, 2.0]}, "properties": {"risk_score": 0.2, "risk_category": "safe", "sst": 29.45, "current_speed": 0.245, "factors": ["elevated_sst"], "color": "#00C853"}}, {"type": "Feature", "geometry": {"type": "Point", "coordinates": [92.0, 19.0]}, "properties": {"risk_score": 0.2, "risk_category": "safe", "sst": 29.03, "current_speed": 0.236, "factors": ["elevated_sst"], "color": "#00C853"}}, {"type": "Feature", "geometry": {"type": "Point", "coordinates": [54.0, 19.0]}, "properties": {"risk_score": 0.2, "risk_category": "safe", "sst": 29.03, "current_speed": 0.205, "factors": ["elevated_sst"], "color": "#00C853"}}, {"type": "Feature", "geometry": {"type": "Point", "coordinates": [62.0, -6.0]}, "properties": {"risk_score": 0.2, "risk_category": "safe", "sst": 29.41, "current_speed": 0.26, "factors": ["elevated_sst"], "color": "#00C853"}}, {"type": "Feature", "geometry": {"type": "Point", "coordinates": [74.0, 14.0]}, "properties": {"risk_score": 0.2, "risk_category": "safe", "sst": 29.22, "current_speed": 0.228, "factors": ["elevated_sst"], "color": "#00C853"}}, {"type": "Feature", "geometry": {"type": "Point", "coordinates": [68.0, 1.0]}, "properties": {"risk_score": 0.2, "risk_category": "safe", "sst": 29.46, "current_speed": 0.245, "factors": ["elevated_sst"], "color": "#00C853"}}, {"type": "Feature", "geometry": {"type": "Point", "coordinates": [56.0, 12.0]}, "properties": {"risk_score": 0.2, "risk_category": "safe", "sst": 29.29, "current_speed": 0.177, "factors": ["elevated_sst"], "color": "#00C853"}}, {"type": "Feature", "geometry": {"type": "Point", "coordinates": [58.0, 15.0]}, "properties": {"risk_score": 0.2, "risk_category": "safe", "sst": 29.19, "current_speed": 0.189, "factors": ["elevated_sst"], "color": "#00C853"}}, {"type": "Feature", "geometry": {"type": "Point", "coordinates": [90.0, 25.0]}, "properties": {"risk_score": 0.0, "risk_category": "safe", "sst": 28.74, "current_speed": 0.192, "factors": [], "color": "#00C853"}}, {"type": "Feature", "geometry": {"type": "Point", "coordinates": [51.0, 15.0]}, "properties": {"risk_score": 0.2, "risk_category": "safe", "sst": 29.19, "current_speed": 0.199, "factors": ["elevated_sst"], "color": "#00C853"}}, {"type": "Feature", "geometry": {"type": "Point", "coordinates": [69.0, 11.0]}, "properties": {"risk_score": 0.2, "risk_category": "safe", "sst": 29.31, "current_speed": 0.214, "factors": ["elevated_sst"], "color": "#00C853"}}, {"type": "Feature", "geometry": {"type": "Point", "coordinates": [66.0, 4.0]}, "properties": {"risk_score": 0.2, "risk_category": "safe", "sst": 29.44, "current_speed": 0.215, "factors": ["elevated_sst"], "color": "#00C853"}}, {"type": "Feature", "geometry": {"type": "Point", "coordinates": [79.0, -10.0]}, "properties": {"risk_score": 0.7, "risk_category": "danger", "sst": 29.34, "current_speed": 0.393, "factors": ["elevated_sst", "active_cyclone_nearby"], "color": "#D50000"}}, {"type": "Feature", "geometry": {"type": "Point", "coordinates": [81.0, 3.0]}, "properties": {"risk_score": 0.2, "risk_category": "safe", "sst": 29.45, "current_speed": 0.298, "factors": ["elevated_sst"], "color": "#00C853"}}, {"type": "Feature", "geometry": {"type": "Point", "coordinates": [51.0, -1.0]}, "properties": {"risk_score": 0.2, "risk_category": "safe", "sst": 29.46, "current_speed": 0.134, "factors": ["elevated_sst"], "color": "#00C853"}}, {"type": "Feature", "geometry": {"type": "Point", "coordinates": [61.0, -7.0]}, "properties": {"risk_score": 0.2, "risk_category": "safe", "sst": 29.4, "current_speed": 0.262, "factors": ["elevated_sst"], "color": "#00C853"}}, {"type": "Feature", "geometry": {"type": "Point", "coordinates": [83.0, 24.0]}, "properties": {"risk_score": 0.0, "risk_category": "safe", "sst": 28.8, "current_speed": 0.196, "factors": [], "color": "#00C853"}}, {"type": "Feature", "geometry": {"type": "Point", "coordinates": [81.0, -10.0]}, "properties": {"risk_score": 0.7, "risk_category": "danger", "sst": 29.34, "current_speed": 0.4, "factors": ["elevated_sst", "active_cyclone_nearby"], "color": "#D50000"}}, {"type": "Feature", "geometry": {"type": "Point", "coordinates": [98.0, 2.0]}, "properties": {"risk_score": 0.2, "risk_category": "safe", "sst": 29.45, "current_speed": 0.308, "factors": ["elevated_sst"], "color": "#00C853"}}, {"type": "Feature", "geometry": {"type": "Point", "coordinates": [63.0, -3.0]}, "properties": {"risk_score": 0.2, "risk_category": "safe", "sst": 29.45, "current_speed": 0.241, "factors": ["elevated_sst"], "color": "#00C853"}}, {"type": "Feature", "geometry": {"type": "Point", "coordinates": [56.0, 4.0]}, "properties": {"risk_score": 0.2, "risk_category": "safe", "sst": 29.44, "current_speed": 0.151, "factors": ["elevated_sst"], "color": "#00C853"}}, {"type": "Feature", "geometry": {"type": "Point", "coordinates": [90.0, 11.0]}, "properties": {"risk_score": 0.2, "risk_category": "safe", "sst": 29.31, "current_speed": 0.271, "factors": ["elevated_sst"], "color": "#00C853"}}, {"type": "Feature", "geometry": {"type": "Point", "coordinates": [62.0, 16.0]}, "properties": {"risk_score": 0.2, "risk_category": "safe", "sst": 29.15, "current_speed": 0.193, "factors": ["elevated_sst"], "color": "#00C853"}}, {"type": "Feature", "geometry": {"type": "Point", "coordinates": [50.0, 2.0]}, "properties": {"risk_score": 0.2, "risk_category": "safe", "sst": 29.45, "current_speed": 0.119, "factors": ["elevated_sst"], "color": "#00C853"}}, {"type": "Feature", "geometry": {"type": "Point", "coordinates": [78.0, 13.0]}, "properties": {"risk_score": 0.2, "risk_category": "safe", "sst": 29.26, "current_speed": 0.244, "factors": ["elevated_sst"], "color": "#00C853"}}, {"type": "Feature", "geometry": {"type": "Point", "coordinates": [77.0, 15.0]}, "properties": {"risk_score": 0.2, "risk_category": "safe", "sst": 29.19, "current_speed": 0.235, "factors": ["elevated_sst"], "color": "#00C853"}}, {"type": "Feature", "geometry": {"type": "Point", "coordinates": [60.0, -10.0]}, "properties": {"risk_score": 0.2, "risk_category": "safe", "sst": 29.34, "current_speed": 0.282, "factors": ["elevated_sst"], "color": "#00C853"}}, {"type": "Feature", "geometry": {"type": "Point", "coordinates": [81.0, 17.0]}, "properties": {"risk_score": 0.2, "risk_category": "safe", "sst": 29.12, "current_speed": 0.237, "factors": ["elevated_sst"], "color": "#00C853"}}, {"type": "Feature", "geometry": {"type": "Point", "coordinates": [85.0, -1.0]}, "properties": {"risk_score": 0.2, "risk_category": "safe", "sst": 29.46, "current_speed": 0.338, "factors": ["elevated_sst"], "color": "#00C853"}}, {"type": "Feature", "geometry": {"type": "Point", "coordinates": [59.0, 5.0]}, "properties": {"risk_score": 0.2, "risk_category": "safe", "sst": 29.43, "current_speed": 0.168, "factors": ["elevated_sst"], "color": "#00C853"}}, {"type": "Feature", "geometry": {"type": "Point", "coordinates": [83.0, -2.0]}, "properties": {"risk_score": 0.2, "risk_category": "safe", "sst": 29.45, "current_speed": 0.341, "factors": ["elevated_sst"], "color": "#00C853"}}, {"type": "Feature", "geometry": {"type": "Point", "coordinates": [75.0, 6.0]}, "properties": {"risk_score": 0.2, "risk_category": "safe", "sst": 29.41, "current_speed": 0.257, "factors": ["elevated_sst"], "color": "#00C853"}}, {"type": "Feature", "geometry": {"type": "Point", "coordinates": [85.0, -2.0]}, "properties": {"risk_score": 0.2, "risk_category": "safe", "sst": 29.45, "current_speed": 0.346, "factors": ["elevated_sst"], "color": "#00C853"}}, {"type": "Feature", "geometry": {"type": "Point", "coordinates": [56.0, -6.0]}, "properties": {"risk_score": 0.2, "risk_category": "safe", "sst": 29.41, "current_speed": 0.215, "factors": ["elevated_sst"], "color": "#00C853"}}, {"type": "Feature", "geometry": {"type": "Point", "coordinates": [82.0, -3.0]}, "properties": {"risk_score": 0.2, "risk_category": "safe", "sst": 29.45, "current_speed": 0.347, "factors": ["elevated_sst"], "color": "#00C853"}}, {"type": "Feature", "geometry": {"type": "Point", "coordinates": [73.0, -2.0]}, "properties": {"risk_score": 0.2, "risk_category": "safe", "sst": 29.45, "current_speed": 0.299, "factors": ["elevated_sst"], "color": "#00C853"}}, {"type": "Feature", "geometry": {"type": "Point", "coordinates": [98.0, -3.0]}, "properties": {"risk_score": 0.2, "risk_category": "safe", "sst": 29.45, "current_speed": 0.347, "factors": ["elevated_sst"], "color": "#00C853"}}, {"type": "Feature", "geometry": {"type": "Point", "coordinates": [52.0, -1.0]}, "properties": {"risk_score": 0.2, "risk_category": "safe", "sst": 29.46, "current_speed": 0.141, "factors": ["elevated_sst"], "color": "#00C853"}}, {"type": "Feature", "geometry": {"type": "Point", "coordinates": [87.0, 5.0]}, "properties": {"risk_score": 0.2, "risk_category": "safe", "sst": 29.43, "current_speed": 0.298, "factors": ["elevated_sst"], "color": "#00C853"}}, {"type": "Feature", "geometry": {"type": "Point", "coordinates": [74.0, 25.0]}, "properties": {"risk_score": 0.0, "risk_category": "safe", "sst": 28.74, "current_speed": 0.173, "factors": [], "color": "#00C853"}}, {"type": "Feature", "geometry": {"type": "Point", "coordinates": [51.0, 11.0]}, "properties": {"risk_score": 0.2, "risk_category": "safe", "sst": 29.31, "current_speed": 0.172, "factors": ["elevated_sst"], "color": "#00C853"}}, {"type": "Feature", "geometry": {"type": "Point", "coordinates": [57.0, 11.0]}, "properties": {"risk_score": 0.2, "risk_category": "safe", "sst": 29.31, "current_speed": 0.173, "factors": ["elevated_sst"], "color": "#00C853"}}, {"type": "Feature", "geometry": {"type": "Point", "coordinates": [93.0, 21.0]}, "properties": {"risk_score": 0.0, "risk_category": "safe", "sst": 28.94, "current_speed": 0.223, "factors": [], "color": "#00C853"}}, {"type": "Feature", "geometry": {"type": "Point", "coordinates": [56.0, 7.0]}, "properties": {"risk_score": 0.2, "risk_category": "safe", "sst": 29.4, "current_speed": 0.155, "factors": ["elevated_sst"], "color": "#00C853"}}, {"type": "Feature", "geometry": {"type": "Point", "coordinates": [100.0, 24.0]}, "properties": {"risk_score": 0.0, "risk_category": "safe", "sst": 28.8, "current_speed": 0.192, "factors": [], "color": "#00C853"}}, {"type": "Feature", "geometry": {"type": "Point", "coordinates": [74.0, 13.0]}, "properties": {"risk_score": 0.2, "risk_category": "safe", "sst": 29.26, "current_speed": 0.23, "factors": ["elevated_sst"], "color": "#00C853"}}, {"type": "Feature", "geometry": {"type": "Point", "coordinates": [74.0, 3.0]}, "properties": {"risk_score": 0.2, "risk_category": "safe", "sst": 29.45, "current_speed": 0.268, "factors": ["elevated_sst"], "color": "#00C853"}}, {"type": "Feature", "geometry": {"type": "Point", "coordinates": [100.0, -4.0]}, "properties": {"risk_score": 0.2, "risk_category": "safe", "sst": 29.44, "current_speed": 0.349, "factors": ["elevated_sst"], "color": "#00C853"}}, {"type": "Feature", "geometry": {"type": "Point", "coordinates": [70.0, 25.0]}, "properties": {"risk_score": 0.0, "risk_category": "safe", "sst": 28.74, "current_speed": 0.169, "factors": [], "color": "#00C853"}}, {"type": "Feature", "geometry": {"type": "Point", "coordinates": [96.0, 21.0]}, "properties": {"risk_score": 0.0, "risk_category": "safe", "sst": 28.94, "current_speed": 0.22, "factors": [], "color": "#00C853"}}, {"type": "Feature", "geometry": {"type": "Point", "coordinates": [95.0, 25.0]}, "properties": {"risk_score": 0.0, "risk_category": "safe", "sst": 28.74, "current_speed": 0.189, "factors": [], "color": "#00C853"}}, {"type": "Feature", "geometry": {"type": "Point", "coordinates": [62.0, 8.0]}, "properties": {"risk_score": 0.2, "risk_category": "safe", "sst": 29.38, "current_speed": 0.183, "factors": ["elevated_sst"], "color": "#00C853"}}, {"type": "Feature", "geometry": {"type": "Point", "coordinates": [87.0, -2.0]}, "properties": {"risk_score": 0.2, "risk_category": "safe", "sst": 29.45, "current_speed": 0.349, "factors": ["elevated_sst"], "color": "#00C853"}}, {"type": "Feature", "geometry": {"type": "Point", "coordinates": [55.0, 7.0]}, "properties": {"risk_score": 0.2, "risk_category": "safe", "sst": 29.4, "current_speed": 0.152, "factors": ["elevated_sst"], "color": "#00C853"}}, {"type": "Feature", "geometry": {"type": "Point", "coordinates": [54.0, 7.0]}, "properties": {"risk_score": 0.2, "risk_category": "safe", "sst": 29.4, "current_speed": 0.149, "factors": ["elevated_sst"], "color": "#00C853"}}, {"type": "Feature", "geometry": {"type": "Point", "coordinates": [65.0, 25.0]}, "properties": {"risk_score": 0.0, "risk_category": "safe", "sst": 28.74, "current_speed": 0.168, "factors": [], "color": "#00C853"}}, {"type": "Feature", "geometry": {"type": "Point", "coordinates": [88.0, 2.0]}, "properties": {"risk_score": 0.2, "risk_category": "safe", "sst": 29.45, "current_speed": 0.319, "factors": ["elevated_sst"], "color": "#00C853"}}, {"type": "Feature", "geometry": {"type": "Point", "coordinates": [100.0, 15.0]}, "properties": {"risk_score": 0.2, "risk_category": "safe", "sst": 29.19, "current_speed": 0.243, "factors": ["elevated_sst"], "color": "#00C853"}}, {"type": "Feature", "geometry": {"type": "Point", "coordinates": [82.0, -9.0]}, "properties": {"risk_score": 0.7, "risk_category": "danger", "sst": 29.36, "current_speed": 0.396, "factors": ["elevated_sst", "active_cyclone_nearby"], "color": "#D50000"}}, {"type": "Feature", "geometry": {"type": "Point", "coordinates": [57.0, 19.0]}, "properties": {"risk_score": 0.2, "risk_category": "safe", "sst": 29.03, "current_speed": 0.198, "factors": ["elevated_sst"], "color": "#00C853"}}, {"type": "Feature", "geometry": {"type": "Point", "coordinates": [89.0, 1.0]}, "properties": {"risk_score": 0.2, "risk_category": "safe", "sst": 29.46, "current_speed": 0.327, "factors": ["elevated_sst"], "color": "#00C853"}}, {"type": "Feature", "geometry": {"type": "Point", "coordinates": [61.0, 2.0]}, "properties": {"risk_score": 0.2, "risk_category": "safe", "sst": 29.45, "current_speed": 0.19, "factors": ["elevated_sst"], "color": "#00C853"}}, {"type": "Feature", "geometry": {"type": "Point", "coordinates": [66.0, 12.0]}, "properties": {"risk_score": 0.2, "risk_category": "safe", "sst": 29.29, "current_speed": 0.201, "factors": ["elevated_sst"], "color": "#00C853"}}, {"type": "Feature", "geometry": {"type": "Point", "coordinates": [67.0, 13.0]}, "properties": {"risk_score": 0.2, "risk_category": "safe", "sst": 29.26, "current_speed": 0.205, "factors": ["elevated_sst"], "color": "#00C853"}}, {"type": "Feature", "geometry": {"type": "Point", "coordinates": [62.0, 17.0]}, "properties": {"risk_score": 0.2, "risk_category": "safe", "sst": 29.12, "current_speed": 0.194, "factors": ["elevated_sst"], "color": "#00C853"}}, {"type": "Feature", "geometry": {"type": "Point", "coordinates": [58.0, 12.0]}, "properties": {"risk_score": 0.2, "risk_category": "safe", "sst": 29.29, "current_speed": 0.179, "factors": ["elevated_sst"], "color": "#00C853"}}, {"type": "Feature", "geometry": {"type": "Point", "coordinates": [63.0, 16.0]}, "properties": {"risk_score": 0.2, "risk_category": "safe", "sst": 29.15, "current_speed": 0.194, "factors": ["elevated_sst"], "color": "#00C853"}}, {"type": "Feature", "geometry": {"type": "Point", "coordinates": [54.0, 6.0]}, "properties": {"risk_score": 0.2, "risk_category": "safe", "sst": 29.41, "current_speed": 0.145, "factors": ["elevated_sst"], "color": "#00C853"}}, {"type": "Feature", "geometry": {"type": "Point", "coordinates": [54.0, -8.0]}, "properties": {"risk_score": 0.2, "risk_category": "safe", "sst": 29.38, "current_speed": 0.219, "factors": ["elevated_sst"], "color": "#00C853"}}, {"type": "Feature", "geometry": {"type": "Point", "coordinates": [58.0, -4.0]}, "properties": {"risk_score": 0.2, "risk_category": "safe", "sst": 29.44, "current_speed": 0.211, "factors": ["elevated_sst"], "color": "#00C853"}}, {"type": "Feature", "geometry": {"type": "Point", "coordinates": [96.0, 17.0]}, "properties": {"risk_score": 0.2, "risk_category": "safe", "sst": 29.12, "current_speed": 0.242, "factors": ["elevated_sst"], "color": "#00C853"}}, {"type": "Feature", "geometry": {"type": "Point", "coordinates": [59.0, 10.0]}, "properties": {"risk_score": 0.2, "risk_category": "safe", "sst": 29.34, "current_speed": 0.174, "factors": ["elevated_sst"], "color": "#00C853"}}, {"type": "Feature", "geometry": {"type": "Point", "coordinates": [93.0, -7.0]}, "properties": {"risk_score": 0.7, "risk_category": "danger", "sst": 29.4, "current_speed": 0.39, "factors": ["elevated_sst", "active_cyclone_nearby"], "color": "#D50000"}}, {"type": "Feature", "geometry": {"type": "Point", "coordinates": [65.0, 13.0]}, "properties": {"risk_score": 0.2, "risk_category": "safe", "sst": 29.26, "current_speed": 0.198, "factors": ["elevated_sst"], "color": "#00C853"}}, {"type": "Feature", "geometry": {"type": "Point", "coordinates": [90.0, 13.0]}, "properties": {"risk_score": 0.2, "risk_category": "safe", "sst": 29.26, "current_speed": 0.263, "factors": ["elevated_sst"], "color": "#00C853"}}, {"type": "Feature", "geometry": {"type": "Point", "coordinates": [73.0, 15.0]}, "properties": {"risk_score": 0.2, "risk_category": "safe", "sst": 29.19, "current_speed": 0.222, "factors": ["elevated_sst"], "color": "#00C853"}}, {"type": "Feature", "geometry": {"type": "Point", "coordinates": [72.0, 24.0]}, "properties": {"risk_score": 0.0, "risk_category": "safe", "sst": 28.8, "current_speed": 0.179, "factors": [], "color": "#00C853"}}, {"type": "Feature", "geometry": {"type": "Point", "coordinates": [71.0, 6.0]}, "properties": {"risk_score": 0.2, "risk_category": "safe", "sst": 29.41, "current_speed": 0.236, "factors": ["elevated_sst"], "color": "#00C853"}}, {"type": "Feature", "geometry": {"type": "Point", "coordinates": [83.0, -1.0]}, "properties": {"risk_score": 0.2, "risk_category": "safe", "sst": 29.46, "current_speed": 0.333, "factors": ["elevated_sst"], "color": "#00C853"}}, {"type": "Feature", "geometry": {"type": "Point", "coordinates": [92.0, 0.0]}, "properties": {"risk_score": 0.2, "risk_category": "safe", "sst": 29.46, "current_speed": 0.334, "factors": ["elevated_sst"], "color": "#00C853"}}, {"type": "Feature", "geometry": {"type": "Point", "coordinates": [92.0, 24.0]}, "properties": {"risk_score": 0.0, "risk_category": "safe", "sst": 28.8, "current_speed": 0.2, "factors": [], "color": "#00C853"}}, {"type": "Feature", "geometry": {"type": "Point", "coordinates": [74.0, 4.0]}, "properties": {"risk_score": 0.2, "risk_category": "safe", "sst": 29.44, "current_speed": 0.262, "factors": ["elevated_sst"], "color": "#00C853"}}, {"type": "Feature", "geometry": {"type": "Point", "coordinates": [68.0, 25.0]}, "properties": {"risk_score": 0.0, "risk_category": "safe", "sst": 28.74, "current_speed": 0.168, "factors": [], "color": "#00C853"}}, {"type": "Feature", "geometry": {"type": "Point", "coordinates": [79.0, 9.0]}, "properties": {"risk_score": 0.2, "risk_category": "safe", "sst": 29.36, "current_speed": 0.26, "factors": ["elevated_sst"], "color": "#00C853"}}, {"type": "Feature", "geometry": {"type": "Point", "coordinates": [85.0, 20.0]}, "properties": {"risk_score": 0.0, "risk_category": "safe", "sst": 28.99, "current_speed": 0.228, "factors": [], "color": "#00C853"}}, {"type": "Feature", "geometry": {"type": "Point", "coordinates": [93.0, 13.0]}, "properties": {"risk_score": 0.2, "risk_category": "safe", "sst": 29.26, "current_speed": 0.262, "factors": ["elevated_sst"], "color": "#00C853"}}, {"type": "Feature", "geometry": {"type": "Point", "coordinates": [92.0, 10.0]}, "properties": {"risk_score": 0.2, "risk_category": "safe", "sst": 29.34, "current_speed": 0.275, "factors": ["elevated_sst"], "color": "#00C853"}}, {"type": "Feature", "geometry": {"type": "Point", "coordinates": [57.0, -6.0]}, "properties": {"risk_score": 0.2, "risk_category": "safe", "sst": 29.41, "current_speed": 0.222, "factors": ["elevated_sst"], "color": "#00C853"}}, {"type": "Feature", "geometry": {"type": "Point", "coordinates": [64.0, 2.0]}, "properties": {"risk_score": 0.2, "risk_category": "safe", "sst": 29.45, "current_speed": 0.211, "factors": ["elevated_sst"], "color": "#00C853"}}, {"type": "Feature", "geometry": {"type": "Point", "coordinates": [66.0, 18.0]}, "properties": {"risk_score": 0.2, "risk_category": "safe", "sst": 29.08, "current_speed": 0.198, "factors": ["elevated_sst"], "color": "#00C853"}}, {"type": "Feature", "geometry": {"type": "Point", "coordinates": [94.0, 1.0]}, "properties": {"risk_score": 0.2, "risk_category": "safe", "sst": 29.46, "current_speed": 0.324, "factors": ["elevated_sst"], "color": "#00C853"}}, {"type": "Feature", "geometry": {"type": "Point", "coordinates": [50.0, 7.0]}, "properties": {"risk_score": 0.2, "risk_category": "safe", "sst": 29.4, "current_speed": 0.141, "factors": ["elevated_sst"], "color": "#00C853"}}, {"type": "Feature", "geometry": {"type": "Point", "coordinates": [63.0, 10.0]}, "properties": {"risk_score": 0.2, "risk_category": "safe", "sst": 29.34, "current_speed": 0.189, "factors": ["elevated_sst"], "color": "#00C853"}}, {"type": "Feature", "geometry": {"type": "Point", "coordinates": [95.0, 21.0]}, "properties": {"risk_score": 0.0, "risk_category": "safe", "sst": 28.94, "current_speed": 0.221, "factors": [], "color": "#00C853"}}, {"type": "Feature", "geometry": {"type": "Point", "coordinates": [81.0, 19.0]}, "properties": {"risk_score": 0.2, "risk_category": "safe", "sst": 29.03, "current_speed": 0.227, "factors": ["elevated_sst"], "color": "#00C853"}}, {"type": "Feature", "geometry": {"type": "Point", "coordinates": [54.0, 23.0]}, "properties": {"risk_score": 0.0, "risk_category": "safe", "sst": 28.85, "current_speed": 0.205, "factors": [], "color": "#00C853"}}, {"type": "Feature", "geometry": {"type": "Point", "coordinates": [76.0, 12.0]}, "properties": {"risk_score": 0.2, "risk_category": "safe", "sst": 29.29, "current_speed": 0.24, "factors": ["elevated_sst"], "color": "#00C853"}}, {"type": "Feature", "geometry": {"type": "Point", "coordinates": [88.0, -5.0]}, "properties": {"risk_score": 0.4, "risk_category": "caution", "sst": 29.43, "current_speed": 0.375, "factors": ["elevated_sst", "cyclone_in_region"], "color": "#FFD600"}}, {"type": "Feature", "geometry": {"type": "Point", "coordinates": [60.0, 19.0]}, "properties": {"risk_score": 0.2, "risk_category": "safe", "sst": 29.03, "current_speed": 0.194, "factors": ["elevated_sst"], "color": "#00C853"}}, {"type": "Feature", "geometry": {"type": "Point", "coordinates": [88.0, -1.0]}, "properties": {"risk_score": 0.2, "risk_category": "safe", "sst": 29.46, "current_speed": 0.342, "factors": ["elevated_sst"], "color": "#00C853"}}, {"type": "Feature", "geometry": {"type": "Point", "coordinates": [61.0, 23.0]}, "properties": {"risk_score": 0.0, "risk_category": "safe", "sst": 28.85, "current_speed": 0.184, "factors": [], "color": "#00C853"}}, {"type": "Feature", "geometry": {"type": "Point", "coordinates": [94.0, -3.0]}, "properties": {"risk_score": 0.4, "risk_category": "caution", "sst": 29.45, "current_speed": 0.356, "factors": ["elevated_sst", "cyclone_in_region"], "color": "#FFD600"}}, {"type": "Feature", "geometry": {"type": "Point", "coordinates": [99.0, 20.0]}, "properties": {"risk_score": 0.0, "risk_category": "safe", "sst": 28.99, "current_speed": 0.222, "factors": [], "color": "#00C853"}}, {"type": "Feature", "geometry": {"type": "Point", "coordinates": [63.0, 21.0]}, "properties": {"risk_score": 0.0, "risk_category": "safe", "sst": 28.94, "current_speed": 0.189, "factors": [], "color": "#00C853"}}, {"type": "Feature", "geometry": {"type": "Point", "coordinates": [92.0, -6.0]}, "properties": {"risk_score": 0.7, "risk_category": "danger", "sst": 29.41, "current_speed": 0.383, "factors": ["elevated_sst", "active_cyclone_nearby"], "color": "#D50000"}}, {"type": "Feature", "geometry": {"type": "Point", "coordinates": [68.0, -5.0]}, "properties": {"risk_score": 0.2, "risk_category": "safe", "sst": 29.43, "current_speed": 0.294, "factors": ["elevated_sst"], "color": "#00C853"}}, {"type": "Feature", "geometry": {"type": "Point", "coordinates": [84.0, 25.0]}, "properties": {"risk_score": 0.0, "risk_category": "safe", "sst": 28.74, "current_speed": 0.188, "factors": [], "color": "#00C853"}}, {"type": "Feature", "geometry": {"type": "Point", "coordinates": [53.0, 11.0]}, "properties": {"risk_score": 0.2, "risk_category": "safe", "sst": 29.31, "current_speed": 0.17, "factors": ["elevated_sst"], "color": "#00C853"}}, {"type": "Feature", "geometry": {"type": "Point", "coordinates": [53.0, -7.0]}, "properties": {"risk_score": 0.2, "risk_category": "safe", "sst": 29.4, "current_speed": 0.202, "factors": ["elevated_sst"], "color": "#00C853"}}, {"type": "Feature", "geometry": {"type": "Point", "coordinates": [98.0, 25.0]}, "properties": {"risk_score": 0.0, "risk_category": "safe", "sst": 28.74, "current_speed": 0.186, "factors": [], "color": "#00C853"}}, {"type": "Feature", "geometry": {"type": "Point", "coordinates": [98.0, -6.0]}, "properties": {"risk_score": 0.4, "risk_category": "caution", "sst": 29.41, "current_speed": 0.372, "factors": ["elevated_sst", "cyclone_in_region"], "color": "#FFD600"}}, {"type": "Feature", "geometry": {"type": "Point", "coordinates": [66.0, 5.0]}, "properties": {"risk_score": 0.2, "risk_category": "safe", "sst": 29.43, "current_speed": 0.211, "factors": ["elevated_sst"], "color": "#00C853"}}, {"type": "Feature", "geometry": {"type": "Point", "coordinates": [95.0, 8.0]}, "properties": {"risk_score": 0.2, "risk_category": "safe", "sst": 29.38, "current_speed": 0.28, "factors": ["elevated_sst"], "color": "#00C853"}}, {"type": "Feature", "geometry": {"type": "Point", "coordinates": [89.0, 23.0]}, "properties": {"risk_score": 0.0, "risk_category": "safe", "sst": 28.85, "current_speed": 0.209, "factors": [], "color": "#00C853"}}, {"type": "Feature", "geometry": {"type": "Point", "coordinates": [60.0, -8.0]}, "properties": {"risk_score": 0.2, "risk_category": "safe", "sst": 29.38, "current_speed": 0.264, "factors": ["elevated_sst"], "color": "#00C853"}}, {"type": "Feature", "geometry": {"type": "Point", "coordinates": [80.0, 18.0]}, "properties": {"risk_score": 0.2, "risk_category": "safe", "sst": 29.08, "current_speed": 0.23, "factors": ["elevated_sst"], "color": "#00C853"}}, {"type": "Feature", "geometry": {"type": "Point", "coordinates": [92.0, 14.0]}, "properties": {"risk_score": 0.2, "risk_category": "safe", "sst": 29.22, "current_speed": 0.259, "factors": ["elevated_sst"], "color": "#00C853"}}, {"type": "Feature", "geometry": {"type": "Point", "coordinates": [50.0, -10.0]}, "properties": {"risk_score": 0.2, "risk_category": "safe", "sst": 29.34, "current_speed": 0.209, "factors": ["elevated_sst"], "color": "#00C853"}}, {"type": "Feature", "geometry": {"type": "Point", "coordinates": [78.0, 4.0]}, "properties": {"risk_score": 0.2, "risk_category": "safe", "sst": 29.44, "current_speed": 0.281, "factors": ["elevated_sst"], "color": "#00C853"}}, {"type": "Feature", "geometry": {"type": "Point", "coordinates": [95.0, 4.0]}, "properties": {"risk_score": 0.2, "risk_category": "safe", "sst": 29.44, "current_speed": 0.302, "factors": ["elevated_sst"], "color": "#00C853"}}, {"type": "Feature", "geometry": {"type": "Point", "coordinates": [74.0, 16.0]}, "properties": {"risk_score": 0.2, "risk_category": "safe", "sst": 29.15, "current_speed": 0.223, "factors": ["elevated_sst"], "color": "#00C853"}}, {"type": "Feature", "geometry": {"type": "Point", "coordinates": [52.0, 11.0]}, "properties": {"risk_score": 0.2, "risk_category": "safe", "sst": 29.31, "current_speed": 0.171, "factors": ["elevated_sst"], "color": "#00C853"}}, {"type": "Feature", "geometry": {"type": "Point", "coordinates": [68.0, 7.0]}, "properties": {"risk_score": 0.2, "risk_category": "safe", "sst": 29.4, "current_speed": 0.216, "factors": ["elevated_sst"], "color": "#00C853"}}, {"type": "Feature", "geometry": {"type": "Point", "coordinates": [88.0, 20.0]}, "properties": {"risk_score": 0.0, "risk_category": "safe", "sst": 28.99, "current_speed": 0.23, "factors": [], "color": "#00C853"}}, {"type": "Feature", "geometry": {"type": "Point", "coordinates": [77.0, 21.0]}, "properties": {"risk_score": 0.0, "risk_category": "safe", "sst": 28.94, "current_speed": 0.208, "factors": [], "color": "#00C853"}}, {"type": "Feature", "geometry": {"type": "Point", "coordinates": [61.0, -1.0]}, "properties": {"risk_score": 0.2, "risk_category": "safe", "sst": 29.46, "current_speed": 0.209, "factors": ["elevated_sst"], "color": "#00C853"}}, {"type": "Feature", "geometry": {"type": "Point", "coordinates": [64.0, 15.0]}, "properties": {"risk_score": 0.2, "risk_category": "safe", "sst": 29.19, "current_speed": 0.196, "factors": ["elevated_sst"], "color": "#00C853"}}, {"type": "Feature", "geometry": {"type": "Point", "coordinates": [99.0, -5.0]}, "properties": {"risk_score": 0.4, "risk_category": "caution", "sst": 29.43, "current_speed": 0.361, "factors": ["elevated_sst", "cyclone_in_region"], "color": "#FFD600"}}, {"type": "Feature", "geometry": {"type": "Point", "coordinates": [83.0, -3.0]}, "properties": {"risk_score": 0.2, "risk_category": "safe", "sst": 29.45, "current_speed": 0.35, "factors": ["elevated_sst"], "color": "#00C853"}}, {"type": "Feature", "geometry": {"type": "Point", "coordinates": [52.0, 24.0]}, "properties": {"risk_score": 0.0, "risk_category": "safe", "sst": 28.8, "current_speed": 0.212, "factors": [], "color": "#00C853"}}, {"type": "Feature", "geometry": {"type": "Point", "coordinates": [71.0, 9.0]}, "properties": {"risk_score": 0.2, "risk_category": "safe", "sst": 29.36, "current_speed": 0.227, "factors": ["elevated_sst"], "color": "#00C853"}}, {"type": "Feature", "geometry": {"type": "Point", "coordinates": [81.0, 15.0]}, "properties": {"risk_score": 0.2, "risk_category": "safe", "sst": 29.19, "current_speed": 0.245, "factors": ["elevated_sst"], "color": "#00C853"}}, {"type": "Feature", "geometry": {"type": "Point", "coordinates": [93.0, 1.0]}, "properties": {"risk_score": 0.2, "risk_category": "safe", "sst": 29.46, "current_speed": 0.325, "factors": ["elevated_sst"], "color": "#00C853"}}, {"type": "Feature", "geometry": {"type": "Point", "coordinates": [93.0, -8.0]}, "properties": {"risk_score": 0.7, "risk_category": "danger", "sst": 29.38, "current_speed": 0.398, "factors": ["elevated_sst", "active_cyclone_nearby"], "color": "#D50000"}}, {"type": "Feature", "geometry": {"type": "Point", "coordinates": [87.0, 11.0]}, "properties": {"risk_score": 0.2, "risk_category": "safe", "sst": 29.31, "current_speed": 0.27, "factors": ["elevated_sst"], "color": "#00C853"}}, {"type": "Feature", "geometry": {"type": "Point", "coordinates": [95.0, -1.0]}, "properties": {"risk_score": 0.2, "risk_category": "safe", "sst": 29.46, "current_speed": 0.338, "factors": ["elevated_sst"], "color": "#00C853"}}, {"type": "Feature", "geometry": {"type": "Point", "coordinates": [98.0, 10.0]}, "properties": {"risk_score": 0.2, "risk_category": "safe", "sst": 29.34, "current_speed": 0.265, "factors": ["elevated_sst"], "color": "#00C853"}}, {"type": "Feature", "geometry": {"type": "Point", "coordinates": [91.0, -4.0]}, "properties": {"risk_score": 0.4, "risk_category": "caution", "sst": 29.44, "current_speed": 0.367, "factors": ["elevated_sst", "cyclone_in_region"], "color": "#FFD600"}}, {"type": "Feature", "geometry": {"type": "Point", "coordinates": [88.0, 23.0]}, "properties": {"risk_score": 0.0, "risk_category": "safe", "sst": 28.85, "current_speed": 0.209, "factors": [], "color": "#00C853"}}, {"type": "Feature", "geometry": {"type": "Point", "coordinates": [80.0, 16.0]}, "properties": {"risk_score": 0.2, "risk_category": "safe", "sst": 29.15, "current_speed": 0.239, "factors": ["elevated_sst"], "color": "#00C853"}}, {"type": "Feature", "geometry": {"type": "Point", "coordinates": [51.0, -3.0]}, "properties": {"risk_score": 0.2, "risk_category": "safe", "sst": 29.45, "current_speed": 0.148, "factors": ["elevated_sst"], "color": "#00C853"}}, {"type": "Feature", "geometry": {"type": "Point", "coordinates": [99.0, 18.0]}, "properties": {"risk_score": 0.2, "risk_category": "safe", "sst": 29.08, "current_speed": 0.232, "factors": ["elevated_sst"], "color": "#00C853"}}, {"type": "Feature", "geometry": {"type": "Point", "coordinates": [80.0, -7.0]}, "properties": {"risk_score": 0.4, "risk_category": "caution", "sst": 29.4, "current_speed": 0.374, "factors": ["elevated_sst", "cyclone_in_region"], "color": "#FFD600"}}, {"type": "Feature", "geometry": {"type": "Point", "coordinates": [84.0, 14.0]}, "properties": {"risk_score": 0.2, "risk_category": "safe", "sst": 29.22, "current_speed": 0.254, "factors": ["elevated_sst"], "color": "#00C853"}}, {"type": "Feature", "geometry": {"type": "Point", "coordinates": [70.0, 2.0]}, "properties": {"risk_score": 0.2, "risk_category": "safe", "sst": 29.45, "current_speed": 0.251, "factors": ["elevated_sst"], "color": "#00C853"}}, {"type": "Feature", "geometry": {"type": "Point", "coordinates": [85.0, 13.0]}, "properties": {"risk_score": 0.2, "risk_category": "safe", "sst": 29.26, "current_speed": 0.26, "factors": ["elevated_sst"], "color": "#00C853"}}, {"type": "Feature", "geometry": {"type": "Point", "coordinates": [100.0, 16.0]}, "properties": {"risk_score": 0.2, "risk_category": "safe", "sst": 29.15, "current_speed": 0.239, "factors": ["elevated_sst"], "color": "#00C853"}}, {"type": "Feature", "geometry": {"type": "Point", "coordinates": [69.0, 18.0]}, "properties": {"risk_score": 0.2, "risk_category": "safe", "sst": 29.08, "current_speed": 0.204, "factors": ["elevated_sst"], "color": "#00C853"}}, {"type": "Feature", "geometry": {"type": "Point", "coordinates": [72.0, 2.0]}, "properties": {"risk_score": 0.2, "risk_category": "safe", "sst": 29.45, "current_speed": 0.263, "factors": ["elevated_sst"], "color": "#00C853"}}, {"type": "Feature", "geometry": {"type": "Point", "coordinates": [77.0, -8.0]}, "properties": {"risk_score": 0.4, "risk_category": "caution", "sst": 29.38, "current_speed": 0.37, "factors": ["elevated_sst", "cyclone_in_region"], "color": "#FFD600"}}, {"type": "Feature", "geometry": {"type": "Point", "coordinates": [71.0, 16.0]}, "properties": {"risk_score": 0.2, "risk_category": "safe", "sst": 29.15, "current_speed": 0.214, "factors": ["elevated_sst"], "color": "#00C853"}}, {"type": "Feature", "geometry": {"type": "Point", "coordinates": [93.0, 6.0]}, "properties": {"risk_score": 0.2, "risk_category": "safe", "sst": 29.41, "current_speed": 0.293, "factors": ["elevated_sst"], "color": "#00C853"}}, {"type": "Feature", "geometry": {"type": "Point", "coordinates": [66.0, -9.0]}, "properties": {"risk_score": 0.2, "risk_category": "safe", "sst": 29.36, "current_speed": 0.316, "factors": ["elevated_sst"], "color": "#00C853"}}, {"type": "Feature", "geometry": {"type": "Point", "coordinates": [91.0, 20.0]}, "properties": {"risk_score": 0.0, "risk_category": "safe", "sst": 28.99, "current_speed": 0.23, "factors": [], "color": "#00C853"}}, {"type": "Feature", "geometry": {"type": "Point", "coordinates": [75.0, 5.0]}, "properties": {"risk_score": 0.2, "risk_category": "safe", "sst": 29.43, "current_speed": 0.262, "factors": ["elevated_sst"], "color": "#00C853"}}, {"type": "Feature", "geometry": {"type": "Point", "coordinates": [86.0, 9.0]}, "properties": {"risk_score": 0.2, "risk_category": "safe", "sst": 29.36, "current_speed": 0.277, "factors": ["elevated_sst"], "color": "#00C853"}}, {"type": "Feature", "geometry": {"type": "Point", "coordinates": [93.0, 16.0]}, "properties": {"risk_score": 0.2, "risk_category": "safe", "sst": 29.15, "current_speed": 0.25, "factors": ["elevated_sst"], "color": "#00C853"}}, {"type": "Feature", "geometry": {"type": "Point", "coordinates": [65.0, -4.0]}, "properties": {"risk_score": 0.2, "risk_category": "safe", "sst": 29.44, "current_speed": 0.264, "factors": ["elevated_sst"], "color": "#00C853"}}, {"type": "Feature", "geometry": {"type": "Point", "coordinates": [80.0, -1.0]}, "properties": {"risk_score": 0.2, "risk_category": "safe", "sst": 29.46, "current_speed": 0.324, "factors": ["elevated_sst"], "color": "#00C853"}}, {"type": "Feature", "geometry": {"type": "Point", "coordinates": [63.0, -10.0]}, "properties": {"risk_score": 0.2, "risk_category": "safe", "sst": 29.34, "current_speed": 0.303, "factors": ["elevated_sst"], "color": "#00C853"}}, {"type": "Feature", "geometry": {"type": "Point", "coordinates": [79.0, 20.0]}, "properties": {"risk_score": 0.0, "risk_category": "safe", "sst": 28.99, "current_speed": 0.218, "factors": [], "color": "#00C853"}}, {"type": "Feature", "geometry": {"type": "Point", "coordinates": [59.0, -8.0]}, "properties": {"risk_score": 0.2, "risk_category": "safe", "sst": 29.38, "current_speed": 0.257, "factors": ["elevated_sst"], "color": "#00C853"}}, {"type": "Feature", "geometry": {"type": "Point", "coordinates": [54.0, 12.0]}, "properties": {"risk_score": 0.2, "risk_category": "safe", "sst": 29.29, "current_speed": 0.176, "factors": ["elevated_sst"], "color": "#00C853"}}, {"type": "Feature", "geometry": {"type": "Point", "coordinates": [55.0, -4.0]}, "properties": {"risk_score": 0.2, "risk_category": "safe", "sst": 29.44, "current_speed": 0.188, "factors": ["elevated_sst"], "color": "#00C853"}}, {"type": "Feature", "geometry": {"type": "Point", "coordinates": [73.0, -3.0]}, "properties": {"risk_score": 0.2, "risk_category": "safe", "sst": 29.45, "current_speed": 0.308, "factors": ["elevated_sst"], "color": "#00C853"}}, {"type": "Feature", "geometry": {"type": "Point", "coordinates": [61.0, 22.0]}, "properties": {"risk_score": 0.0, "risk_category": "safe", "sst": 28.9, "current_speed": 0.187, "factors": [], "color": "#00C853"}}, {"type": "Feature", "geometry": {"type": "Point", "coordinates": [94.0, 10.0]}, "properties": {"risk_score": 0.2, "risk_category": "safe", "sst": 29.34, "current_speed": 0.273, "factors": ["elevated_sst"], "color": "#00C853"}}, {"type": "Feature", "geometry": {"type": "Point", "coordinates": [56.0, 18.0]}, "properties": {"risk_score": 0.2, "risk_category": "safe", "sst": 29.08, "current_speed": 0.198, "factors": ["elevated_sst"], "color": "#00C853"}}, {"type": "Feature", "geometry": {"type": "Point", "coordinates": [96.0, -6.0]}, "properties": {"risk_score": 0.4, "risk_category": "caution", "sst": 29.41, "current_speed": 0.377, "factors": ["elevated_sst", "cyclone_in_region"], "color": "#FFD600"}}, {"type": "Feature", "geometry": {"type": "Point", "coordinates": [60.0, 20.0]}, "properties": {"risk_score": 0.0, "risk_category": "safe", "sst": 28.99, "current_speed": 0.193, "factors": [], "color": "#00C853"}}, {"type": "Feature", "geometry": {"type": "Point", "coordinates": [89.0, 6.0]}, "properties": {"risk_score": 0.2, "risk_category": "safe", "sst": 29.41, "current_speed": 0.294, "factors": ["elevated_sst"], "color": "#00C853"}}, {"type": "Feature", "geometry": {"type": "Point", "coordinates": [94.0, 22.0]}, "properties": {"risk_score": 0.0, "risk_category": "safe", "sst": 28.9, "current_speed": 0.215, "factors": [], "color": "#00C853"}}, {"type": "Feature", "geometry": {"type": "Point", "coordinates": [93.0, 2.0]}, "properties": {"risk_score": 0.2, "risk_category": "safe", "sst": 29.45, "current_speed": 0.318, "factors": ["elevated_sst"], "color": "#00C853"}}, {"type": "Feature", "geometry": {"type": "Point", "coordinates": [68.0, 20.0]}, "properties": {"risk_score": 0.0, "risk_category": "safe", "sst": 28.99, "current_speed": 0.195, "factors": [], "color": "#00C853"}}, {"type": "Feature", "geometry": {"type": "Point", "coordinates": [86.0, 24.0]}, "properties": {"risk_score": 0.0, "risk_category": "safe", "sst": 28.8, "current_speed": 0.199, "factors": [], "color": "#00C853"}}, {"type": "Feature", "geometry": {"type": "Point", "coordinates": [100.0, 0.0]}, "properties": {"risk_score": 0.2, "risk_category": "safe", "sst": 29.46, "current_speed": 0.316, "factors": ["elevated_sst"], "color": "#00C853"}}, {"type": "Feature", "geometry": {"type": "Point", "coordinates": [56.0, -7.0]}, "properties": {"risk_score": 0.2, "risk_category": "safe", "sst": 29.4, "current_speed": 0.224, "factors": ["elevated_sst"], "color": "#00C853"}}, {"type": "Feature", "geometry": {"type": "Point", "coordinates": [73.0, 0.0]}, "properties": {"risk_score": 0.2, "risk_category": "safe", "sst": 29.46, "current_speed": 0.283, "factors": ["elevated_sst"], "color": "#00C853"}}, {"type": "Feature", "geometry": {"type": "Point", "coordinates": [64.0, -10.0]}, "properties": {"risk_score": 0.2, "risk_category": "safe", "sst": 29.34, "current_speed": 0.31, "factors": ["elevated_sst"], "color": "#00C853"}}, {"type": "Feature", "geometry": {"type": "Point", "coordinates": [81.0, 16.0]}, "properties": {"risk_score": 0.2, "risk_category": "safe", "sst": 29.15, "current_speed": 0.241, "factors": ["elevated_sst"], "color": "#00C853"}}, {"type": "Feature", "geometry": {"type": "Point", "coordinates": [54.0, 25.0]}, "properties": {"risk_score": 0.0, "risk_category": "safe", "sst": 28.74, "current_speed": 0.2, "factors": [], "color": "#00C853"}}, {"type": "Feature", "geometry": {"type": "Point", "coordinates": [79.0, 15.0]}, "properties": {"risk_score": 0.2, "risk_category": "safe", "sst": 29.19, "current_speed": 0.24, "factors": ["elevated_sst"], "color": "#00C853"}}, {"type": "Feature", "geometry": {"type": "Point", "coordinates": [73.0, 12.0]}, "properties": {"risk_score": 0.2, "risk_category": "safe", "sst": 29.29, "current_speed": 0.229, "factors": ["elevated_sst"], "color": "#00C853"}}, {"type": "Feature", "geometry": {"type": "Point", "coordinates": [89.0, 15.0]}, "properties": {"risk_score": 0.2, "risk_category": "safe", "sst": 29.19, "current_speed": 0.255, "factors": ["elevated_sst"], "color": "#00C853"}}, {"type": "Feature", "geometry": {"type": "Point", "coordinates": [51.0, 9.0]}, "properties": {"risk_score": 0.2, "risk_category": "safe", "sst": 29.36, "current_speed": 0.156, "factors": ["elevated_sst"], "color": "#00C853"}}, {"type": "Feature", "geometry": {"type": "Point", "coordinates": [79.0, 18.0]}, "properties": {"risk_score": 0.2, "risk_category": "safe", "sst": 29.08, "current_speed": 0.228, "factors": ["elevated_sst"], "color": "#00C853"}}, {"type": "Feature", "geometry": {"type": "Point", "coordinates": [50.0, 21.0]}, "properties": {"risk_score": 0.0, "risk_category": "safe", "sst": 28.94, "current_speed": 0.223, "factors": [], "color": "#00C853"}}, {"type": "Feature", "geometry": {"type": "Point", "coordinates": [61.0, 0.0]}, "properties": {"risk_score": 0.2, "risk_category": "safe", "sst": 29.46, "current_speed": 0.202, "factors": ["elevated_sst"], "color": "#00C853"}}, {"type": "Feature", "geometry": {"type": "Point", "coordinates": [59.0, 23.0]}, "properties": {"risk_score": 0.0, "risk_category": "safe", "sst": 28.85, "current_speed": 0.188, "factors": [], "color": "#00C853"}}, {"type": "Feature", "geometry": {"type": "Point", "coordinates": [79.0, -5.0]}, "properties": {"risk_score": 0.4, "risk_category": "caution", "sst": 29.43, "current_speed": 0.354, "factors": ["elevated_sst", "cyclone_in_region"], "color": "#FFD600"}}, {"type": "Feature", "geometry": {"type": "Point", "coordinates": [57.0, 21.0]}, "properties": {"risk_score": 0.0, "risk_category": "safe", "sst": 28.94, "current_speed": 0.197, "factors": [], "color": "#00C853"}}, {"type": "Feature", "geometry": {"type": "Point", "coordinates": [53.0, 1.0]}, "properties": {"risk_score": 0.2, "risk_category": "safe", "sst": 29.46, "current_speed": 0.138, "factors": ["elevated_sst"], "color": "#00C853"}}, {"type": "Feature", "geometry": {"type": "Point", "coordinates": [91.0, -6.0]}, "properties": {"risk_score": 0.7, "risk_category": "danger", "sst": 29.41, "current_speed": 0.384, "factors": ["elevated_sst", "active_cyclone_nearby"], "color": "#D50000"}}, {"type": "Feature", "geometry": {"type": "Point", "coordinates": [95.0, -8.0]}, "properties": {"risk_score": 0.7, "risk_category": "danger", "sst": 29.38, "current_speed": 0.395, "factors": ["elevated_sst", "active_cyclone_nearby"], "color": "#D50000"}}, {"type": "Feature", "geometry": {"type": "Point", "coordinates": [65.0, 21.0]}, "properties": {"risk_score": 0.0, "risk_category": "safe", "sst": 28.94, "current_speed": 0.189, "factors": [], "color": "#00C853"}}, {"type": "Feature", "geometry": {"type": "Point", "coordinates": [55.0, -8.0]}, "properties": {"risk_score": 0.2, "risk_category": "safe", "sst": 29.38, "current_speed": 0.226, "factors": ["elevated_sst"], "color": "#00C853"}}, {"type": "Feature", "geometry": {"type": "Point", "coordinates": [67.0, -3.0]}, "properties": {"risk_score": 0.2, "risk_category": "safe", "sst": 29.45, "current_speed": 0.27, "factors": ["elevated_sst"], "color": "#00C853"}}, {"type": "Feature", "geometry": {"type": "Point", "coordinates": [58.0, 4.0]}, "properties": {"risk_score": 0.2, "risk_category": "safe", "sst": 29.44, "current_speed": 0.163, "factors": ["elevated_sst"], "color": "#00C853"}}, {"type": "Feature", "geometry": {"type": "Point", "coordinates": [89.0, -9.0]}, "properties": {"risk_score": 0.7, "risk_category": "danger", "sst": 29.36, "current_speed": 0.407, "factors": ["elevated_sst", "active_cyclone_nearby"], "color": "#D50000"}}, {"type": "Feature", "geometry": {"type": "Point", "coordinates": [93.0, 17.0]}, "properties": {"risk_score": 0.2, "risk_category": "safe", "sst": 29.12, "current_speed": 0.245, "factors": ["elevated_sst"], "color": "#00C853"}}, {"type": "Feature", "geometry": {"type": "Point", "coordinates": [84.0, 18.0]}, "properties": {"risk_score": 0.2, "risk_category": "safe", "sst": 29.08, "current_speed": 0.237, "factors": ["elevated_sst"], "color": "#00C853"}}, {"type": "Feature", "geometry": {"type": "Point", "coordinates": [51.0, 21.0]}, "properties": {"risk_score": 0.0, "risk_category": "safe", "sst": 28.94, "current_speed": 0.219, "factors": [], "color": "#00C853"}}, {"type": "Feature", "geometry": {"type": "Point", "coordinates": [97.0, 1.0]}, "properties": {"risk_score": 0.2, "risk_category": "safe", "sst": 29.46, "current_speed": 0.318, "factors": ["elevated_sst"], "color": "#00C853"}}, {"type": "Feature", "geometry": {"type": "Point", "coordinates": [61.0, -4.0]}, "properties": {"risk_score": 0.2, "risk_category": "safe", "sst": 29.44, "current_speed": 0.234, "factors": ["elevated_sst"], "color": "#00C853"}}, {"type": "Feature", "geometry": {"type": "Point", "coordinates": [92.0, -7.0]}, "properties": {"risk_score": 0.7, "risk_category": "danger", "sst": 29.4, "current_speed": 0.391, "factors": ["elevated_sst", "active_cyclone_nearby"], "color": "#D50000"}}, {"type": "Feature", "geometry": {"type": "Point", "coordinates": [89.0, 22.0]}, "properties": {"risk_score": 0.0, "risk_category": "safe", "sst": 28.9, "current_speed": 0.217, "factors": [], "color": "#00C853"}}, {"type": "Feature", "geometry": {"type": "Point", "coordinates": [86.0, -6.0]}, "properties": {"risk_score": 0.7, "risk_category": "danger", "sst": 29.41, "current_speed": 0.381, "factors": ["elevated_sst", "active_cyclone_nearby"], "color": "#D50000"}}, {"type": "Feature", "geometry": {"type": "Point", "coordinates": [66.0, 21.0]}, "properties": {"risk_score": 0.0, "risk_category": "safe", "sst": 28.94, "current_speed": 0.189, "factors": [], "color": "#00C853"}}, {"type": "Feature", "geometry": {"type": "Point", "coordinates": [88.0, 17.0]}, "properties": {"risk_score": 0.2, "risk_category": "safe", "sst": 29.12, "current_speed": 0.246, "factors": ["elevated_sst"], "color": "#00C853"}}, {"type": "Feature", "geometry": {"type": "Point", "coordinates": [58.0, 5.0]}, "properties": {"risk_score": 0.2, "risk_category": "safe", "sst": 29.43, "current_speed": 0.162, "factors": ["elevated_sst"], "color": "#00C853"}}, {"type": "Feature", "geometry": {"type": "Point", "coordinates": [99.0, -1.0]}, "properties": {"risk_score": 0.2, "risk_category": "safe", "sst": 29.46, "current_speed": 0.327, "factors": ["elevated_sst"], "color": "#00C853"}}, {"type": "Feature", "geometry": {"type": "Point", "coordinates": [79.0, 13.0]}, "properties": {"risk_score": 0.2, "risk_category": "safe", "sst": 29.26, "current_speed": 0.247, "factors": ["elevated_sst"], "color": "#00C853"}}, {"type": "Feature", "geometry": {"type": "Point", "coordinates": [87.0, 22.0]}, "properties": {"risk_score": 0.0, "risk_category": "safe", "sst": 28.9, "current_speed": 0.216, "factors": [], "color": "#00C853"}}, {"type": "Feature", "geometry": {"type": "Point", "coordinates": [65.0, 9.0]}, "properties": {"risk_score": 0.2, "risk_category": "safe", "sst": 29.36, "current_speed": 0.197, "factors": ["elevated_sst"], "color": "#00C853"}}, {"type": "Feature", "geometry": {"type": "Point", "coordinates": [73.0, 2.0]}, "properties": {"risk_score": 0.2, "risk_category": "safe", "sst": 29.45, "current_speed": 0.269, "factors": ["elevated_sst"], "color": "#00C853"}}, {"type": "Feature", "geometry": {"type": "Point", "coordinates": [66.0, 8.0]}, "properties": {"risk_score": 0.2, "risk_category": "safe", "sst": 29.38, "current_speed": 0.204, "factors": ["elevated_sst"], "color": "#00C853"}}, {"type": "Feature", "geometry": {"type": "Point", "coordinates": [62.0, 11.0]}, "properties": {"risk_score": 0.2, "risk_category": "safe", "sst": 29.31, "current_speed": 0.186, "factors": ["elevated_sst"], "color": "#00C853"}}, {"type": "Feature", "geometry": {"type": "Point", "coordinates": [67.0, 11.0]}, "properties": {"risk_score": 0.2, "risk_category": "safe", "sst": 29.31, "current_speed": 0.205, "factors": ["elevated_sst"], "color": "#00C853"}}, {"type": "Feature", "geometry": {"type": "Point", "coordinates": [60.0, 7.0]}, "properties": {"risk_score": 0.2, "risk_category": "safe", "sst": 29.4, "current_speed": 0.173, "factors": ["elevated_sst"], "color": "#00C853"}}, {"type": "Feature", "geometry": {"type": "Point", "coordinates": [86.0, 6.0]}, "properties": {"risk_score": 0.2, "risk_category": "safe", "sst": 29.41, "current_speed": 0.292, "factors": ["elevated_sst"], "color": "#00C853"}}, {"type": "Feature", "geometry": {"type": "Point", "coordinates": [66.0, 17.0]}, "properties": {"risk_score": 0.2, "risk_category": "safe", "sst": 29.12, "current_speed": 0.199, "factors": ["elevated_sst"], "color": "#00C853"}}, {"type": "Feature", "geometry": {"type": "Point", "coordinates": [85.0, 11.0]}, "properties": {"risk_score": 0.2, "risk_category": "safe", "sst": 29.31, "current_speed": 0.267, "factors": ["elevated_sst"], "color": "#00C853"}}, {"type": "Feature", "geometry": {"type": "Point", "coordinates": [82.0, 25.0]}, "properties": {"risk_score": 0.0, "risk_category": "safe", "sst": 28.74, "current_speed": 0.186, "factors": [], "color": "#00C853"}}, {"type": "Feature", "geometry": {"type": "Point", "coordinates": [80.0, 25.0]}, "properties": {"risk_score": 0.0, "risk_category": "safe", "sst": 28.74, "current_speed": 0.183, "factors": [], "color": "#00C853"}}, {"type": "Feature", "geometry": {"type": "Point", "coordinates": [95.0, -3.0]}, "properties": {"risk_score": 0.4, "risk_category": "caution", "sst": 29.45, "current_speed": 0.354, "factors": ["elevated_sst", "cyclone_in_region"], "color": "#FFD600"}}, {"type": "Feature", "geometry": {"type": "Point", "coordinates": [52.0, 13.0]}, "properties": {"risk_score": 0.2, "risk_category": "safe", "sst": 29.26, "current_speed": 0.184, "factors": ["elevated_sst"], "color": "#00C853"}}, {"type": "Feature", "geometry": {"type": "Point", "coordinates": [85.0, -7.0]}, "properties": {"risk_score": 0.7, "risk_category": "danger", "sst": 29.4, "current_speed": 0.387, "factors": ["elevated_sst", "active_cyclone_nearby"], "color": "#D50000"}}, {"type": "Feature", "geometry": {"type": "Point", "coordinates": [97.0, 21.0]}, "properties": {"risk_score": 0.0, "risk_category": "safe", "sst": 28.94, "current_speed": 0.219, "factors": [], "color": "#00C853"}}, {"type": "Feature", "geometry": {"type": "Point", "coordinates": [94.0, -4.0]}, "properties": {"risk_score": 0.4, "risk_category": "caution", "sst": 29.44, "current_speed": 0.364, "factors": ["elevated_sst", "cyclone_in_region"], "color": "#FFD600"}}, {"type": "Feature", "geometry": {"type": "Point", "coordinates": [97.0, 2.0]}, "properties": {"risk_score": 0.2, "risk_category": "safe", "sst": 29.45, "current_speed": 0.311, "factors": ["elevated_sst"], "color": "#00C853"}}, {"type": "Feature", "geometry": {"type": "Point", "coordinates": [100.0, 1.0]}, "properties": {"risk_score": 0.2, "risk_category": "safe", "sst": 29.46, "current_speed": 0.309, "factors": ["elevated_sst"], "color": "#00C853"}}, {"type": "Feature", "geometry": {"type": "Point", "coordinates": [80.0, -5.0]}, "properties": {"risk_score": 0.4, "risk_category": "caution", "sst": 29.43, "current_speed": 0.357, "factors": ["elevated_sst", "cyclone_in_region"], "color": "#FFD600"}}, {"type": "Feature", "geometry": {"type": "Point", "coordinates": [98.0, 5.0]}, "properties": {"risk_score": 0.2, "risk_category": "safe", "sst": 29.43, "current_speed": 0.289, "factors": ["elevated_sst"], "color": "#00C853"}}, {"type": "Feature", "geometry": {"type": "Point", "coordinates": [66.0, -8.0]}, "properties": {"risk_score": 0.2, "risk_category": "safe", "sst": 29.38, "current_speed": 0.307, "factors": ["elevated_sst"], "color": "#00C853"}}, {"type": "Feature", "geometry": {"type": "Point", "coordinates": [76.0, 19.0]}, "properties": {"risk_score": 0.2, "risk_category": "safe", "sst": 29.03, "current_speed": 0.217, "factors": ["elevated_sst"], "color": "#00C853"}}, {"type": "Feature", "geometry": {"type": "Point", "coordinates": [76.0, 9.0]}, "properties": {"risk_score": 0.2, "risk_category": "safe", "sst": 29.36, "current_speed": 0.249, "factors": ["elevated_sst"], "color": "#00C853"}}, {"type": "Feature", "geometry": {"type": "Point", "coordinates": [69.0, -6.0]}, "properties": {"risk_score": 0.2, "risk_category": "safe", "sst": 29.41, "current_speed": 0.31, "factors": ["elevated_sst"], "color": "#00C853"}}, {"type": "Feature", "geometry": {"type": "Point", "coordinates": [91.0, -10.0]}, "properties": {"risk_score": 0.7, "risk_category": "danger", "sst": 29.34, "current_speed": 0.414, "factors": ["elevated_sst", "active_cyclone_nearby"], "color": "#D50000"}}, {"type": "Feature", "geometry": {"type": "Point", "coordinates": [82.0, 10.0]}, "properties": {"risk_score": 0.2, "risk_category": "safe", "sst": 29.34, "current_speed": 0.265, "factors": ["elevated_sst"], "color": "#00C853"}}, {"type": "Feature", "geometry": {"type": "Point", "coordinates": [50.0, -4.0]}, "properties": {"risk_score": 0.2, "risk_category": "safe", "sst": 29.44, "current_speed": 0.15, "factors": ["elevated_sst"], "color": "#00C853"}}, {"type": "Feature", "geometry": {"type": "Point", "coordinates": [58.0, 2.0]}, "properties": {"risk_score": 0.2, "risk_category": "safe", "sst": 29.45, "current_speed": 0.169, "factors": ["elevated_sst"], "color": "#00C853"}}, {"type": "Feature", "geometry": {"type": "Point", "coordinates": [62.0, 10.0]}, "properties": {"risk_score": 0.2, "risk_category": "safe", "sst": 29.34, "current_speed": 0.185, "factors": ["elevated_sst"], "color": "#00C853"}}, {"type": "Feature", "geometry": {"type": "Point", "coordinates": [51.0, 13.0]}, "properties": {"risk_score": 0.2, "risk_category": "safe", "sst": 29.26, "current_speed": 0.186, "factors": ["elevated_sst"], "color": "#00C853"}}, {"type": "Feature", "geometry": {"type": "Point", "coordinates": [77.0, 2.0]}, "properties": {"risk_score": 0.2, "risk_category": "safe", "sst": 29.45, "current_speed": 0.289, "factors": ["elevated_sst"], "color": "#00C853"}}, {"type": "Feature", "geometry": {"type": "Point", "coordinates": [68.0, -1.0]}, "properties": {"risk_score": 0.2, "risk_category": "safe", "sst": 29.46, "current_speed": 0.26, "factors": ["elevated_sst"], "color": "#00C853"}}, {"type": "Feature", "geometry": {"type": "Point", "coordinates": [99.0, -7.0]}, "properties": {"risk_score": 0.4, "risk_category": "caution", "sst": 29.4, "current_speed": 0.377, "factors": ["elevated_sst", "cyclone_in_region"], "color": "#FFD600"}}, {"type": "Feature", "geometry": {"type": "Point", "coordinates": [50.0, 12.0]}, "properties": {"risk_score": 0.2, "risk_category": "safe", "sst": 29.29, "current_speed": 0.181, "factors": ["elevated_sst"], "color": "#00C853"}}, {"type": "Feature", "geometry": {"type": "Point", "coordinates": [86.0, -10.0]}, "properties": {"risk_score": 0.7, "risk_category": "danger", "sst": 29.34, "current_speed": 0.412, "factors": ["elevated_sst", "active_cyclone_nearby"], "color": "#D50000"}}, {"type": "Feature", "geometry": {"type": "Point", "coordinates": [61.0, 11.0]}, "properties": {"risk_score": 0.2, "risk_category": "safe", "sst": 29.31, "current_speed": 0.183, "factors": ["elevated_sst"], "color": "#00C853"}}, {"type": "Feature", "geometry": {"type": "Point", "coordinates": [93.0, 23.0]}, "properties": {"risk_score": 0.0, "risk_category": "safe", "sst": 28.85, "current_speed": 0.208, "factors": [], "color": "#00C853"}}, {"type": "Feature", "geometry": {"type": "Point", "coordinates": [58.0, 8.0]}, "properties": {"risk_score": 0.2, "risk_category": "safe", "sst": 29.38, "current_speed": 0.165, "factors": ["elevated_sst"], "color": "#00C853"}}, {"type": "Feature", "geometry": {"type": "Point", "coordinates": [96.0, -3.0]}, "properties": {"risk_score": 0.2, "risk_category": "safe", "sst": 29.45, "current_speed": 0.352, "factors": ["elevated_sst"], "color": "#00C853"}}, {"type": "Feature", "geometry": {"type": "Point", "coordinates": [67.0, 1.0]}, "properties": {"risk_score": 0.2, "risk_category": "safe", "sst": 29.46, "current_speed": 0.238, "factors": ["elevated_sst"], "color": "#00C853"}}, {"type": "Feature", "geometry": {"type": "Point", "coordinates": [84.0, -2.0]}, "properties": {"risk_score": 0.2, "risk_category": "safe", "sst": 29.45, "current_speed": 0.344, "factors": ["elevated_sst"], "color": "#00C853"}}, {"type": "Feature", "geometry": {"type": "Point", "coordinates": [95.0, -6.0]}, "properties": {"risk_score": 0.4, "risk_category": "caution", "sst": 29.41, "current_speed": 0.379, "factors": ["elevated_sst", "cyclone_in_region"], "color": "#FFD600"}}, {"type": "Feature", "geometry": {"type": "Point", "coordinates": [98.0, -7.0]}, "properties": {"risk_score": 0.7, "risk_category": "danger", "sst": 29.4, "current_speed": 0.38, "factors": ["elevated_sst", "active_cyclone_nearby"], "color": "#D50000"}}, {"type": "Feature", "geometry": {"type": "Point", "coordinates": [85.0, 24.0]}, "properties": {"risk_score": 0.0, "risk_category": "safe", "sst": 28.8, "current_speed": 0.198, "factors": [], "color": "#00C853"}}, {"type": "Feature", "geometry": {"type": "Point", "coordinates": [69.0, 10.0]}, "properties": {"risk_score": 0.2, "risk_category": "safe", "sst": 29.34, "current_speed": 0.215, "factors": ["elevated_sst"], "color": "#00C853"}}, {"type": "Feature", "geometry": {"type": "Point", "coordinates": [67.0, 8.0]}, "properties": {"risk_score": 0.2, "risk_category": "safe", "sst": 29.38, "current_speed": 0.209, "factors": ["elevated_sst"], "color": "#00C853"}}, {"type": "Feature", "geometry": {"type": "Point", "coordinates": [84.0, -3.0]}, "properties": {"risk_score": 0.2, "risk_category": "safe", "sst": 29.45, "current_speed": 0.352, "factors": ["elevated_sst"], "color": "#00C853"}}, {"type": "Feature", "geometry": {"type": "Point", "coordinates": [87.0, 17.0]}, "properties": {"risk_score": 0.2, "risk_category": "safe", "sst": 29.12, "current_speed": 0.245, "factors": ["elevated_sst"], "color": "#00C853"}}, {"type": "Feature", "geometry": {"type": "Point", "coordinates": [95.0, -5.0]}, "properties": {"risk_score": 0.4, "risk_category": "caution", "sst": 29.43, "current_speed": 0.371, "factors": ["elevated_sst", "cyclone_in_region"], "color": "#FFD600"}}, {"type": "Feature", "geometry": {"type": "Point", "coordinates": [62.0, 9.0]}, "properties": {"risk_score": 0.2, "risk_category": "safe", "sst": 29.36, "current_speed": 0.184, "factors": ["elevated_sst"], "color": "#00C853"}}, {"type": "Feature", "geometry": {"type": "Point", "coordinates": [54.0, -5.0]}, "properties": {"risk_score": 0.2, "risk_category": "safe", "sst": 29.43, "current_speed": 0.189, "factors": ["elevated_sst"], "color": "#00C853"}}, {"type": "Feature", "geometry": {"type": "Point", "coordinates": [88.0, 18.0]}, "properties": {"risk_score": 0.2, "risk_category": "safe", "sst": 29.08, "current_speed": 0.241, "factors": ["elevated_sst"], "color": "#00C853"}}, {"type": "Feature", "geometry": {"type": "Point", "coordinates": [98.0, 12.0]}, "properties": {"risk_score": 0.2, "risk_category": "safe", "sst": 29.29, "current_speed": 0.258, "factors": ["elevated_sst"], "color": "#00C853"}}, {"type": "Feature", "geometry": {"type": "Point", "coordinates": [95.0, 20.0]}, "properties": {"risk_score": 0.0, "risk_category": "safe", "sst": 28.99, "current_speed": 0.228, "factors": [], "color": "#00C853"}}, {"type": "Feature", "geometry": {"type": "Point", "coordinates": [92.0, 23.0]}, "properties": {"risk_score": 0.0, "risk_category": "safe", "sst": 28.85, "current_speed": 0.209, "factors": [], "color": "#00C853"}}, {"type": "Feature", "geometry": {"type": "Point", "coordinates": [86.0, 8.0]}, "properties": {"risk_score": 0.2, "risk_category": "safe", "sst": 29.38, "current_speed": 0.282, "factors": ["elevated_sst"], "color": "#00C853"}}, {"type": "Feature", "geometry": {"type": "Point", "coordinates": [72.0, 9.0]}, "properties": {"risk_score": 0.2, "risk_category": "safe", "sst": 29.36, "current_speed": 0.232, "factors": ["elevated_sst"], "color": "#00C853"}}, {"type": "Feature", "geometry": {"type": "Point", "coordinates": [84.0, 3.0]}, "properties": {"risk_score": 0.2, "risk_category": "safe", "sst": 29.45, "current_speed": 0.306, "factors": ["elevated_sst"], "color": "#00C853"}}, {"type": "Feature", "geometry": {"type": "Point", "coordinates": [70.0, -9.0]}, "properties": {"risk_score": 0.2, "risk_category": "safe", "sst": 29.36, "current_speed": 0.341, "factors": ["elevated_sst"], "color": "#00C853"}}, {"type": "Feature", "geometry": {"type": "Point", "coordinates": [76.0, 25.0]}, "properties": {"risk_score": 0.0, "risk_category": "safe", "sst": 28.74, "current_speed": 0.177, "factors": [], "color": "#00C853"}}, {"type": "Feature", "geometry": {"type": "Point", "coordinates": [72.0, 19.0]}, "properties": {"risk_score": 0.2, "risk_category": "safe", "sst": 29.03, "current_speed": 0.207, "factors": ["elevated_sst"], "color": "#00C853"}}, {"type": "Feature", "geometry": {"type": "Point", "coordinates": [85.0, 6.0]}, "properties": {"risk_score": 0.2, "risk_category": "safe", "sst": 29.41, "current_speed": 0.29, "factors": ["elevated_sst"], "color": "#00C853"}}, {"type": "Feature", "geometry": {"type": "Point", "coordinates": [68.0, 17.0]}, "properties": {"risk_score": 0.2, "risk_category": "safe", "sst": 29.12, "current_speed": 0.203, "factors": ["elevated_sst"], "color": "#00C853"}}, {"type": "Feature", "geometry": {"type": "Point", "coordinates": [96.0, 18.0]}, "properties": {"risk_score": 0.2, "risk_category": "safe", "sst": 29.08, "current_speed": 0.237, "factors": ["elevated_sst"], "color": "#00C853"}}, {"type": "Feature", "geometry": {"type": "Point", "coordinates": [76.0, 18.0]}, "properties": {"risk_score": 0.2, "risk_category": "safe", "sst": 29.08, "current_speed": 0.221, "factors": ["elevated_sst"], "color": "#00C853"}}, {"type": "Feature", "geometry": {"type": "Point", "coordinates": [76.0, -2.0]}, "properties": {"risk_score": 0.2, "risk_category": "safe", "sst": 29.45, "current_speed": 0.315, "factors": ["elevated_sst"], "color": "#00C853"}}, {"type": "Feature", "geometry": {"type": "Point", "coordinates": [67.0, 9.0]}, "properties": {"risk_score": 0.2, "risk_category": "safe", "sst": 29.36, "current_speed": 0.207, "factors": ["elevated_sst"], "color": "#00C853"}}, {"type": "Feature", "geometry": {"type": "Point", "coordinates": [67.0, 14.0]}, "properties": {"risk_score": 0.2, "risk_category": "safe", "sst": 29.22, "current_speed": 0.204, "factors": ["elevated_sst"], "color": "#00C853"}}, {"type": "Feature", "geometry": {"type": "Point", "coordinates": [64.0, -5.0]}, "properties": {"risk_score": 0.2, "risk_category": "safe", "sst": 29.43, "current_speed": 0.266, "factors": ["elevated_sst"], "color": "#00C853"}}, {"type": "Feature", "geometry": {"type": "Point", "coordinates": [53.0, -8.0]}, "properties": {"risk_score": 0.2, "risk_category": "safe", "sst": 29.38, "current_speed": 0.211, "factors": ["elevated_sst"], "color": "#00C853"}}, {"type": "Feature", "geometry": {"type": "Point", "coordinates": [56.0, 17.0]}, "properties": {"risk_score": 0.2, "risk_category": "safe", "sst": 29.12, "current_speed": 0.196, "factors": ["elevated_sst"], "color": "#00C853"}}, {"type": "Feature", "geometry": {"type": "Point", "coordinates": [69.0, 12.0]}, "properties": {"risk_score": 0.2, "risk_category": "safe", "sst": 29.29, "current_speed": 0.213, "factors": ["elevated_sst"], "color": "#00C853"}}, {"type": "Feature", "geometry": {"type": "Point", "coordinates": [89.0, -3.0]}, "properties": {"risk_score": 0.4, "risk_category": "caution", "sst": 29.45, "current_speed": 0.359, "factors": ["elevated_sst", "cyclone_in_region"], "color": "#FFD600"}}, {"type": "Feature", "geometry": {"type": "Point", "coordinates": [92.0, 9.0]}, "properties": {"risk_score": 0.2, "risk_category": "safe", "sst": 29.36, "current_speed": 0.279, "factors": ["elevated_sst"], "color": "#00C853"}}, {"type": "Feature", "geometry": {"type": "Point", "coordinates": [95.0, 12.0]}, "properties": {"risk_score": 0.2, "risk_category": "safe", "sst": 29.29, "current_speed": 0.264, "factors": ["elevated_sst"], "color": "#00C853"}}, {"type": "Feature", "geometry": {"type": "Point", "coordinates": [50.0, 17.0]}, "properties": {"risk_score": 0.2, "risk_category": "safe", "sst": 29.12, "current_speed": 0.212, "factors": ["elevated_sst"], "color": "#00C853"}}, {"type": "Feature", "geometry": {"type": "Point", "coordinates": [92.0, -8.0]}, "properties": {"risk_score": 0.7, "risk_category": "danger", "sst": 29.38, "current_speed": 0.399, "factors": ["elevated_sst", "active_cyclone_nearby"], "color": "#D50000"}}, {"type": "Feature", "geometry": {"type": "Point", "coordinates": [70.0, -1.0]}, "properties": {"risk_score": 0.2, "risk_category": "safe", "sst": 29.46, "current_speed": 0.273, "factors": ["elevated_sst"], "color": "#00C853"}}, {"type": "Feature", "geometry": {"type": "Point", "coordinates": [89.0, 4.0]}, "properties": {"risk_score": 0.2, "risk_category": "safe", "sst": 29.44, "current_speed": 0.306, "factors": ["elevated_sst"], "color": "#00C853"}}, {"type": "Feature", "geometry": {"type": "Point", "coordinates": [52.0, 18.0]}, "properties": {"risk_score": 0.2, "risk_category": "safe", "sst": 29.08, "current_speed": 0.209, "factors": ["elevated_sst"], "color": "#00C853"}}, {"type": "Feature", "geometry": {"type": "Point", "coordinates": [93.0, 19.0]}, "properties": {"risk_score": 0.2, "risk_category": "safe", "sst": 29.03, "current_speed": 0.235, "factors": ["elevated_sst"], "color": "#00C853"}}, {"type": "Feature", "geometry": {"type": "Point", "coordinates": [71.0, -2.0]}, "properties": {"risk_score": 0.2, "risk_category": "safe", "sst": 29.45, "current_speed": 0.288, "factors": ["elevated_sst"], "color": "#00C853"}}, {"type": "Feature", "geometry": {"type": "Point", "coordinates": [65.0, -9.0]}, "properties": {"risk_score": 0.2, "risk_category": "safe", "sst": 29.36, "current_speed": 0.309, "factors": ["elevated_sst"], "color": "#00C853"}}, {"type": "Feature", "geometry": {"type": "Point", "coordinates": [98.0, 22.0]}, "properties": {"risk_score": 0.0, "risk_category": "safe", "sst": 28.9, "current_speed": 0.211, "factors": [], "color": "#00C853"}}, {"type": "Feature", "geometry": {"type": "Point", "coordinates": [50.0, 13.0]}, "properties": {"risk_score": 0.2, "risk_category": "safe", "sst": 29.26, "current_speed": 0.188, "factors": ["elevated_sst"], "color": "#00C853"}}, {"type": "Feature", "geometry": {"type": "Point", "coordinates": [82.0, 3.0]}, "properties": {"risk_score": 0.2, "risk_category": "safe", "sst": 29.45, "current_speed": 0.301, "factors": ["elevated_sst"], "color": "#00C853"}}, {"type": "Feature", "geometry": {"type": "Point", "coordinates": [90.0, 5.0]}, "properties": {"risk_score": 0.2, "risk_category": "safe", "sst": 29.43, "current_speed": 0.3, "factors": ["elevated_sst"], "color": "#00C853"}}, {"type": "Feature", "geometry": {"type": "Point", "coordinates": [71.0, 19.0]}, "properties": {"risk_score": 0.2, "risk_category": "safe", "sst": 29.03, "current_speed": 0.205, "factors": ["elevated_sst"], "color": "#00C853"}}, {"type": "Feature", "geometry": {"type": "Point", "coordinates": [61.0, 19.0]}, "properties": {"risk_score": 0.2, "risk_category": "safe", "sst": 29.03, "current_speed": 0.193, "factors": ["elevated_sst"], "color": "#00C853"}}, {"type": "Feature", "geometry": {"type": "Point", "coordinates": [59.0, -2.0]}, "properties": {"risk_score": 0.2, "risk_category": "safe", "sst": 29.45, "current_speed": 0.202, "factors": ["elevated_sst"], "color": "#00C853"}}, {"type": "Feature", "geometry": {"type": "Point", "coordinates": [55.0, -1.0]}, "properties": {"risk_score": 0.2, "risk_category": "safe", "sst": 29.46, "current_speed": 0.163, "factors": ["elevated_sst"], "color": "#00C853"}}, {"type": "Feature", "geometry": {"type": "Point", "coordinates": [60.0, 2.0]}, "properties": {"risk_score": 0.2, "risk_category": "safe", "sst": 29.45, "current_speed": 0.183, "factors": ["elevated_sst"], "color": "#00C853"}}, {"type": "Feature", "geometry": {"type": "Point", "coordinates": [61.0, 14.0]}, "properties": {"risk_score": 0.2, "risk_category": "safe", "sst": 29.22, "current_speed": 0.189, "factors": ["elevated_sst"], "color": "#00C853"}}, {"type": "Feature", "geometry": {"type": "Point", "coordinates": [80.0, 3.0]}, "properties": {"risk_score": 0.2, "risk_category": "safe", "sst": 29.45, "current_speed": 0.295, "factors": ["elevated_sst"], "color": "#00C853"}}, {"type": "Feature", "geometry": {"type": "Point", "coordinates": [88.0, 9.0]}, "properties": {"risk_score": 0.2, "risk_category": "safe", "sst": 29.36, "current_speed": 0.279, "factors": ["elevated_sst"], "color": "#00C853"}}, {"type": "Feature", "geometry": {"type": "Point", "coordinates": [96.0, 12.0]}, "properties": {"risk_score": 0.2, "risk_category": "safe", "sst": 29.29, "current_speed": 0.262, "factors": ["elevated_sst"], "color": "#00C853"}}, {"type": "Feature", "geometry": {"type": "Point", "coordinates": [98.0, 20.0]}, "properties": {"risk_score": 0.0, "risk_category": "safe", "sst": 28.99, "current_speed": 0.224, "factors": [], "color": "#00C853"}}, {"type": "Feature", "geometry": {"type": "Point", "coordinates": [77.0, 7.0]}, "properties": {"risk_score": 0.2, "risk_category": "safe", "sst": 29.4, "current_speed": 0.261, "factors": ["elevated_sst"], "color": "#00C853"}}, {"type": "Feature", "geometry": {"type": "Point", "coordinates": [53.0, -5.0]}, "properties": {"risk_score": 0.2, "risk_category": "safe", "sst": 29.43, "current_speed": 0.182, "factors": ["elevated_sst"], "color": "#00C853"}}, {"type": "Feature", "geometry": {"type": "Point", "coordinates": [67.0, -10.0]}, "properties": {"risk_score": 0.2, "risk_category": "safe", "sst": 29.34, "current_speed": 0.33, "factors": ["elevated_sst"], "color": "#00C853"}}, {"type": "Feature", "geometry": {"type": "Point", "coordinates": [59.0, 14.0]}, "properties": {"risk_score": 0.2, "risk_category": "safe", "sst": 29.22, "current_speed": 0.187, "factors": ["elevated_sst"], "color": "#00C853"}}, {"type": "Feature", "geometry": {"type": "Point", "coordinates": [85.0, -4.0]}, "properties": {"risk_score": 0.4, "risk_category": "caution", "sst": 29.44, "current_speed": 0.363, "factors": ["elevated_sst", "cyclone_in_region"], "color": "#FFD600"}}, {"type": "Feature", "geometry": {"type": "Point", "coordinates": [83.0, 16.0]}, "properties": {"risk_score": 0.2, "risk_category": "safe", "sst": 29.15, "current_speed": 0.245, "factors": ["elevated_sst"], "color": "#00C853"}}, {"type": "Feature", "geometry": {"type": "Point", "coordinates": [54.0, 20.0]}, "properties": {"risk_score": 0.0, "risk_category": "safe", "sst": 28.99, "current_speed": 0.206, "factors": [], "color": "#00C853"}}, {"type": "Feature", "geometry": {"type": "Point", "coordinates": [68.0, 10.0]}, "properties": {"risk_score": 0.2, "risk_category": "safe", "sst": 29.34, "current_speed": 0.211, "factors": ["elevated_sst"], "color": "#00C853"}}, {"type": "Feature", "geometry": {"type": "Point", "coordinates": [56.0, -3.0]}, "properties": {"risk_score": 0.2, "risk_category": "safe", "sst": 29.45, "current_speed": 0.187, "factors": ["elevated_sst"], "color": "#00C853"}}, {"type": "Feature", "geometry": {"type": "Point", "coordinates": [84.0, 21.0]}, "properties": {"risk_score": 0.0, "risk_category": "safe", "sst": 28.94, "current_speed": 0.22, "factors": [], "color": "#00C853"}}, {"type": "Feature", "geometry": {"type": "Point", "coordinates": [72.0, 15.0]}, "properties": {"risk_score": 0.2, "risk_category": "safe", "sst": 29.19, "current_speed": 0.219, "factors": ["elevated_sst"], "color": "#00C853"}}, {"type": "Feature", "geometry": {"type": "Point", "coordinates": [72.0, 6.0]}, "properties": {"risk_score": 0.2, "risk_category": "safe", "sst": 29.41, "current_speed": 0.242, "factors": ["elevated_sst"], "color": "#00C853"}}, {"type": "Feature", "geometry": {"type": "Point", "coordinates": [53.0, -6.0]}, "properties": {"risk_score": 0.2, "risk_category": "safe", "sst": 29.41, "current_speed": 0.192, "factors": ["elevated_sst"], "color": "#00C853"}}, {"type": "Feature", "geometry": {"type": "Point", "coordinates": [56.0, 23.0]}, "properties": {"risk_score": 0.0, "risk_category": "safe", "sst": 28.85, "current_speed": 0.197, "factors": [], "color": "#00C853"}}, {"type": "Feature", "geometry": {"type": "Point", "coordinates": [74.0, 12.0]}, "properties": {"risk_score": 0.2, "risk_category": "safe", "sst": 29.29, "current_speed": 0.233, "factors": ["elevated_sst"], "color": "#00C853"}}, {"type": "Feature", "geometry": {"type": "Point", "coordinates": [84.0, -6.0]}, "properties": {"risk_score": 0.4, "risk_category": "caution", "sst": 29.41, "current_speed": 0.377, "factors": ["elevated_sst", "cyclone_in_region"], "color": "#FFD600"}}, {"type": "Feature", "geometry": {"type": "Point", "coordinates": [87.0, -5.0]}, "properties": {"risk_score": 0.4, "risk_category": "caution", "sst": 29.43, "current_speed": 0.374, "factors": ["elevated_sst", "cyclone_in_region"], "color": "#FFD600"}}, {"type": "Feature", "geometry": {"type": "Point", "coordinates": [89.0, -4.0]}, "properties": {"risk_score": 0.4, "risk_category": "caution", "sst": 29.44, "current_speed": 0.367, "factors": ["elevated_sst", "cyclone_in_region"], "color": "#FFD600"}}, {"type": "Feature", "geometry": {"type": "Point", "coordinates": [94.0, 12.0]}, "properties": {"risk_score": 0.2, "risk_category": "safe", "sst": 29.29, "current_speed": 0.265, "factors": ["elevated_sst"], "color": "#00C853"}}, {"type": "Feature", "geometry": {"type": "Point", "coordinates": [55.0, -10.0]}, "properties": {"risk_score": 0.2, "risk_category": "safe", "sst": 29.34, "current_speed": 0.245, "factors": ["elevated_sst"], "color": "#00C853"}}, {"type": "Feature", "geometry": {"type": "Point", "coordinates": [74.0, 1.0]}, "properties": {"risk_score": 0.2, "risk_category": "safe", "sst": 29.46, "current_speed": 0.281, "factors": ["elevated_sst"], "color": "#00C853"}}, {"type": "Feature", "geometry": {"type": "Point", "coordinates": [95.0, 18.0]}, "properties": {"risk_score": 0.2, "risk_category": "safe", "sst": 29.08, "current_speed": 0.239, "factors": ["elevated_sst"], "color": "#00C853"}}, {"type": "Feature", "geometry": {"type": "Point", "coordinates": [80.0, 9.0]}, "properties": {"risk_score": 0.2, "risk_category": "safe", "sst": 29.36, "current_speed": 0.264, "factors": ["elevated_sst"], "color": "#00C853"}}, {"type": "Feature", "geometry": {"type": "Point", "coordinates": [100.0, 20.0]}, "properties": {"risk_score": 0.0, "risk_category": "safe", "sst": 28.99, "current_speed": 0.22, "factors": [], "color": "#00C853"}}, {"type": "Feature", "geometry": {"type": "Point", "coordinates": [71.0, 20.0]}, "properties": {"risk_score": 0.0, "risk_category": "safe", "sst": 28.99, "current_speed": 0.201, "factors": [], "color": "#00C853"}}, {"type": "Feature", "geometry": {"type": "Point", "coordinates": [61.0, 17.0]}, "properties": {"risk_score": 0.2, "risk_category": "safe", "sst": 29.12, "current_speed": 0.193, "factors": ["elevated_sst"], "color": "#00C853"}}, {"type": "Feature", "geometry": {"type": "Point", "coordinates": [70.0, 22.0]}, "properties": {"risk_score": 0.0, "risk_category": "safe", "sst": 28.9, "current_speed": 0.189, "factors": [], "color": "#00C853"}}, {"type": "Feature", "geometry": {"type": "Point", "coordinates": [76.0, 23.0]}, "properties": {"risk_score": 0.0, "risk_category": "safe", "sst": 28.85, "current_speed": 0.193, "factors": [], "color": "#00C853"}}, {"type": "Feature", "geometry": {"type": "Point", "coordinates": [78.0, 17.0]}, "properties": {"risk_score": 0.2, "risk_category": "safe", "sst": 29.12, "current_speed": 0.23, "factors": ["elevated_sst"], "color": "#00C853"}}, {"type": "Feature", "geometry": {"type": "Point", "coordinates": [83.0, 0.0]}, "properties": {"risk_score": 0.2, "risk_category": "safe", "sst": 29.46, "current_speed": 0.325, "factors": ["elevated_sst"], "color": "#00C853"}}, {"type": "Feature", "geometry": {"type": "Point", "coordinates": [53.0, 17.0]}, "properties": {"risk_score": 0.2, "risk_category": "safe", "sst": 29.12, "current_speed": 0.202, "factors": ["elevated_sst"], "color": "#00C853"}}, {"type": "Feature", "geometry": {"type": "Point", "coordinates": [55.0, 6.0]}, "properties": {"risk_score": 0.2, "risk_category": "safe", "sst": 29.41, "current_speed": 0.149, "factors": ["elevated_sst"], "color": "#00C853"}}, {"type": "Feature", "geometry": {"type": "Point", "coordinates": [55.0, 10.0]}, "properties": {"risk_score": 0.2, "risk_category": "safe", "sst": 29.34, "current_speed": 0.166, "factors": ["elevated_sst"], "color": "#00C853"}}, {"type": "Feature", "geometry": {"type": "Point", "coordinates": [84.0, 22.0]}, "properties": {"risk_score": 0.0, "risk_category": "safe", "sst": 28.9, "current_speed": 0.213, "factors": [], "color": "#00C853"}}, {"type": "Feature", "geometry": {"type": "Point", "coordinates": [57.0, 22.0]}, "properties": {"risk_score": 0.0, "risk_category": "safe", "sst": 28.9, "current_speed": 0.196, "factors": [], "color": "#00C853"}}, {"type": "Feature", "geometry": {"type": "Point", "coordinates": [55.0, 14.0]}, "properties": {"risk_score": 0.2, "risk_category": "safe", "sst": 29.22, "current_speed": 0.186, "factors": ["elevated_sst"], "color": "#00C853"}}, {"type": "Feature", "geometry": {"type": "Point", "coordinates": [80.0, 11.0]}, "properties": {"risk_score": 0.2, "risk_category": "safe", "sst": 29.31, "current_speed": 0.256, "factors": ["elevated_sst"], "color": "#00C853"}}, {"type": "Feature", "geometry": {"type": "Point", "coordinates": [51.0, -6.0]}, "properties": {"risk_score": 0.2, "risk_category": "safe", "sst": 29.41, "current_speed": 0.176, "factors": ["elevated_sst"], "color": "#00C853"}}, {"type": "Feature", "geometry": {"type": "Point", "coordinates": [60.0, 5.0]}, "properties": {"risk_score": 0.2, "risk_category": "safe", "sst": 29.43, "current_speed": 0.174, "factors": ["elevated_sst"], "color": "#00C853"}}, {"type": "Feature", "geometry": {"type": "Point", "coordinates": [51.0, 10.0]}, "properties": {"risk_score": 0.2, "risk_category": "safe", "sst": 29.34, "current_speed": 0.164, "factors": ["elevated_sst"], "color": "#00C853"}}, {"type": "Feature", "geometry": {"type": "Point", "coordinates": [96.0, -4.0]}, "properties": {"risk_score": 0.4, "risk_category": "caution", "sst": 29.44, "current_speed": 0.361, "factors": ["elevated_sst", "cyclone_in_region"], "color": "#FFD600"}}, {"type": "Feature", "geometry": {"type": "Point", "coordinates": [97.0, 5.0]}, "properties": {"risk_score": 0.2, "risk_category": "safe", "sst": 29.43, "current_speed": 0.291, "factors": ["elevated_sst"], "color": "#00C853"}}, {"type": "Feature", "geometry": {"type": "Point", "coordinates": [78.0, 3.0]}, "properties": {"risk_score": 0.2, "risk_category": "safe", "sst": 29.45, "current_speed": 0.287, "factors": ["elevated_sst"], "color": "#00C853"}}, {"type": "Feature", "geometry": {"type": "Point", "coordinates": [100.0, -6.0]}, "properties": {"risk_score": 0.4, "risk_category": "caution", "sst": 29.41, "current_speed": 0.366, "factors": ["elevated_sst", "cyclone_in_region"], "color": "#FFD600"}}, {"type": "Feature", "geometry": {"type": "Point", "coordinates": [97.0, 12.0]}, "properties": {"risk_score": 0.2, "risk_category": "safe", "sst": 29.29, "current_speed": 0.26, "factors": ["elevated_sst"], "color": "#00C853"}}, {"type": "Feature", "geometry": {"type": "Point", "coordinates": [99.0, 16.0]}, "properties": {"risk_score": 0.2, "risk_category": "safe", "sst": 29.15, "current_speed": 0.241, "factors": ["elevated_sst"], "color": "#00C853"}}, {"type": "Feature", "geometry": {"type": "Point", "coordinates": [56.0, 24.0]}, "properties": {"risk_score": 0.0, "risk_category": "safe", "sst": 28.8, "current_speed": 0.194, "factors": [], "color": "#00C853"}}, {"type": "Feature", "geometry": {"type": "Point", "coordinates": [93.0, -2.0]}, "properties": {"risk_score": 0.2, "risk_category": "safe", "sst": 29.45, "current_speed": 0.349, "factors": ["elevated_sst"], "color": "#00C853"}}, {"type": "Feature", "geometry": {"type": "Point", "coordinates": [85.0, 12.0]}, "properties": {"risk_score": 0.2, "risk_category": "safe", "sst": 29.29, "current_speed": 0.264, "factors": ["elevated_sst"], "color": "#00C853"}}, {"type": "Feature", "geometry": {"type": "Point", "coordinates": [86.0, 20.0]}, "properties": {"risk_score": 0.0, "risk_category": "safe", "sst": 28.99, "current_speed": 0.229, "factors": [], "color": "#00C853"}}, {"type": "Feature", "geometry": {"type": "Point", "coordinates": [59.0, 24.0]}, "properties": {"risk_score": 0.0, "risk_category": "safe", "sst": 28.8, "current_speed": 0.184, "factors": [], "color": "#00C853"}}, {"type": "Feature", "geometry": {"type": "Point", "coordinates": [93.0, 25.0]}, "properties": {"risk_score": 0.0, "risk_category": "safe", "sst": 28.74, "current_speed": 0.191, "factors": [], "color": "#00C853"}}, {"type": "Feature", "geometry": {"type": "Point", "coordinates": [52.0, 4.0]}, "properties": {"risk_score": 0.2, "risk_category": "safe", "sst": 29.44, "current_speed": 0.131, "factors": ["elevated_sst"], "color": "#00C853"}}, {"type": "Feature", "geometry": {"type": "Point", "coordinates": [66.0, -6.0]}, "properties": {"risk_score": 0.2, "risk_category": "safe", "sst": 29.41, "current_speed": 0.289, "factors": ["elevated_sst"], "color": "#00C853"}}, {"type": "Feature", "geometry": {"type": "Point", "coordinates": [76.0, -3.0]}, "properties": {"risk_score": 0.2, "risk_category": "safe", "sst": 29.45, "current_speed": 0.324, "factors": ["elevated_sst"], "color": "#00C853"}}, {"type": "Feature", "geometry": {"type": "Point", "coordinates": [50.0, 8.0]}, "properties": {"risk_score": 0.2, "risk_category": "safe", "sst": 29.38, "current_speed": 0.149, "factors": ["elevated_sst"], "color": "#00C853"}}, {"type": "Feature", "geometry": {"type": "Point", "coordinates": [100.0, 21.0]}, "properties": {"risk_score": 0.0, "risk_category": "safe", "sst": 28.94, "current_speed": 0.214, "factors": [], "color": "#00C853"}}, {"type": "Feature", "geometry": {"type": "Point", "coordinates": [82.0, 18.0]}, "properties": {"risk_score": 0.2, "risk_category": "safe", "sst": 29.08, "current_speed": 0.234, "factors": ["elevated_sst"], "color": "#00C853"}}, {"type": "Feature", "geometry": {"type": "Point", "coordinates": [84.0, 7.0]}, "properties": {"risk_score": 0.2, "risk_category": "safe", "sst": 29.4, "current_speed": 0.283, "factors": ["elevated_sst"], "color": "#00C853"}}, {"type": "Feature", "geometry": {"type": "Point", "coordinates": [97.0, 19.0]}, "properties": {"risk_score": 0.2, "risk_category": "safe", "sst": 29.03, "current_speed": 0.231, "factors": ["elevated_sst"], "color": "#00C853"}}, {"type": "Feature", "geometry": {"type": "Point", "coordinates": [93.0, 10.0]}, "properties": {"risk_score": 0.2, "risk_category": "safe", "sst": 29.34, "current_speed": 0.274, "factors": ["elevated_sst"], "color": "#00C853"}}, {"type": "Feature", "geometry": {"type": "Point", "coordinates": [50.0, -1.0]}, "properties": {"risk_score": 0.2, "risk_category": "safe", "sst": 29.46, "current_speed": 0.127, "factors": ["elevated_sst"], "color": "#00C853"}}, {"type": "Feature", "geometry": {"type": "Point", "coordinates": [88.0, 8.0]}, "properties": {"risk_score": 0.2, "risk_category": "safe", "sst": 29.38, "current_speed": 0.284, "factors": ["elevated_sst"], "color": "#00C853"}}, {"type": "Feature", "geometry": {"type": "Point", "coordinates": [70.0, 15.0]}, "properties": {"risk_score": 0.2, "risk_category": "safe", "sst": 29.19, "current_speed": 0.212, "factors": ["elevated_sst"], "color": "#00C853"}}, {"type": "Feature", "geometry": {"type": "Point", "coordinates": [84.0, -8.0]}, "properties": {"risk_score": 0.7, "risk_category": "danger", "sst": 29.38, "current_speed": 0.393, "factors": ["elevated_sst", "active_cyclone_nearby"], "color": "#D50000"}}, {"type": "Feature", "geometry": {"type": "Point", "coordinates": [88.0, 13.0]}, "properties": {"risk_score": 0.2, "risk_category": "safe", "sst": 29.26, "current_speed": 0.263, "factors": ["elevated_sst"], "color": "#00C853"}}, {"type": "Feature", "geometry": {"type": "Point", "coordinates": [74.0, 22.0]}, "properties": {"risk_score": 0.0, "risk_category": "safe", "sst": 28.9, "current_speed": 0.196, "factors": [], "color": "#00C853"}}, {"type": "Feature", "geometry": {"type": "Point", "coordinates": [60.0, 12.0]}, "properties": {"risk_score": 0.2, "risk_category": "safe", "sst": 29.29, "current_speed": 0.182, "factors": ["elevated_sst"], "color": "#00C853"}}, {"type": "Feature", "geometry": {"type": "Point", "coordinates": [79.0, 22.0]}, "properties": {"risk_score": 0.0, "risk_category": "safe", "sst": 28.9, "current_speed": 0.206, "factors": [], "color": "#00C853"}}, {"type": "Feature", "geometry": {"type": "Point", "coordinates": [93.0, 12.0]}, "properties": {"risk_score": 0.2, "risk_category": "safe", "sst": 29.29, "current_speed": 0.266, "factors": ["elevated_sst"], "color": "#00C853"}}, {"type": "Feature", "geometry": {"type": "Point", "coordinates": [62.0, 22.0]}, "properties": {"risk_score": 0.0, "risk_category": "safe", "sst": 28.9, "current_speed": 0.186, "factors": [], "color": "#00C853"}}, {"type": "Feature", "geometry": {"type": "Point", "coordinates": [50.0, -5.0]}, "properties": {"risk_score": 0.2, "risk_category": "safe", "sst": 29.43, "current_speed": 0.159, "factors": ["elevated_sst"], "color": "#00C853"}}, {"type": "Feature", "geometry": {"type": "Point", "coordinates": [51.0, -9.0]}, "properties": {"risk_score": 0.2, "risk_category": "safe", "sst": 29.36, "current_speed": 0.207, "factors": ["elevated_sst"], "color": "#00C853"}}, {"type": "Feature", "geometry": {"type": "Point", "coordinates": [98.0, 17.0]}, "properties": {"risk_score": 0.2, "risk_category": "safe", "sst": 29.12, "current_speed": 0.239, "factors": ["elevated_sst"], "color": "#00C853"}}, {"type": "Feature", "geometry": {"type": "Point", "coordinates": [88.0, 12.0]}, "properties": {"risk_score": 0.2, "risk_category": "safe", "sst": 29.29, "current_speed": 0.267, "factors": ["elevated_sst"], "color": "#00C853"}}, {"type": "Feature", "geometry": {"type": "Point", "coordinates": [67.0, 20.0]}, "properties": {"risk_score": 0.0, "risk_category": "safe", "sst": 28.99, "current_speed": 0.194, "factors": [], "color": "#00C853"}}, {"type": "Feature", "geometry": {"type": "Point", "coordinates": [87.0, -6.0]}, "properties": {"risk_score": 0.7, "risk_category": "danger", "sst": 29.41, "current_speed": 0.382, "factors": ["elevated_sst", "active_cyclone_nearby"], "color": "#D50000"}}, {"type": "Feature", "geometry": {"type": "Point", "coordinates": [59.0, -1.0]}, "properties": {"risk_score": 0.2, "risk_category": "safe", "sst": 29.46, "current_speed": 0.194, "factors": ["elevated_sst"], "color": "#00C853"}}, {"type": "Feature", "geometry": {"type": "Point", "coordinates": [98.0, 15.0]}, "properties": {"risk_score": 0.2, "risk_category": "safe", "sst": 29.19, "current_speed": 0.247, "factors": ["elevated_sst"], "color": "#00C853"}}, {"type": "Feature", "geometry": {"type": "Point", "coordinates": [78.0, -3.0]}, "properties": {"risk_score": 0.2, "risk_category": "safe", "sst": 29.45, "current_speed": 0.333, "factors": ["elevated_sst"], "color": "#00C853"}}, {"type": "Feature", "geometry": {"type": "Point", "coordinates": [70.0, 13.0]}, "properties": {"risk_score": 0.2, "risk_category": "safe", "sst": 29.26, "current_speed": 0.216, "factors": ["elevated_sst"], "color": "#00C853"}}, {"type": "Feature", "geometry": {"type": "Point", "coordinates": [52.0, 21.0]}, "properties": {"risk_score": 0.0, "risk_category": "safe", "sst": 28.94, "current_speed": 0.214, "factors": [], "color": "#00C853"}}, {"type": "Feature", "geometry": {"type": "Point", "coordinates": [98.0, 19.0]}, "properties": {"risk_score": 0.2, "risk_category": "safe", "sst": 29.03, "current_speed": 0.229, "factors": ["elevated_sst"], "color": "#00C853"}}, {"type": "Feature", "geometry": {"type": "Point", "coordinates": [81.0, 7.0]}, "properties": {"risk_score": 0.2, "risk_category": "safe", "sst": 29.4, "current_speed": 0.275, "factors": ["elevated_sst"], "color": "#00C853"}}, {"type": "Feature", "geometry": {"type": "Point", "coordinates": [92.0, 11.0]}, "properties": {"risk_score": 0.2, "risk_category": "safe", "sst": 29.31, "current_speed": 0.271, "factors": ["elevated_sst"], "color": "#00C853"}}, {"type": "Feature", "geometry": {"type": "Point", "coordinates": [77.0, 8.0]}, "properties": {"risk_score": 0.2, "risk_category": "safe", "sst": 29.38, "current_speed": 0.257, "factors": ["elevated_sst"], "color": "#00C853"}}, {"type": "Feature", "geometry": {"type": "Point", "coordinates": [85.0, 19.0]}, "properties": {"risk_score": 0.2, "risk_category": "safe", "sst": 29.03, "current_speed": 0.233, "factors": ["elevated_sst"], "color": "#00C853"}}, {"type": "Feature", "geometry": {"type": "Point", "coordinates": [57.0, 5.0]}, "properties": {"risk_score": 0.2, "risk_category": "safe", "sst": 29.43, "current_speed": 0.157, "factors": ["elevated_sst"], "color": "#00C853"}}, {"type": "Feature", "geometry": {"type": "Point", "coordinates": [84.0, -4.0]}, "properties": {"risk_score": 0.4, "risk_category": "caution", "sst": 29.44, "current_speed": 0.361, "factors": ["elevated_sst", "cyclone_in_region"], "color": "#FFD600"}}, {"type": "Feature", "geometry": {"type": "Point", "coordinates": [58.0, -9.0]}, "properties": {"risk_score": 0.2, "risk_category": "safe", "sst": 29.36, "current_speed": 0.258, "factors": ["elevated_sst"], "color": "#00C853"}}, {"type": "Feature", "geometry": {"type": "Point", "coordinates": [90.0, -2.0]}, "properties": {"risk_score": 0.2, "risk_category": "safe", "sst": 29.45, "current_speed": 0.351, "factors": ["elevated_sst"], "color": "#00C853"}}, {"type": "Feature", "geometry": {"type": "Point", "coordinates": [98.0, -2.0]}, "properties": {"risk_score": 0.2, "risk_category": "safe", "sst": 29.45, "current_speed": 0.339, "factors": ["elevated_sst"], "color": "#00C853"}}, {"type": "Feature", "geometry": {"type": "Point", "coordinates": [63.0, 18.0]}, "properties": {"risk_score": 0.2, "risk_category": "safe", "sst": 29.08, "current_speed": 0.194, "factors": ["elevated_sst"], "color": "#00C853"}}, {"type": "Feature", "geometry": {"type": "Point", "coordinates": [62.0, 20.0]}, "properties": {"risk_score": 0.0, "risk_category": "safe", "sst": 28.99, "current_speed": 0.191, "factors": [], "color": "#00C853"}}, {"type": "Feature", "geometry": {"type": "Point", "coordinates": [92.0, 20.0]}, "properties": {"risk_score": 0.0, "risk_category": "safe", "sst": 28.99, "current_speed": 0.23, "factors": [], "color": "#00C853"}}, {"type": "Feature", "geometry": {"type": "Point", "coordinates": [92.0, 25.0]}, "properties": {"risk_score": 0.0, "risk_category": "safe", "sst": 28.74, "current_speed": 0.191, "factors": [], "color": "#00C853"}}, {"type": "Feature", "geometry": {"type": "Point", "coordinates": [89.0, -7.0]}, "properties": {"risk_score": 0.7, "risk_category": "danger", "sst": 29.4, "current_speed": 0.392, "factors": ["elevated_sst", "active_cyclone_nearby"], "color": "#D50000"}}, {"type": "Feature", "geometry": {"type": "Point", "coordinates": [83.0, -4.0]}, "properties": {"risk_score": 0.4, "risk_category": "caution", "sst": 29.44, "current_speed": 0.358, "factors": ["elevated_sst", "cyclone_in_region"], "color": "#FFD600"}}, {"type": "Feature", "geometry": {"type": "Point", "coordinates": [80.0, 13.0]}, "properties": {"risk_score": 0.2, "risk_category": "safe", "sst": 29.26, "current_speed": 0.249, "factors": ["elevated_sst"], "color": "#00C853"}}, {"type": "Feature", "geometry": {"type": "Point", "coordinates": [85.0, 9.0]}, "properties": {"risk_score": 0.2, "risk_category": "safe", "sst": 29.36, "current_speed": 0.276, "factors": ["elevated_sst"], "color": "#00C853"}}, {"type": "Feature", "geometry": {"type": "Point", "coordinates": [90.0, -8.0]}, "properties": {"risk_score": 0.7, "risk_category": "danger", "sst": 29.38, "current_speed": 0.4, "factors": ["elevated_sst", "active_cyclone_nearby"], "color": "#D50000"}}, {"type": "Feature", "geometry": {"type": "Point", "coordinates": [61.0, -2.0]}, "properties": {"risk_score": 0.2, "risk_category": "safe", "sst": 29.45, "current_speed": 0.217, "factors": ["elevated_sst"], "color": "#00C853"}}, {"type": "Feature", "geometry": {"type": "Point", "coordinates": [55.0, 0.0]}, "properties": {"risk_score": 0.2, "risk_category": "safe", "sst": 29.46, "current_speed": 0.157, "factors": ["elevated_sst"], "color": "#00C853"}}, {"type": "Feature", "geometry": {"type": "Point", "coordinates": [100.0, -5.0]}, "properties": {"risk_score": 0.4, "risk_category": "caution", "sst": 29.43, "current_speed": 0.357, "factors": ["elevated_sst", "cyclone_in_region"], "color": "#FFD600"}}, {"type": "Feature", "geometry": {"type": "Point", "coordinates": [80.0, 15.0]}, "properties": {"risk_score": 0.2, "risk_category": "safe", "sst": 29.19, "current_speed": 0.243, "factors": ["elevated_sst"], "color": "#00C853"}}, {"type": "Feature", "geometry": {"type": "Point", "coordinates": [82.0, 24.0]}, "properties": {"risk_score": 0.0, "risk_category": "safe", "sst": 28.8, "current_speed": 0.195, "factors": [], "color": "#00C853"}}, {"type": "Feature", "geometry": {"type": "Point", "coordinates": [79.0, 12.0]}, "properties": {"risk_score": 0.2, "risk_category": "safe", "sst": 29.29, "current_speed": 0.25, "factors": ["elevated_sst"], "color": "#00C853"}}, {"type": "Feature", "geometry": {"type": "Point", "coordinates": [59.0, 4.0]}, "properties": {"risk_score": 0.2, "risk_category": "safe", "sst": 29.44, "current_speed": 0.169, "factors": ["elevated_sst"], "color": "#00C853"}}, {"type": "Feature", "geometry": {"type": "Point", "coordinates": [95.0, 1.0]}, "properties": {"risk_score": 0.2, "risk_category": "safe", "sst": 29.46, "current_speed": 0.322, "factors": ["elevated_sst"], "color": "#00C853"}}, {"type": "Feature", "geometry": {"type": "Point", "coordinates": [59.0, 22.0]}, "properties": {"risk_score": 0.0, "risk_category": "safe", "sst": 28.9, "current_speed": 0.191, "factors": [], "color": "#00C853"}}, {"type": "Feature", "geometry": {"type": "Point", "coordinates": [75.0, 3.0]}, "properties": {"risk_score": 0.2, "risk_category": "safe", "sst": 29.45, "current_speed": 0.273, "factors": ["elevated_sst"], "color": "#00C853"}}, {"type": "Feature", "geometry": {"type": "Point", "coordinates": [55.0, 3.0]}, "properties": {"risk_score": 0.2, "risk_category": "safe", "sst": 29.45, "current_speed": 0.146, "factors": ["elevated_sst"], "color": "#00C853"}}, {"type": "Feature", "geometry": {"type": "Point", "coordinates": [64.0, -8.0]}, "properties": {"risk_score": 0.2, "risk_category": "safe", "sst": 29.38, "current_speed": 0.293, "factors": ["elevated_sst"], "color": "#00C853"}}, {"type": "Feature", "geometry": {"type": "Point", "coordinates": [85.0, 7.0]}, "properties": {"risk_score": 0.2, "risk_category": "safe", "sst": 29.4, "current_speed": 0.285, "factors": ["elevated_sst"], "color": "#00C853"}}, {"type": "Feature", "geometry": {"type": "Point", "coordinates": [62.0, 13.0]}, "properties": {"risk_score": 0.2, "risk_category": "safe", "sst": 29.26, "current_speed": 0.189, "factors": ["elevated_sst"], "color": "#00C853"}}, {"type": "Feature", "geometry": {"type": "Point", "coordinates": [63.0, 13.0]}, "properties": {"risk_score": 0.2, "risk_category": "safe", "sst": 29.26, "current_speed": 0.192, "factors": ["elevated_sst"], "color": "#00C853"}}, {"type": "Feature", "geometry": {"type": "Point", "coordinates": [96.0, -2.0]}, "properties": {"risk_score": 0.2, "risk_category": "safe", "sst": 29.45, "current_speed": 0.344, "factors": ["elevated_sst"], "color": "#00C853"}}, {"type": "Feature", "geometry": {"type": "Point", "coordinates": [87.0, 21.0]}, "properties": {"risk_score": 0.0, "risk_category": "safe", "sst": 28.94, "current_speed": 0.223, "factors": [], "color": "#00C853"}}, {"type": "Feature", "geometry": {"type": "Point", "coordinates": [73.0, 5.0]}, "properties": {"risk_score": 0.2, "risk_category": "safe", "sst": 29.43, "current_speed": 0.252, "factors": ["elevated_sst"], "color": "#00C853"}}, {"type": "Feature", "geometry": {"type": "Point", "coordinates": [54.0, 14.0]}, "properties": {"risk_score": 0.2, "risk_category": "safe", "sst": 29.22, "current_speed": 0.187, "factors": ["elevated_sst"], "color": "#00C853"}}, {"type": "Feature", "geometry": {"type": "Point", "coordinates": [70.0, 1.0]}, "properties": {"risk_score": 0.2, "risk_category": "safe", "sst": 29.46, "current_speed": 0.258, "factors": ["elevated_sst"], "color": "#00C853"}}, {"type": "Feature", "geometry": {"type": "Point", "coordinates": [64.0, 17.0]}, "properties": {"risk_score": 0.2, "risk_category": "safe", "sst": 29.12, "current_speed": 0.196, "factors": ["elevated_sst"], "color": "#00C853"}}, {"type": "Feature", "geometry": {"type": "Point", "coordinates": [72.0, 20.0]}, "properties": {"risk_score": 0.0, "risk_category": "safe", "sst": 28.99, "current_speed": 0.203, "factors": [], "color": "#00C853"}}, {"type": "Feature", "geometry": {"type": "Point", "coordinates": [86.0, 2.0]}, "properties": {"risk_score": 0.2, "risk_category": "safe", "sst": 29.45, "current_speed": 0.317, "factors": ["elevated_sst"], "color": "#00C853"}}, {"type": "Feature", "geometry": {"type": "Point", "coordinates": [82.0, -8.0]}, "properties": {"risk_score": 0.7, "risk_category": "danger", "sst": 29.38, "current_speed": 0.388, "factors": ["elevated_sst", "active_cyclone_nearby"], "color": "#D50000"}}, {"type": "Feature", "geometry": {"type": "Point", "coordinates": [51.0, 8.0]}, "properties": {"risk_score": 0.2, "risk_category": "safe", "sst": 29.38, "current_speed": 0.149, "factors": ["elevated_sst"], "color": "#00C853"}}, {"type": "Feature", "geometry": {"type": "Point", "coordinates": [78.0, 12.0]}, "properties": {"risk_score": 0.2, "risk_category": "safe", "sst": 29.29, "current_speed": 0.247, "factors": ["elevated_sst"], "color": "#00C853"}}, {"type": "Feature", "geometry": {"type": "Point", "coordinates": [59.0, 1.0]}, "properties": {"risk_score": 0.2, "risk_category": "safe", "sst": 29.46, "current_speed": 0.181, "factors": ["elevated_sst"], "color": "#00C853"}}, {"type": "Feature", "geometry": {"type": "Point", "coordinates": [76.0, 17.0]}, "properties": {"risk_score": 0.2, "risk_category": "safe", "sst": 29.12, "current_speed": 0.225, "factors": ["elevated_sst"], "color": "#00C853"}}, {"type": "Feature", "geometry": {"type": "Point", "coordinates": [57.0, 6.0]}, "properties": {"risk_score": 0.2, "risk_category": "safe", "sst": 29.41, "current_speed": 0.157, "factors": ["elevated_sst"], "color": "#00C853"}}, {"type": "Feature", "geometry": {"type": "Point", "coordinates": [68.0, -9.0]}, "properties": {"risk_score": 0.2, "risk_category": "safe", "sst": 29.36, "current_speed": 0.329, "factors": ["elevated_sst"], "color": "#00C853"}}, {"type": "Feature", "geometry": {"type": "Point", "coordinates": [62.0, 14.0]}, "properties": {"risk_score": 0.2, "risk_category": "safe", "sst": 29.22, "current_speed": 0.191, "factors": ["elevated_sst"], "color": "#00C853"}}, {"type": "Feature", "geometry": {"type": "Point", "coordinates": [87.0, 9.0]}, "properties": {"risk_score": 0.2, "risk_category": "safe", "sst": 29.36, "current_speed": 0.278, "factors": ["elevated_sst"], "color": "#00C853"}}, {"type": "Feature", "geometry": {"type": "Point", "coordinates": [54.0, -9.0]}, "properties": {"risk_score": 0.2, "risk_category": "safe", "sst": 29.36, "current_speed": 0.229, "factors": ["elevated_sst"], "color": "#00C853"}}, {"type": "Feature", "geometry": {"type": "Point", "coordinates": [79.0, -9.0]}, "properties": {"risk_score": 0.7, "risk_category": "danger", "sst": 29.36, "current_speed": 0.386, "factors": ["elevated_sst", "active_cyclone_nearby"], "color": "#D50000"}}, {"type": "Feature", "geometry": {"type": "Point", "coordinates": [99.0, 12.0]}, "properties": {"risk_score": 0.2, "risk_category": "safe", "sst": 29.29, "current_speed": 0.256, "factors": ["elevated_sst"], "color": "#00C853"}}, {"type": "Feature", "geometry": {"type": "Point", "coordinates": [74.0, -6.0]}, "properties": {"risk_score": 0.2, "risk_category": "safe", "sst": 29.41, "current_speed": 0.339, "factors": ["elevated_sst"], "color": "#00C853"}}, {"type": "Feature", "geometry": {"type": "Point", "coordinates": [95.0, 24.0]}, "properties": {"risk_score": 0.0, "risk_category": "safe", "sst": 28.8, "current_speed": 0.198, "factors": [], "color": "#00C853"}}, {"type": "Feature", "geometry": {"type": "Point", "coordinates": [69.0, 19.0]}, "properties": {"risk_score": 0.2, "risk_category": "safe", "sst": 29.03, "current_speed": 0.201, "factors": ["elevated_sst"], "color": "#00C853"}}, {"type": "Feature", "geometry": {"type": "Point", "coordinates": [82.0, -4.0]}, "properties": {"risk_score": 0.4, "risk_category": "caution", "sst": 29.44, "current_speed": 0.355, "factors": ["elevated_sst", "cyclone_in_region"], "color": "#FFD600"}}, {"type": "Feature", "geometry": {"type": "Point", "coordinates": [67.0, -9.0]}, "properties": {"risk_score": 0.2, "risk_category": "safe", "sst": 29.36, "current_speed": 0.322, "factors": ["elevated_sst"], "color": "#00C853"}}, {"type": "Feature", "geometry": {"type": "Point", "coordinates": [62.0, 6.0]}, "properties": {"risk_score": 0.2, "risk_category": "safe", "sst": 29.41, "current_speed": 0.184, "factors": ["elevated_sst"], "color": "#00C853"}}, {"type": "Feature", "geometry": {"type": "Point", "coordinates": [58.0, -1.0]}, "properties": {"risk_score": 0.2, "risk_category": "safe", "sst": 29.46, "current_speed": 0.186, "factors": ["elevated_sst"], "color": "#00C853"}}, {"type": "Feature", "geometry": {"type": "Point", "coordinates": [58.0, 10.0]}, "properties": {"risk_score": 0.2, "risk_category": "safe", "sst": 29.34, "current_speed": 0.171, "factors": ["elevated_sst"], "color": "#00C853"}}, {"type": "Feature", "geometry": {"type": "Point", "coordinates": [100.0, 22.0]}, "properties": {"risk_score": 0.0, "risk_category": "safe", "sst": 28.9, "current_speed": 0.207, "factors": [], "color": "#00C853"}}, {"type": "Feature", "geometry": {"type": "Point", "coordinates": [98.0, -8.0]}, "properties": {"risk_score": 0.7, "risk_category": "danger", "sst": 29.38, "current_speed": 0.388, "factors": ["elevated_sst", "active_cyclone_nearby"], "color": "#D50000"}}, {"type": "Feature", "geometry": {"type": "Point", "coordinates": [88.0, 7.0]}, "properties": {"risk_score": 0.2, "risk_category": "safe", "sst": 29.4, "current_speed": 0.288, "factors": ["elevated_sst"], "color": "#00C853"}}, {"type": "Feature", "geometry": {"type": "Point", "coordinates": [91.0, 0.0]}, "properties": {"risk_score": 0.2, "risk_category": "safe", "sst": 29.46, "current_speed": 0.334, "factors": ["elevated_sst"], "color": "#00C853"}}, {"type": "Feature", "geometry": {"type": "Point", "coordinates": [82.0, 5.0]}, "properties": {"risk_score": 0.2, "risk_category": "safe", "sst": 29.43, "current_speed": 0.289, "factors": ["elevated_sst"], "color": "#00C853"}}, {"type": "Feature", "geometry": {"type": "Point", "coordinates": [98.0, 13.0]}, "properties": {"risk_score": 0.2, "risk_category": "safe", "sst": 29.26, "current_speed": 0.254, "factors": ["elevated_sst"], "color": "#00C853"}}, {"type": "Feature", "geometry": {"type": "Point", "coordinates": [77.0, -10.0]}, "properties": {"risk_score": 0.4, "risk_category": "caution", "sst": 29.34, "current_speed": 0.385, "factors": ["elevated_sst", "cyclone_in_region"], "color": "#FFD600"}}, {"type": "Feature", "geometry": {"type": "Point", "coordinates": [64.0, 16.0]}, "properties": {"risk_score": 0.2, "risk_category": "safe", "sst": 29.15, "current_speed": 0.196, "factors": ["elevated_sst"], "color": "#00C853"}}, {"type": "Feature", "geometry": {"type": "Point", "coordinates": [61.0, 8.0]}, "properties": {"risk_score": 0.2, "risk_category": "safe", "sst": 29.38, "current_speed": 0.178, "factors": ["elevated_sst"], "color": "#00C853"}}, {"type": "Feature", "geometry": {"type": "Point", "coordinates": [99.0, 14.0]}, "properties": {"risk_score": 0.2, "risk_category": "safe", "sst": 29.22, "current_speed": 0.249, "factors": ["elevated_sst"], "color": "#00C853"}}, {"type": "Feature", "geometry": {"type": "Point", "coordinates": [72.0, 18.0]}, "properties": {"risk_score": 0.2, "risk_category": "safe", "sst": 29.08, "current_speed": 0.211, "factors": ["elevated_sst"], "color": "#00C853"}}, {"type": "Feature", "geometry": {"type": "Point", "coordinates": [75.0, 1.0]}, "properties": {"risk_score": 0.2, "risk_category": "safe", "sst": 29.46, "current_speed": 0.287, "factors": ["elevated_sst"], "color": "#00C853"}}, {"type": "Feature", "geometry": {"type": "Point", "coordinates": [82.0, 6.0]}, "properties": {"risk_score": 0.2, "risk_category": "safe", "sst": 29.41, "current_speed": 0.283, "factors": ["elevated_sst"], "color": "#00C853"}}, {"type": "Feature", "geometry": {"type": "Point", "coordinates": [75.0, -3.0]}, "properties": {"risk_score": 0.2, "risk_category": "safe", "sst": 29.45, "current_speed": 0.319, "factors": ["elevated_sst"], "color": "#00C853"}}, {"type": "Feature", "geometry": {"type": "Point", "coordinates": [70.0, 20.0]}, "properties": {"risk_score": 0.0, "risk_category": "safe", "sst": 28.99, "current_speed": 0.199, "factors": [], "color": "#00C853"}}, {"type": "Feature", "geometry": {"type": "Point", "coordinates": [62.0, 19.0]}, "properties": {"risk_score": 0.2, "risk_category": "safe", "sst": 29.03, "current_speed": 0.193, "factors": ["elevated_sst"], "color": "#00C853"}}, {"type": "Feature", "geometry": {"type": "Point", "coordinates": [57.0, 16.0]}, "properties": {"risk_score": 0.2, "risk_category": "safe", "sst": 29.15, "current_speed": 0.192, "factors": ["elevated_sst"], "color": "#00C853"}}, {"type": "Feature", "geometry": {"type": "Point", "coordinates": [86.0, 5.0]}, "properties": {"risk_score": 0.2, "risk_category": "safe", "sst": 29.43, "current_speed": 0.297, "factors": ["elevated_sst"], "color": "#00C853"}}, {"type": "Feature", "geometry": {"type": "Point", "coordinates": [75.0, 13.0]}, "properties": {"risk_score": 0.2, "risk_category": "safe", "sst": 29.26, "current_speed": 0.234, "factors": ["elevated_sst"], "color": "#00C853"}}, {"type": "Feature", "geometry": {"type": "Point", "coordinates": [90.0, 17.0]}, "properties": {"risk_score": 0.2, "risk_category": "safe", "sst": 29.12, "current_speed": 0.247, "factors": ["elevated_sst"], "color": "#00C853"}}, {"type": "Feature", "geometry": {"type": "Point", "coordinates": [97.0, 6.0]}, "properties": {"risk_score": 0.2, "risk_category": "safe", "sst": 29.41, "current_speed": 0.286, "factors": ["elevated_sst"], "color": "#00C853"}}, {"type": "Feature", "geometry": {"type": "Point", "coordinates": [69.0, 5.0]}, "properties": {"risk_score": 0.2, "risk_category": "safe", "sst": 29.43, "current_speed": 0.229, "factors": ["elevated_sst"], "color": "#00C853"}}, {"type": "Feature", "geometry": {"type": "Point", "coordinates": [65.0, 18.0]}, "properties": {"risk_score": 0.2, "risk_category": "safe", "sst": 29.08, "current_speed": 0.196, "factors": ["elevated_sst"], "color": "#00C853"}}, {"type": "Feature", "geometry": {"type": "Point", "coordinates": [89.0, 10.0]}, "properties": {"risk_score": 0.2, "risk_category": "safe", "sst": 29.34, "current_speed": 0.275, "factors": ["elevated_sst"], "color": "#00C853"}}, {"type": "Feature", "geometry": {"type": "Point", "coordinates": [60.0, -4.0]}, "properties": {"risk_score": 0.2, "risk_category": "safe", "sst": 29.44, "current_speed": 0.227, "factors": ["elevated_sst"], "color": "#00C853"}}, {"type": "Feature", "geometry": {"type": "Point", "coordinates": [61.0, 3.0]}, "properties": {"risk_score": 0.2, "risk_category": "safe", "sst": 29.45, "current_speed": 0.186, "factors": ["elevated_sst"], "color": "#00C853"}}, {"type": "Feature", "geometry": {"type": "Point", "coordinates": [80.0, 14.0]}, "properties": {"risk_score": 0.2, "risk_category": "safe", "sst": 29.22, "current_speed": 0.246, "factors": ["elevated_sst"], "color": "#00C853"}}, {"type": "Feature", "geometry": {"type": "Point", "coordinates": [68.0, 5.0]}, "properties": {"risk_score": 0.2, "risk_category": "safe", "sst": 29.43, "current_speed": 0.223, "factors": ["elevated_sst"], "color": "#00C853"}}, {"type": "Feature", "geometry": {"type": "Point", "coordinates": [59.0, 12.0]}, "properties": {"risk_score": 0.2, "risk_category": "safe", "sst": 29.29, "current_speed": 0.18, "factors": ["elevated_sst"], "color": "#00C853"}}, {"type": "Feature", "geometry": {"type": "Point", "coordinates": [100.0, 25.0]}, "properties": {"risk_score": 0.0, "risk_category": "safe", "sst": 28.74, "current_speed": 0.183, "factors": [], "color": "#00C853"}}, {"type": "Feature", "geometry": {"type": "Point", "coordinates": [92.0, 5.0]}, "properties": {"risk_score": 0.2, "risk_category": "safe", "sst": 29.43, "current_speed": 0.299, "factors": ["elevated_sst"], "color": "#00C853"}}, {"type": "Feature", "geometry": {"type": "Point", "coordinates": [83.0, -10.0]}, "properties": {"risk_score": 0.7, "risk_category": "danger", "sst": 29.34, "current_speed": 0.406, "factors": ["elevated_sst", "active_cyclone_nearby"], "color": "#D50000"}}, {"type": "Feature", "geometry": {"type": "Point", "coordinates": [97.0, 0.0]}, "properties": {"risk_score": 0.2, "risk_category": "safe", "sst": 29.46, "current_speed": 0.325, "factors": ["elevated_sst"], "color": "#00C853"}}, {"type": "Feature", "geometry": {"type": "Point", "coordinates": [74.0, 6.0]}, "properties": {"risk_score": 0.2, "risk_category": "safe", "sst": 29.41, "current_speed": 0.252, "factors": ["elevated_sst"], "color": "#00C853"}}, {"type": "Feature", "geometry": {"type": "Point", "coordinates": [91.0, 9.0]}, "properties": {"risk_score": 0.2, "risk_category": "safe", "sst": 29.36, "current_speed": 0.279, "factors": ["elevated_sst"], "color": "#00C853"}}, {"type": "Feature", "geometry": {"type": "Point", "coordinates": [75.0, 22.0]}, "properties": {"risk_score": 0.0, "risk_category": "safe", "sst": 28.9, "current_speed": 0.198, "factors": [], "color": "#00C853"}}, {"type": "Feature", "geometry": {"type": "Point", "coordinates": [79.0, -3.0]}, "properties": {"risk_score": 0.2, "risk_category": "safe", "sst": 29.45, "current_speed": 0.337, "factors": ["elevated_sst"], "color": "#00C853"}}, {"type": "Feature", "geometry": {"type": "Point", "coordinates": [50.0, -8.0]}, "properties": {"risk_score": 0.2, "risk_category": "safe", "sst": 29.38, "current_speed": 0.189, "factors": ["elevated_sst"], "color": "#00C853"}}, {"type": "Feature", "geometry": {"type": "Point", "coordinates": [50.0, 9.0]}, "properties": {"risk_score": 0.2, "risk_category": "safe", "sst": 29.36, "current_speed": 0.157, "factors": ["elevated_sst"], "color": "#00C853"}}, {"type": "Feature", "geometry": {"type": "Point", "coordinates": [63.0, -2.0]}, "properties": {"risk_score": 0.2, "risk_category": "safe", "sst": 29.45, "current_speed": 0.232, "factors": ["elevated_sst"], "color": "#00C853"}}, {"type": "Feature", "geometry": {"type": "Point", "coordinates": [99.0, -10.0]}, "properties": {"risk_score": 0.7, "risk_category": "danger", "sst": 29.34, "current_speed": 0.4, "factors": ["elevated_sst", "active_cyclone_nearby"], "color": "#D50000"}}, {"type": "Feature", "geometry": {"type": "Point", "coordinates": [86.0, -9.0]}, "properties": {"risk_score": 0.7, "risk_category": "danger", "sst": 29.36, "current_speed": 0.404, "factors": ["elevated_sst", "active_cyclone_nearby"], "color": "#D50000"}}, {"type": "Feature", "geometry": {"type": "Point", "coordinates": [58.0, 24.0]}, "properties": {"risk_score": 0.0, "risk_category": "safe", "sst": 28.8, "current_speed": 0.187, "factors": [], "color": "#00C853"}}, {"type": "Feature", "geometry": {"type": "Point", "coordinates": [74.0, 23.0]}, "properties": {"risk_score": 0.0, "risk_category": "safe", "sst": 28.85, "current_speed": 0.189, "factors": [], "color": "#00C853"}}, {"type": "Feature", "geometry": {"type": "Point", "coordinates": [82.0, 9.0]}, "properties": {"risk_score": 0.2, "risk_category": "safe", "sst": 29.36, "current_speed": 0.269, "factors": ["elevated_sst"], "color": "#00C853"}}, {"type": "Feature", "geometry": {"type": "Point", "coordinates": [67.0, 2.0]}, "properties": {"risk_score": 0.2, "risk_category": "safe", "sst": 29.45, "current_speed": 0.232, "factors": ["elevated_sst"], "color": "#00C853"}}, {"type": "Feature", "geometry": {"type": "Point", "coordinates": [73.0, 8.0]}, "properties": {"risk_score": 0.2, "risk_category": "safe", "sst": 29.38, "current_speed": 0.239, "factors": ["elevated_sst"], "color": "#00C853"}}, {"type": "Feature", "geometry": {"type": "Point", "coordinates": [90.0, 6.0]}, "properties": {"risk_score": 0.2, "risk_category": "safe", "sst": 29.41, "current_speed": 0.294, "factors": ["elevated_sst"], "color": "#00C853"}}, {"type": "Feature", "geometry": {"type": "Point", "coordinates": [63.0, 2.0]}, "properties": {"risk_score": 0.2, "risk_category": "safe", "sst": 29.45, "current_speed": 0.204, "factors": ["elevated_sst"], "color": "#00C853"}}, {"type": "Feature", "geometry": {"type": "Point", "coordinates": [61.0, -3.0]}, "properties": {"risk_score": 0.2, "risk_category": "safe", "sst": 29.45, "current_speed": 0.226, "factors": ["elevated_sst"], "color": "#00C853"}}, {"type": "Feature", "geometry": {"type": "Point", "coordinates": [79.0, -8.0]}, "properties": {"risk_score": 0.4, "risk_category": "caution", "sst": 29.38, "current_speed": 0.378, "factors": ["elevated_sst", "cyclone_in_region"], "color": "#FFD600"}}, {"type": "Feature", "geometry": {"type": "Point", "coordinates": [72.0, 12.0]}, "properties": {"risk_score": 0.2, "risk_category": "safe", "sst": 29.29, "current_speed": 0.225, "factors": ["elevated_sst"], "color": "#00C853"}}, {"type": "Feature", "geometry": {"type": "Point", "coordinates": [81.0, -2.0]}, "properties": {"risk_score": 0.2, "risk_category": "safe", "sst": 29.45, "current_speed": 0.336, "factors": ["elevated_sst"], "color": "#00C853"}}, {"type": "Feature", "geometry": {"type": "Point", "coordinates": [58.0, 23.0]}, "properties": {"risk_score": 0.0, "risk_category": "safe", "sst": 28.85, "current_speed": 0.191, "factors": [], "color": "#00C853"}}, {"type": "Feature", "geometry": {"type": "Point", "coordinates": [69.0, 24.0]}, "properties": {"risk_score": 0.0, "risk_category": "safe", "sst": 28.8, "current_speed": 0.175, "factors": [], "color": "#00C853"}}, {"type": "Feature", "geometry": {"type": "Point", "coordinates": [92.0, -1.0]}, "properties": {"risk_score": 0.2, "risk_category": "safe", "sst": 29.46, "current_speed": 0.342, "factors": ["elevated_sst"], "color": "#00C853"}}, {"type": "Feature", "geometry": {"type": "Point", "coordinates": [100.0, -9.0]}, "properties": {"risk_score": 0.7, "risk_category": "danger", "sst": 29.36, "current_speed": 0.39, "factors": ["elevated_sst", "active_cyclone_nearby"], "color": "#D50000"}}, {"type": "Feature", "geometry": {"type": "Point", "coordinates": [95.0, 13.0]}, "properties": {"risk_score": 0.2, "risk_category": "safe", "sst": 29.26, "current_speed": 0.26, "factors": ["elevated_sst"], "color": "#00C853"}}, {"type": "Feature", "geometry": {"type": "Point", "coordinates": [57.0, -10.0]}, "properties": {"risk_score": 0.2, "risk_category": "safe", "sst": 29.34, "current_speed": 0.26, "factors": ["elevated_sst"], "color": "#00C853"}}, {"type": "Feature", "geometry": {"type": "Point", "coordinates": [90.0, 18.0]}, "properties": {"risk_score": 0.2, "risk_category": "safe", "sst": 29.08, "current_speed": 0.242, "factors": ["elevated_sst"], "color": "#00C853"}}, {"type": "Feature", "geometry": {"type": "Point", "coordinates": [92.0, 4.0]}, "properties": {"risk_score": 0.2, "risk_category": "safe", "sst": 29.44, "current_speed": 0.305, "factors": ["elevated_sst"], "color": "#00C853"}}, {"type": "Feature", "geometry": {"type": "Point", "coordinates": [85.0, 4.0]}, "properties": {"risk_score": 0.2, "risk_category": "safe", "sst": 29.44, "current_speed": 0.302, "factors": ["elevated_sst"], "color": "#00C853"}}, {"type": "Feature", "geometry": {"type": "Point", "coordinates": [70.0, 3.0]}, "properties": {"risk_score": 0.2, "risk_category": "safe", "sst": 29.45, "current_speed": 0.245, "factors": ["elevated_sst"], "color": "#00C853"}}, {"type": "Feature", "geometry": {"type": "Point", "coordinates": [94.0, 9.0]}, "properties": {"risk_score": 0.2, "risk_category": "safe", "sst": 29.36, "current_speed": 0.277, "factors": ["elevated_sst"], "color": "#00C853"}}, {"type": "Feature", "geometry": {"type": "Point", "coordinates": [72.0, 25.0]}, "properties": {"risk_score": 0.0, "risk_category": "safe", "sst": 28.74, "current_speed": 0.171, "factors": [], "color": "#00C853"}}, {"type": "Feature", "geometry": {"type": "Point", "coordinates": [57.0, 7.0]}, "properties": {"risk_score": 0.2, "risk_category": "safe", "sst": 29.4, "current_speed": 0.159, "factors": ["elevated_sst"], "color": "#00C853"}}, {"type": "Feature", "geometry": {"type": "Point", "coordinates": [83.0, -8.0]}, "properties": {"risk_score": 0.7, "risk_category": "danger", "sst": 29.38, "current_speed": 0.391, "factors": ["elevated_sst", "active_cyclone_nearby"], "color": "#D50000"}}, {"type": "Feature", "geometry": {"type": "Point", "coordinates": [58.0, 6.0]}, "properties": {"risk_score": 0.2, "risk_category": "safe", "sst": 29.41, "current_speed": 0.162, "factors": ["elevated_sst"], "color": "#00C853"}}, {"type": "Feature", "geometry": {"type": "Point", "coordinates": [78.0, -1.0]}, "properties": {"risk_score": 0.2, "risk_category": "safe", "sst": 29.46, "current_speed": 0.316, "factors": ["elevated_sst"], "color": "#00C853"}}, {"type": "Feature", "geometry": {"type": "Point", "coordinates": [64.0, 0.0]}, "properties": {"risk_score": 0.2, "risk_category": "safe", "sst": 29.46, "current_speed": 0.224, "factors": ["elevated_sst"], "color": "#00C853"}}, {"type": "Feature", "geometry": {"type": "Point", "coordinates": [81.0, 25.0]}, "properties": {"risk_score": 0.0, "risk_category": "safe", "sst": 28.74, "current_speed": 0.185, "factors": [], "color": "#00C853"}}, {"type": "Feature", "geometry": {"type": "Point", "coordinates": [70.0, 6.0]}, "properties": {"risk_score": 0.2, "risk_category": "safe", "sst": 29.41, "current_speed": 0.231, "factors": ["elevated_sst"], "color": "#00C853"}}, {"type": "Feature", "geometry": {"type": "Point", "coordinates": [66.0, 3.0]}, "properties": {"risk_score": 0.2, "risk_category": "safe", "sst": 29.45, "current_speed": 0.22, "factors": ["elevated_sst"], "color": "#00C853"}}, {"type": "Feature", "geometry": {"type": "Point", "coordinates": [78.0, 6.0]}, "properties": {"risk_score": 0.2, "risk_category": "safe", "sst": 29.41, "current_speed": 0.27, "factors": ["elevated_sst"], "color": "#00C853"}}, {"type": "Feature", "geometry": {"type": "Point", "coordinates": [87.0, 13.0]}, "properties": {"risk_score": 0.2, "risk_category": "safe", "sst": 29.26, "current_speed": 0.262, "factors": ["elevated_sst"], "color": "#00C853"}}, {"type": "Feature", "geometry": {"type": "Point", "coordinates": [89.0, 9.0]}, "properties": {"risk_score": 0.2, "risk_category": "safe", "sst": 29.36, "current_speed": 0.279, "factors": ["elevated_sst"], "color": "#00C853"}}, {"type": "Feature", "geometry": {"type": "Point", "coordinates": [98.0, 24.0]}, "properties": {"risk_score": 0.0, "risk_category": "safe", "sst": 28.8, "current_speed": 0.195, "factors": [], "color": "#00C853"}}, {"type": "Feature", "geometry": {"type": "Point", "coordinates": [86.0, 17.0]}, "properties": {"risk_score": 0.2, "risk_category": "safe", "sst": 29.12, "current_speed": 0.245, "factors": ["elevated_sst"], "color": "#00C853"}}, {"type": "Feature", "geometry": {"type": "Point", "coordinates": [86.0, 21.0]}, "properties": {"risk_score": 0.0, "risk_category": "safe", "sst": 28.94, "current_speed": 0.222, "factors": [], "color": "#00C853"}}, {"type": "Feature", "geometry": {"type": "Point", "coordinates": [95.0, 10.0]}, "properties": {"risk_score": 0.2, "risk_category": "safe", "sst": 29.34, "current_speed": 0.271, "factors": ["elevated_sst"], "color": "#00C853"}}, {"type": "Feature", "geometry": {"type": "Point", "coordinates": [75.0, 17.0]}, "properties": {"risk_score": 0.2, "risk_category": "safe", "sst": 29.12, "current_speed": 0.222, "factors": ["elevated_sst"], "color": "#00C853"}}, {"type": "Feature", "geometry": {"type": "Point", "coordinates": [65.0, 15.0]}, "properties": {"risk_score": 0.2, "risk_category": "safe", "sst": 29.19, "current_speed": 0.198, "factors": ["elevated_sst"], "color": "#00C853"}}, {"type": "Feature", "geometry": {"type": "Point", "coordinates": [97.0, 18.0]}, "properties": {"risk_score": 0.2, "risk_category": "safe", "sst": 29.08, "current_speed": 0.236, "factors": ["elevated_sst"], "color": "#00C853"}}, {"type": "Feature", "geometry": {"type": "Point", "coordinates": [90.0, 2.0]}, "properties": {"risk_score": 0.2, "risk_category": "safe", "sst": 29.45, "current_speed": 0.32, "factors": ["elevated_sst"], "color": "#00C853"}}, {"type": "Feature", "geometry": {"type": "Point", "coordinates": [74.0, -3.0]}, "properties": {"risk_score": 0.2, "risk_category": "safe", "sst": 29.45, "current_speed": 0.313, "factors": ["elevated_sst"], "color": "#00C853"}}, {"type": "Feature", "geometry": {"type": "Point", "coordinates": [71.0, -4.0]}, "properties": {"risk_score": 0.2, "risk_category": "safe", "sst": 29.44, "current_speed": 0.305, "factors": ["elevated_sst"], "color": "#00C853"}}, {"type": "Feature", "geometry": {"type": "Point", "coordinates": [90.0, 9.0]}, "properties": {"risk_score": 0.2, "risk_category": "safe", "sst": 29.36, "current_speed": 0.28, "factors": ["elevated_sst"], "color": "#00C853"}}, {"type": "Feature", "geometry": {"type": "Point", "coordinates": [89.0, 5.0]}, "properties": {"risk_score": 0.2, "risk_category": "safe", "sst": 29.43, "current_speed": 0.3, "factors": ["elevated_sst"], "color": "#00C853"}}, {"type": "Feature", "geometry": {"type": "Point", "coordinates": [100.0, 6.0]}, "properties": {"risk_score": 0.2, "risk_category": "safe", "sst": 29.41, "current_speed": 0.277, "factors": ["elevated_sst"], "color": "#00C853"}}, {"type": "Feature", "geometry": {"type": "Point", "coordinates": [72.0, 22.0]}, "properties": {"risk_score": 0.0, "risk_category": "safe", "sst": 28.9, "current_speed": 0.192, "factors": [], "color": "#00C853"}}, {"type": "Feature", "geometry": {"type": "Point", "coordinates": [64.0, -7.0]}, "properties": {"risk_score": 0.2, "risk_category": "safe", "sst": 29.4, "current_speed": 0.284, "factors": ["elevated_sst"], "color": "#00C853"}}, {"type": "Feature", "geometry": {"type": "Point", "coordinates": [50.0, -6.0]}, "properties": {"risk_score": 0.2, "risk_category": "safe", "sst": 29.41, "current_speed": 0.169, "factors": ["elevated_sst"], "color": "#00C853"}}, {"type": "Feature", "geometry": {"type": "Point", "coordinates": [96.0, 8.0]}, "properties": {"risk_score": 0.2, "risk_category": "safe", "sst": 29.38, "current_speed": 0.278, "factors": ["elevated_sst"], "color": "#00C853"}}, {"type": "Feature", "geometry": {"type": "Point", "coordinates": [88.0, 5.0]}, "properties": {"risk_score": 0.2, "risk_category": "safe", "sst": 29.43, "current_speed": 0.299, "factors": ["elevated_sst"], "color": "#00C853"}}, {"type": "Feature", "geometry": {"type": "Point", "coordinates": [89.0, 18.0]}, "properties": {"risk_score": 0.2, "risk_category": "safe", "sst": 29.08, "current_speed": 0.241, "factors": ["elevated_sst"], "color": "#00C853"}}, {"type": "Feature", "geometry": {"type": "Point", "coordinates": [74.0, 18.0]}, "properties": {"risk_score": 0.2, "risk_category": "safe", "sst": 29.08, "current_speed": 0.216, "factors": ["elevated_sst"], "color": "#00C853"}}, {"type": "Feature", "geometry": {"type": "Point", "coordinates": [96.0, 4.0]}, "properties": {"risk_score": 0.2, "risk_category": "safe", "sst": 29.44, "current_speed": 0.3, "factors": ["elevated_sst"], "color": "#00C853"}}, {"type": "Feature", "geometry": {"type": "Point", "coordinates": [89.0, 16.0]}, "properties": {"risk_score": 0.2, "risk_category": "safe", "sst": 29.15, "current_speed": 0.251, "factors": ["elevated_sst"], "color": "#00C853"}}, {"type": "Feature", "geometry": {"type": "Point", "coordinates": [86.0, 22.0]}, "properties": {"risk_score": 0.0, "risk_category": "safe", "sst": 28.9, "current_speed": 0.215, "factors": [], "color": "#00C853"}}, {"type": "Feature", "geometry": {"type": "Point", "coordinates": [51.0, -2.0]}, "properties": {"risk_score": 0.2, "risk_category": "safe", "sst": 29.45, "current_speed": 0.141, "factors": ["elevated_sst"], "color": "#00C853"}}, {"type": "Feature", "geometry": {"type": "Point", "coordinates": [78.0, 2.0]}, "properties": {"risk_score": 0.2, "risk_category": "safe", "sst": 29.45, "current_speed": 0.294, "factors": ["elevated_sst"], "color": "#00C853"}}, {"type": "Feature", "geometry": {"type": "Point", "coordinates": [76.0, 3.0]}, "properties": {"risk_score": 0.2, "risk_category": "safe", "sst": 29.45, "current_speed": 0.278, "factors": ["elevated_sst"], "color": "#00C853"}}, {"type": "Feature", "geometry": {"type": "Point", "coordinates": [98.0, -1.0]}, "properties": {"risk_score": 0.2, "risk_category": "safe", "sst": 29.46, "current_speed": 0.331, "factors": ["elevated_sst"], "color": "#00C853"}}, {"type": "Feature", "geometry": {"type": "Point", "coordinates": [52.0, 12.0]}, "properties": {"risk_score": 0.2, "risk_category": "safe", "sst": 29.29, "current_speed": 0.178, "factors": ["elevated_sst"], "color": "#00C853"}}, {"type": "Feature", "geometry": {"type": "Point", "coordinates": [70.0, 0.0]}, "properties": {"risk_score": 0.2, "risk_category": "safe", "sst": 29.46, "current_speed": 0.265, "factors": ["elevated_sst"], "color": "#00C853"}}, {"type": "Feature", "geometry": {"type": "Point", "coordinates": [90.0, 12.0]}, "properties": {"risk_score": 0.2, "risk_category": "safe", "sst": 29.29, "current_speed": 0.267, "factors": ["elevated_sst"], "color": "#00C853"}}, {"type": "Feature", "geometry": {"type": "Point", "coordinates": [53.0, 5.0]}, "properties": {"risk_score": 0.2, "risk_category": "safe", "sst": 29.43, "current_speed": 0.138, "factors": ["elevated_sst"], "color": "#00C853"}}, {"type": "Feature", "geometry": {"type": "Point", "coordinates": [85.0, 16.0]}, "properties": {"risk_score": 0.2, "risk_category": "safe", "sst": 29.15, "current_speed": 0.248, "factors": ["elevated_sst"], "color": "#00C853"}}, {"type": "Feature", "geometry": {"type": "Point", "coordinates": [61.0, -9.0]}, "properties": {"risk_score": 0.2, "risk_category": "safe", "sst": 29.36, "current_speed": 0.28, "factors": ["elevated_sst"], "color": "#00C853"}}, {"type": "Feature", "geometry": {"type": "Point", "coordinates": [80.0, 20.0]}, "properties": {"risk_score": 0.0, "risk_category": "safe", "sst": 28.99, "current_speed": 0.22, "factors": [], "color": "#00C853"}}, {"type": "Feature", "geometry": {"type": "Point", "coordinates": [78.0, -8.0]}, "properties": {"risk_score": 0.4, "risk_category": "caution", "sst": 29.38, "current_speed": 0.375, "factors": ["elevated_sst", "cyclone_in_region"], "color": "#FFD600"}}, {"type": "Feature", "geometry": {"type": "Point", "coordinates": [76.0, 4.0]}, "properties": {"risk_score": 0.2, "risk_category": "safe", "sst": 29.44, "current_speed": 0.272, "factors": ["elevated_sst"], "color": "#00C853"}}, {"type": "Feature", "geometry": {"type": "Point", "coordinates": [71.0, 14.0]}, "properties": {"risk_score": 0.2, "risk_category": "safe", "sst": 29.22, "current_speed": 0.218, "factors": ["elevated_sst"], "color": "#00C853"}}, {"type": "Feature", "geometry": {"type": "Point", "coordinates": [77.0, 23.0]}, "properties": {"risk_score": 0.0, "risk_category": "safe", "sst": 28.85, "current_speed": 0.195, "factors": [], "color": "#00C853"}}, {"type": "Feature", "geometry": {"type": "Point", "coordinates": [56.0, 25.0]}, "properties": {"risk_score": 0.0, "risk_category": "safe", "sst": 28.74, "current_speed": 0.191, "factors": [], "color": "#00C853"}}, {"type": "Feature", "geometry": {"type": "Point", "coordinates": [78.0, 24.0]}, "properties": {"risk_score": 0.0, "risk_category": "safe", "sst": 28.8, "current_speed": 0.189, "factors": [], "color": "#00C853"}}, {"type": "Feature", "geometry": {"type": "Point", "coordinates": [59.0, 20.0]}, "properties": {"risk_score": 0.0, "risk_category": "safe", "sst": 28.99, "current_speed": 0.194, "factors": [], "color": "#00C853"}}, {"type": "Feature", "geometry": {"type": "Point", "coordinates": [69.0, 7.0]}, "properties": {"risk_score": 0.2, "risk_category": "safe", "sst": 29.4, "current_speed": 0.222, "factors": ["elevated_sst"], "color": "#00C853"}}, {"type": "Feature", "geometry": {"type": "Point", "coordinates": [50.0, 4.0]}, "properties": {"risk_score": 0.2, "risk_category": "safe", "sst": 29.44, "current_speed": 0.123, "factors": ["elevated_sst"], "color": "#00C853"}}, {"type": "Feature", "geometry": {"type": "Point", "coordinates": [81.0, 14.0]}, "properties": {"risk_score": 0.2, "risk_category": "safe", "sst": 29.22, "current_speed": 0.249, "factors": ["elevated_sst"], "color": "#00C853"}}, {"type": "Feature", "geometry": {"type": "Point", "coordinates": [81.0, 24.0]}, "properties": {"risk_score": 0.0, "risk_category": "safe", "sst": 28.8, "current_speed": 0.194, "factors": [], "color": "#00C853"}}, {"type": "Feature", "geometry": {"type": "Point", "coordinates": [58.0, 18.0]}, "properties": {"risk_score": 0.2, "risk_category": "safe", "sst": 29.08, "current_speed": 0.195, "factors": ["elevated_sst"], "color": "#00C853"}}, {"type": "Feature", "geometry": {"type": "Point", "coordinates": [81.0, 23.0]}, "properties": {"risk_score": 0.0, "risk_category": "safe", "sst": 28.85, "current_speed": 0.202, "factors": [], "color": "#00C853"}}, {"type": "Feature", "geometry": {"type": "Point", "coordinates": [68.0, 19.0]}, "properties": {"risk_score": 0.2, "risk_category": "safe", "sst": 29.03, "current_speed": 0.199, "factors": ["elevated_sst"], "color": "#00C853"}}, {"type": "Feature", "geometry": {"type": "Point", "coordinates": [51.0, 7.0]}, "properties": {"risk_score": 0.2, "risk_category": "safe", "sst": 29.4, "current_speed": 0.142, "factors": ["elevated_sst"], "color": "#00C853"}}, {"type": "Feature", "geometry": {"type": "Point", "coordinates": [57.0, -3.0]}, "properties": {"risk_score": 0.2, "risk_category": "safe", "sst": 29.45, "current_speed": 0.195, "factors": ["elevated_sst"], "color": "#00C853"}}, {"type": "Feature", "geometry": {"type": "Point", "coordinates": [77.0, 0.0]}, "properties": {"risk_score": 0.2, "risk_category": "safe", "sst": 29.46, "current_speed": 0.304, "factors": ["elevated_sst"], "color": "#00C853"}}, {"type": "Feature", "geometry": {"type": "Point", "coordinates": [80.0, -2.0]}, "properties": {"risk_score": 0.2, "risk_category": "safe", "sst": 29.45, "current_speed": 0.332, "factors": ["elevated_sst"], "color": "#00C853"}}, {"type": "Feature", "geometry": {"type": "Point", "coordinates": [78.0, 5.0]}, "properties": {"risk_score": 0.2, "risk_category": "safe", "sst": 29.43, "current_speed": 0.275, "factors": ["elevated_sst"], "color": "#00C853"}}, {"type": "Feature", "geometry": {"type": "Point", "coordinates": [99.0, 3.0]}, "properties": {"risk_score": 0.2, "risk_category": "safe", "sst": 29.45, "current_speed": 0.298, "factors": ["elevated_sst"], "color": "#00C853"}}, {"type": "Feature", "geometry": {"type": "Point", "coordinates": [60.0, 11.0]}, "properties": {"risk_score": 0.2, "risk_category": "safe", "sst": 29.31, "current_speed": 0.18, "factors": ["elevated_sst"], "color": "#00C853"}}, {"type": "Feature", "geometry": {"type": "Point", "coordinates": [70.0, -10.0]}, "properties": {"risk_score": 0.2, "risk_category": "safe", "sst": 29.34, "current_speed": 0.349, "factors": ["elevated_sst"], "color": "#00C853"}}, {"type": "Feature", "geometry": {"type": "Point", "coordinates": [83.0, 4.0]}, "properties": {"risk_score": 0.2, "risk_category": "safe", "sst": 29.44, "current_speed": 0.297, "factors": ["elevated_sst"], "color": "#00C853"}}, {"type": "Feature", "geometry": {"type": "Point", "coordinates": [91.0, 17.0]}, "properties": {"risk_score": 0.2, "risk_category": "safe", "sst": 29.12, "current_speed": 0.246, "factors": ["elevated_sst"], "color": "#00C853"}}, {"type": "Feature", "geometry": {"type": "Point", "coordinates": [78.0, 23.0]}, "properties": {"risk_score": 0.0, "risk_category": "safe", "sst": 28.85, "current_speed": 0.197, "factors": [], "color": "#00C853"}}, {"type": "Feature", "geometry": {"type": "Point", "coordinates": [52.0, -4.0]}, "properties": {"risk_score": 0.2, "risk_category": "safe", "sst": 29.44, "current_speed": 0.165, "factors": ["elevated_sst"], "color": "#00C853"}}, {"type": "Feature", "geometry": {"type": "Point", "coordinates": [91.0, -1.0]}, "properties": {"risk_score": 0.2, "risk_category": "safe", "sst": 29.46, "current_speed": 0.342, "factors": ["elevated_sst"], "color": "#00C853"}}, {"type": "Feature", "geometry": {"type": "Point", "coordinates": [59.0, 25.0]}, "properties": {"risk_score": 0.0, "risk_category": "safe", "sst": 28.74, "current_speed": 0.18, "factors": [], "color": "#00C853"}}, {"type": "Feature", "geometry": {"type": "Point", "coordinates": [94.0, 4.0]}, "properties": {"risk_score": 0.2, "risk_category": "safe", "sst": 29.44, "current_speed": 0.303, "factors": ["elevated_sst"], "color": "#00C853"}}, {"type": "Feature", "geometry": {"type": "Point", "coordinates": [82.0, 0.0]}, "properties": {"risk_score": 0.2, "risk_category": "safe", "sst": 29.46, "current_speed": 0.323, "factors": ["elevated_sst"], "color": "#00C853"}}, {"type": "Feature", "geometry": {"type": "Point", "coordinates": [75.0, 11.0]}, "properties": {"risk_score": 0.2, "risk_category": "safe", "sst": 29.31, "current_speed": 0.239, "factors": ["elevated_sst"], "color": "#00C853"}}, {"type": "Feature", "geometry": {"type": "Point", "coordinates": [90.0, 20.0]}, "properties": {"risk_score": 0.0, "risk_category": "safe", "sst": 28.99, "current_speed": 0.23, "factors": [], "color": "#00C853"}}, {"type": "Feature", "geometry": {"type": "Point", "coordinates": [52.0, 8.0]}, "properties": {"risk_score": 0.2, "risk_category": "safe", "sst": 29.38, "current_speed": 0.15, "factors": ["elevated_sst"], "color": "#00C853"}}, {"type": "Feature", "geometry": {"type": "Point", "coordinates": [54.0, 0.0]}, "properties": {"risk_score": 0.2, "risk_category": "safe", "sst": 29.46, "current_speed": 0.15, "factors": ["elevated_sst"], "color": "#00C853"}}, {"type": "Feature", "geometry": {"type": "Point", "coordinates": [100.0, 4.0]}, "properties": {"risk_score": 0.2, "risk_category": "safe", "sst": 29.44, "current_speed": 0.288, "factors": ["elevated_sst"], "color": "#00C853"}}, {"type": "Feature", "geometry": {"type": "Point", "coordinates": [94.0, 0.0]}, "properties": {"risk_score": 0.2, "risk_category": "safe", "sst": 29.46, "current_speed": 0.332, "factors": ["elevated_sst"], "color": "#00C853"}}, {"type": "Feature", "geometry": {"type": "Point", "coordinates": [87.0, -8.0]}, "properties": {"risk_score": 0.7, "risk_category": "danger", "sst": 29.38, "current_speed": 0.398, "factors": ["elevated_sst", "active_cyclone_nearby"], "color": "#D50000"}}, {"type": "Feature", "geometry": {"type": "Point", "coordinates": [51.0, 19.0]}, "properties": {"risk_score": 0.2, "risk_category": "safe", "sst": 29.03, "current_speed": 0.215, "factors": ["elevated_sst"], "color": "#00C853"}}, {"type": "Feature", "geometry": {"type": "Point", "coordinates": [86.0, 3.0]}, "properties": {"risk_score": 0.2, "risk_category": "safe", "sst": 29.45, "current_speed": 0.31, "factors": ["elevated_sst"], "color": "#00C853"}}, {"type": "Feature", "geometry": {"type": "Point", "coordinates": [52.0, -9.0]}, "properties": {"risk_score": 0.2, "risk_category": "safe", "sst": 29.36, "current_speed": 0.214, "factors": ["elevated_sst"], "color": "#00C853"}}, {"type": "Feature", "geometry": {"type": "Point", "coordinates": [52.0, 25.0]}, "properties": {"risk_score": 0.0, "risk_category": "safe", "sst": 28.74, "current_speed": 0.209, "factors": [], "color": "#00C853"}}, {"type": "Feature", "geometry": {"type": "Point", "coordinates": [68.0, 3.0]}, "properties": {"risk_score": 0.2, "risk_category": "safe", "sst": 29.45, "current_speed": 0.233, "factors": ["elevated_sst"], "color": "#00C853"}}, {"type": "Feature", "geometry": {"type": "Point", "coordinates": [67.0, -6.0]}, "properties": {"risk_score": 0.2, "risk_category": "safe", "sst": 29.41, "current_speed": 0.296, "factors": ["elevated_sst"], "color": "#00C853"}}, {"type": "Feature", "geometry": {"type": "Point", "coordinates": [68.0, 16.0]}, "properties": {"risk_score": 0.2, "risk_category": "safe", "sst": 29.15, "current_speed": 0.205, "factors": ["elevated_sst"], "color": "#00C853"}}, {"type": "Feature", "geometry": {"type": "Point", "coordinates": [50.0, 23.0]}, "properties": {"risk_score": 0.0, "risk_category": "safe", "sst": 28.85, "current_speed": 0.223, "factors": [], "color": "#00C853"}}, {"type": "Feature", "geometry": {"type": "Point", "coordinates": [72.0, -7.0]}, "properties": {"risk_score": 0.2, "risk_category": "safe", "sst": 29.4, "current_speed": 0.337, "factors": ["elevated_sst"], "color": "#00C853"}}, {"type": "Feature", "geometry": {"type": "Point", "coordinates": [61.0, 21.0]}, "properties": {"risk_score": 0.0, "risk_category": "safe", "sst": 28.94, "current_speed": 0.19, "factors": [], "color": "#00C853"}}, {"type": "Feature", "geometry": {"type": "Point", "coordinates": [93.0, 9.0]}, "properties": {"risk_score": 0.2, "risk_category": "safe", "sst": 29.36, "current_speed": 0.278, "factors": ["elevated_sst"], "color": "#00C853"}}, {"type": "Feature", "geometry": {"type": "Point", "coordinates": [71.0, 12.0]}, "properties": {"risk_score": 0.2, "risk_category": "safe", "sst": 29.29, "current_speed": 0.221, "factors": ["elevated_sst"], "color": "#00C853"}}, {"type": "Feature", "geometry": {"type": "Point", "coordinates": [93.0, 11.0]}, "properties": {"risk_score": 0.2, "risk_category": "safe", "sst": 29.31, "current_speed": 0.27, "factors": ["elevated_sst"], "color": "#00C853"}}, {"type": "Feature", "geometry": {"type": "Point", "coordinates": [67.0, -2.0]}, "properties": {"risk_score": 0.2, "risk_category": "safe", "sst": 29.45, "current_speed": 0.261, "factors": ["elevated_sst"], "color": "#00C853"}}, {"type": "Feature", "geometry": {"type": "Point", "coordinates": [91.0, 15.0]}, "properties": {"risk_score": 0.2, "risk_category": "safe", "sst": 29.19, "current_speed": 0.255, "factors": ["elevated_sst"], "color": "#00C853"}}, {"type": "Feature", "geometry": {"type": "Point", "coordinates": [59.0, 6.0]}, "properties": {"risk_score": 0.2, "risk_category": "safe", "sst": 29.41, "current_speed": 0.167, "factors": ["elevated_sst"], "color": "#00C853"}}, {"type": "Feature", "geometry": {"type": "Point", "coordinates": [58.0, 20.0]}, "properties": {"risk_score": 0.0, "risk_category": "safe", "sst": 28.99, "current_speed": 0.196, "factors": [], "color": "#00C853"}}, {"type": "Feature", "geometry": {"type": "Point", "coordinates": [89.0, 17.0]}, "properties": {"risk_score": 0.2, "risk_category": "safe", "sst": 29.12, "current_speed": 0.246, "factors": ["elevated_sst"], "color": "#00C853"}}, {"type": "Feature", "geometry": {"type": "Point", "coordinates": [97.0, -8.0]}, "properties": {"risk_score": 0.7, "risk_category": "danger", "sst": 29.38, "current_speed": 0.391, "factors": ["elevated_sst", "active_cyclone_nearby"], "color": "#D50000"}}, {"type": "Feature", "geometry": {"type": "Point", "coordinates": [57.0, 23.0]}, "properties": {"risk_score": 0.0, "risk_category": "safe", "sst": 28.85, "current_speed": 0.194, "factors": [], "color": "#00C853"}}, {"type": "Feature", "geometry": {"type": "Point", "coordinates": [80.0, -6.0]}, "properties": {"risk_score": 0.4, "risk_category": "caution", "sst": 29.41, "current_speed": 0.366, "factors": ["elevated_sst", "cyclone_in_region"], "color": "#FFD600"}}, {"type": "Feature", "geometry": {"type": "Point", "coordinates": [76.0, -1.0]}, "properties": {"risk_score": 0.2, "risk_category": "safe", "sst": 29.46, "current_speed": 0.307, "factors": ["elevated_sst"], "color": "#00C853"}}, {"type": "Feature", "geometry": {"type": "Point", "coordinates": [54.0, 1.0]}, "properties": {"risk_score": 0.2, "risk_category": "safe", "sst": 29.46, "current_speed": 0.145, "factors": ["elevated_sst"], "color": "#00C853"}}, {"type": "Feature", "geometry": {"type": "Point", "coordinates": [53.0, 15.0]}, "properties": {"risk_score": 0.2, "risk_category": "safe", "sst": 29.19, "current_speed": 0.194, "factors": ["elevated_sst"], "color": "#00C853"}}, {"type": "Feature", "geometry": {"type": "Point", "coordinates": [94.0, 17.0]}, "properties": {"risk_score": 0.2, "risk_category": "safe", "sst": 29.12, "current_speed": 0.245, "factors": ["elevated_sst"], "color": "#00C853"}}, {"type": "Feature", "geometry": {"type": "Point", "coordinates": [52.0, 9.0]}, "properties": {"risk_score": 0.2, "risk_category": "safe", "sst": 29.36, "current_speed": 0.157, "factors": ["elevated_sst"], "color": "#00C853"}}, {"type": "Feature", "geometry": {"type": "Point", "coordinates": [89.0, -5.0]}, "properties": {"risk_score": 0.4, "risk_category": "caution", "sst": 29.43, "current_speed": 0.375, "factors": ["elevated_sst", "cyclone_in_region"], "color": "#FFD600"}}, {"type": "Feature", "geometry": {"type": "Point", "coordinates": [55.0, 15.0]}, "properties": {"risk_score": 0.2, "risk_category": "safe", "sst": 29.19, "current_speed": 0.191, "factors": ["elevated_sst"], "color": "#00C853"}}, {"type": "Feature", "geometry": {"type": "Point", "coordinates": [60.0, 23.0]}, "properties": {"risk_score": 0.0, "risk_category": "safe", "sst": 28.85, "current_speed": 0.186, "factors": [], "color": "#00C853"}}, {"type": "Feature", "geometry": {"type": "Point", "coordinates": [60.0, -7.0]}, "properties": {"risk_score": 0.2, "risk_category": "safe", "sst": 29.4, "current_speed": 0.255, "factors": ["elevated_sst"], "color": "#00C853"}}, {"type": "Feature", "geometry": {"type": "Point", "coordinates": [60.0, -1.0]}, "properties": {"risk_score": 0.2, "risk_category": "safe", "sst": 29.46, "current_speed": 0.202, "factors": ["elevated_sst"], "color": "#00C853"}}, {"type": "Feature", "geometry": {"type": "Point", "coordinates": [87.0, 8.0]}, "properties": {"risk_score": 0.2, "risk_category": "safe", "sst": 29.38, "current_speed": 0.283, "factors": ["elevated_sst"], "color": "#00C853"}}, {"type": "Feature", "geometry": {"type": "Point", "coordinates": [82.0, 8.0]}, "properties": {"risk_score": 0.2, "risk_category": "safe", "sst": 29.38, "current_speed": 0.274, "factors": ["elevated_sst"], "color": "#00C853"}}, {"type": "Feature", "geometry": {"type": "Point", "coordinates": [80.0, 4.0]}, "properties": {"risk_score": 0.2, "risk_category": "safe", "sst": 29.44, "current_speed": 0.288, "factors": ["elevated_sst"], "color": "#00C853"}}, {"type": "Feature", "geometry": {"type": "Point", "coordinates": [100.0, 11.0]}, "properties": {"risk_score": 0.2, "risk_category": "safe", "sst": 29.31, "current_speed": 0.256, "factors": ["elevated_sst"], "color": "#00C853"}}, {"type": "Feature", "geometry": {"type": "Point", "coordinates": [56.0, 20.0]}, "properties": {"risk_score": 0.0, "risk_category": "safe", "sst": 28.99, "current_speed": 0.2, "factors": [], "color": "#00C853"}}, {"type": "Feature", "geometry": {"type": "Point", "coordinates": [64.0, 1.0]}, "properties": {"risk_score": 0.2, "risk_category": "safe", "sst": 29.46, "current_speed": 0.217, "factors": ["elevated_sst"], "color": "#00C853"}}, {"type": "Feature", "geometry": {"type": "Point", "coordinates": [62.0, 0.0]}, "properties": {"risk_score": 0.2, "risk_category": "safe", "sst": 29.46, "current_speed": 0.209, "factors": ["elevated_sst"], "color": "#00C853"}}, {"type": "Feature", "geometry": {"type": "Point", "coordinates": [55.0, 4.0]}, "properties": {"risk_score": 0.2, "risk_category": "safe", "sst": 29.44, "current_speed": 0.146, "factors": ["elevated_sst"], "color": "#00C853"}}, {"type": "Feature", "geometry": {"type": "Point", "coordinates": [92.0, -2.0]}, "properties": {"risk_score": 0.2, "risk_category": "safe", "sst": 29.45, "current_speed": 0.35, "factors": ["elevated_sst"], "color": "#00C853"}}, {"type": "Feature", "geometry": {"type": "Point", "coordinates": [89.0, 12.0]}, "properties": {"risk_score": 0.2, "risk_category": "safe", "sst": 29.29, "current_speed": 0.267, "factors": ["elevated_sst"], "color": "#00C853"}}, {"type": "Feature", "geometry": {"type": "Point", "coordinates": [77.0, 18.0]}, "properties": {"risk_score": 0.2, "risk_category": "safe", "sst": 29.08, "current_speed": 0.223, "factors": ["elevated_sst"], "color": "#00C853"}}, {"type": "Feature", "geometry": {"type": "Point", "coordinates": [79.0, 14.0]}, "properties": {"risk_score": 0.2, "risk_category": "safe", "sst": 29.22, "current_speed": 0.243, "factors": ["elevated_sst"], "color": "#00C853"}}, {"type": "Feature", "geometry": {"type": "Point", "coordinates": [68.0, -8.0]}, "properties": {"risk_score": 0.2, "risk_category": "safe", "sst": 29.38, "current_speed": 0.32, "factors": ["elevated_sst"], "color": "#00C853"}}, {"type": "Feature", "geometry": {"type": "Point", "coordinates": [52.0, 16.0]}, "properties": {"risk_score": 0.2, "risk_category": "safe", "sst": 29.15, "current_speed": 0.201, "factors": ["elevated_sst"], "color": "#00C853"}}, {"type": "Feature", "geometry": {"type": "Point", "coordinates": [71.0, -1.0]}, "properties": {"risk_score": 0.2, "risk_category": "safe", "sst": 29.46, "current_speed": 0.279, "factors": ["elevated_sst"], "color": "#00C853"}}, {"type": "Feature", "geometry": {"type": "Point", "coordinates": [84.0, 10.0]}, "properties": {"risk_score": 0.2, "risk_category": "safe", "sst": 29.34, "current_speed": 0.27, "factors": ["elevated_sst"], "color": "#00C853"}}, {"type": "Feature", "geometry": {"type": "Point", "coordinates": [99.0, 11.0]}, "properties": {"risk_score": 0.2, "risk_category": "safe", "sst": 29.31, "current_speed": 0.259, "factors": ["elevated_sst"], "color": "#00C853"}}, {"type": "Feature", "geometry": {"type": "Point", "coordinates": [91.0, 5.0]}, "properties": {"risk_score": 0.2, "risk_category": "safe", "sst": 29.43, "current_speed": 0.3, "factors": ["elevated_sst"], "color": "#00C853"}}, {"type": "Feature", "geometry": {"type": "Point", "coordinates": [88.0, 24.0]}, "properties": {"risk_score": 0.0, "risk_category": "safe", "sst": 28.8, "current_speed": 0.2, "factors": [], "color": "#00C853"}}, {"type": "Feature", "geometry": {"type": "Point", "coordinates": [86.0, 7.0]}, "properties": {"risk_score": 0.2, "risk_category": "safe", "sst": 29.4, "current_speed": 0.286, "factors": ["elevated_sst"], "color": "#00C853"}}, {"type": "Feature", "geometry": {"type": "Point", "coordinates": [59.0, -4.0]}, "properties": {"risk_score": 0.2, "risk_category": "safe", "sst": 29.44, "current_speed": 0.219, "factors": ["elevated_sst"], "color": "#00C853"}}, {"type": "Feature", "geometry": {"type": "Point", "coordinates": [82.0, -2.0]}, "properties": {"risk_score": 0.2, "risk_category": "safe", "sst": 29.45, "current_speed": 0.339, "factors": ["elevated_sst"], "color": "#00C853"}}, {"type": "Feature", "geometry": {"type": "Point", "coordinates": [74.0, -1.0]}, "properties": {"risk_score": 0.2, "risk_category": "safe", "sst": 29.46, "current_speed": 0.297, "factors": ["elevated_sst"], "color": "#00C853"}}, {"type": "Feature", "geometry": {"type": "Point", "coordinates": [100.0, 13.0]}, "properties": {"risk_score": 0.2, "risk_category": "safe", "sst": 29.26, "current_speed": 0.249, "factors": ["elevated_sst"], "color": "#00C853"}}, {"type": "Feature", "geometry": {"type": "Point", "coordinates": [96.0, 16.0]}, "properties": {"risk_score": 0.2, "risk_category": "safe", "sst": 29.15, "current_speed": 0.247, "factors": ["elevated_sst"], "color": "#00C853"}}, {"type": "Feature", "geometry": {"type": "Point", "coordinates": [58.0, 17.0]}, "properties": {"risk_score": 0.2, "risk_category": "safe", "sst": 29.12, "current_speed": 0.194, "factors": ["elevated_sst"], "color": "#00C853"}}, {"type": "Feature", "geometry": {"type": "Point", "coordinates": [68.0, 13.0]}, "properties": {"risk_score": 0.2, "risk_category": "safe", "sst": 29.26, "current_speed": 0.208, "factors": ["elevated_sst"], "color": "#00C853"}}, {"type": "Feature", "geometry": {"type": "Point", "coordinates": [94.0, -10.0]}, "properties": {"risk_score": 0.7, "risk_category": "danger", "sst": 29.34, "current_speed": 0.412, "factors": ["elevated_sst", "active_cyclone_nearby"], "color": "#D50000"}}, {"type": "Feature", "geometry": {"type": "Point", "coordinates": [65.0, 2.0]}, "properties": {"risk_score": 0.2, "risk_category": "safe", "sst": 29.45, "current_speed": 0.218, "factors": ["elevated_sst"], "color": "#00C853"}}, {"type": "Feature", "geometry": {"type": "Point", "coordinates": [51.0, 16.0]}, "properties": {"risk_score": 0.2, "risk_category": "safe", "sst": 29.15, "current_speed": 0.204, "factors": ["elevated_sst"], "color": "#00C853"}}, {"type": "Feature", "geometry": {"type": "Point", "coordinates": [100.0, -3.0]}, "properties": {"risk_score": 0.2, "risk_category": "safe", "sst": 29.45, "current_speed": 0.341, "factors": ["elevated_sst"], "color": "#00C853"}}, {"type": "Feature", "geometry": {"type": "Point", "coordinates": [85.0, -3.0]}, "properties": {"risk_score": 0.4, "risk_category": "caution", "sst": 29.45, "current_speed": 0.354, "factors": ["elevated_sst", "cyclone_in_region"], "color": "#FFD600"}}, {"type": "Feature", "geometry": {"type": "Point", "coordinates": [88.0, 3.0]}, "properties": {"risk_score": 0.2, "risk_category": "safe", "sst": 29.45, "current_speed": 0.312, "factors": ["elevated_sst"], "color": "#00C853"}}, {"type": "Feature", "geometry": {"type": "Point", "coordinates": [78.0, 19.0]}, "properties": {"risk_score": 0.2, "risk_category": "safe", "sst": 29.03, "current_speed": 0.221, "factors": ["elevated_sst"], "color": "#00C853"}}, {"type": "Feature", "geometry": {"type": "Point", "coordinates": [78.0, 18.0]}, "properties": {"risk_score": 0.2, "risk_category": "safe", "sst": 29.08, "current_speed": 0.226, "factors": ["elevated_sst"], "color": "#00C853"}}, {"type": "Feature", "geometry": {"type": "Point", "coordinates": [60.0, 16.0]}, "properties": {"risk_score": 0.2, "risk_category": "safe", "sst": 29.15, "current_speed": 0.192, "factors": ["elevated_sst"], "color": "#00C853"}}, {"type": "Feature", "geometry": {"type": "Point", "coordinates": [63.0, -9.0]}, "properties": {"risk_score": 0.2, "risk_category": "safe", "sst": 29.36, "current_speed": 0.295, "factors": ["elevated_sst"], "color": "#00C853"}}, {"type": "Feature", "geometry": {"type": "Point", "coordinates": [52.0, 23.0]}, "properties": {"risk_score": 0.0, "risk_category": "safe", "sst": 28.85, "current_speed": 0.214, "factors": [], "color": "#00C853"}}, {"type": "Feature", "geometry": {"type": "Point", "coordinates": [61.0, 6.0]}, "properties": {"risk_score": 0.2, "risk_category": "safe", "sst": 29.41, "current_speed": 0.178, "factors": ["elevated_sst"], "color": "#00C853"}}, {"type": "Feature", "geometry": {"type": "Point", "coordinates": [60.0, 8.0]}, "properties": {"risk_score": 0.2, "risk_category": "safe", "sst": 29.38, "current_speed": 0.174, "factors": ["elevated_sst"], "color": "#00C853"}}, {"type": "Feature", "geometry": {"type": "Point", "coordinates": [91.0, 18.0]}, "properties": {"risk_score": 0.2, "risk_category": "safe", "sst": 29.08, "current_speed": 0.241, "factors": ["elevated_sst"], "color": "#00C853"}}, {"type": "Feature", "geometry": {"type": "Point", "coordinates": [71.0, 23.0]}, "properties": {"risk_score": 0.0, "risk_category": "safe", "sst": 28.85, "current_speed": 0.184, "factors": [], "color": "#00C853"}}, {"type": "Feature", "geometry": {"type": "Point", "coordinates": [67.0, 4.0]}, "properties": {"risk_score": 0.2, "risk_category": "safe", "sst": 29.44, "current_speed": 0.221, "factors": ["elevated_sst"], "color": "#00C853"}}, {"type": "Feature", "geometry": {"type": "Point", "coordinates": [73.0, -1.0]}, "properties": {"risk_score": 0.2, "risk_category": "safe", "sst": 29.46, "current_speed": 0.291, "factors": ["elevated_sst"], "color": "#00C853"}}, {"type": "Feature", "geometry": {"type": "Point", "coordinates": [58.0, 0.0]}, "properties": {"risk_score": 0.2, "risk_category": "safe", "sst": 29.46, "current_speed": 0.179, "factors": ["elevated_sst"], "color": "#00C853"}}, {"type": "Feature", "geometry": {"type": "Point", "coordinates": [92.0, 22.0]}, "properties": {"risk_score": 0.0, "risk_category": "safe", "sst": 28.9, "current_speed": 0.216, "factors": [], "color": "#00C853"}}, {"type": "Feature", "geometry": {"type": "Point", "coordinates": [55.0, 11.0]}, "properties": {"risk_score": 0.2, "risk_category": "safe", "sst": 29.31, "current_speed": 0.171, "factors": ["elevated_sst"], "color": "#00C853"}}, {"type": "Feature", "geometry": {"type": "Point", "coordinates": [94.0, -5.0]}, "properties": {"risk_score": 0.4, "risk_category": "caution", "sst": 29.43, "current_speed": 0.373, "factors": ["elevated_sst", "cyclone_in_region"], "color": "#FFD600"}}, {"type": "Feature", "geometry": {"type": "Point", "coordinates": [83.0, 25.0]}, "properties": {"risk_score": 0.0, "risk_category": "safe", "sst": 28.74, "current_speed": 0.187, "factors": [], "color": "#00C853"}}, {"type": "Feature", "geometry": {"type": "Point", "coordinates": [50.0, -3.0]}, "properties": {"risk_score": 0.2, "risk_category": "safe", "sst": 29.45, "current_speed": 0.141, "factors": ["elevated_sst"], "color": "#00C853"}}, {"type": "Feature", "geometry": {"type": "Point", "coordinates": [66.0, 25.0]}, "properties": {"risk_score": 0.0, "risk_category": "safe", "sst": 28.74, "current_speed": 0.168, "factors": [], "color": "#00C853"}}, {"type": "Feature", "geometry": {"type": "Point", "coordinates": [82.0, 14.0]}, "properties": {"risk_score": 0.2, "risk_category": "safe", "sst": 29.22, "current_speed": 0.251, "factors": ["elevated_sst"], "color": "#00C853"}}, {"type": "Feature", "geometry": {"type": "Point", "coordinates": [92.0, 16.0]}, "properties": {"risk_score": 0.2, "risk_category": "safe", "sst": 29.15, "current_speed": 0.251, "factors": ["elevated_sst"], "color": "#00C853"}}, {"type": "Feature", "geometry": {"type": "Point", "coordinates": [52.0, 2.0]}, "properties": {"risk_score": 0.2, "risk_category": "safe", "sst": 29.45, "current_speed": 0.13, "factors": ["elevated_sst"], "color": "#00C853"}}, {"type": "Feature", "geometry": {"type": "Point", "coordinates": [78.0, 11.0]}, "properties": {"risk_score": 0.2, "risk_category": "safe", "sst": 29.31, "current_speed": 0.25, "factors": ["elevated_sst"], "color": "#00C853"}}, {"type": "Feature", "geometry": {"type": "Point", "coordinates": [95.0, -2.0]}, "properties": {"risk_score": 0.2, "risk_category": "safe", "sst": 29.45, "current_speed": 0.346, "factors": ["elevated_sst"], "color": "#00C853"}}, {"type": "Feature", "geometry": {"type": "Point", "coordinates": [93.0, 0.0]}, "properties": {"risk_score": 0.2, "risk_category": "safe", "sst": 29.46, "current_speed": 0.333, "factors": ["elevated_sst"], "color": "#00C853"}}, {"type": "Feature", "geometry": {"type": "Point", "coordinates": [82.0, -5.0]}, "properties": {"risk_score": 0.4, "risk_category": "caution", "sst": 29.43, "current_speed": 0.364, "factors": ["elevated_sst", "cyclone_in_region"], "color": "#FFD600"}}, {"type": "Feature", "geometry": {"type": "Point", "coordinates": [59.0, 13.0]}, "properties": {"risk_score": 0.2, "risk_category": "safe", "sst": 29.26, "current_speed": 0.184, "factors": ["elevated_sst"], "color": "#00C853"}}, {"type": "Feature", "geometry": {"type": "Point", "coordinates": [57.0, 15.0]}, "properties": {"risk_score": 0.2, "risk_category": "safe", "sst": 29.19, "current_speed": 0.189, "factors": ["elevated_sst"], "color": "#00C853"}}, {"type": "Feature", "geometry": {"type": "Point", "coordinates": [54.0, -2.0]}, "properties": {"risk_score": 0.2, "risk_category": "safe", "sst": 29.45, "current_speed": 0.163, "factors": ["elevated_sst"], "color": "#00C853"}}, {"type": "Feature", "geometry": {"type": "Point", "coordinates": [62.0, -5.0]}, "properties": {"risk_score": 0.2, "risk_category": "safe", "sst": 29.43, "current_speed": 0.251, "factors": ["elevated_sst"], "color": "#00C853"}}, {"type": "Feature", "geometry": {"type": "Point", "coordinates": [58.0, -5.0]}, "properties": {"risk_score": 0.2, "risk_category": "safe", "sst": 29.43, "current_speed": 0.221, "factors": ["elevated_sst"], "color": "#00C853"}}, {"type": "Feature", "geometry": {"type": "Point", "coordinates": [63.0, 15.0]}, "properties": {"risk_score": 0.2, "risk_category": "safe", "sst": 29.19, "current_speed": 0.194, "factors": ["elevated_sst"], "color": "#00C853"}}, {"type": "Feature", "geometry": {"type": "Point", "coordinates": [61.0, 1.0]}, "properties": {"risk_score": 0.2, "risk_category": "safe", "sst": 29.46, "current_speed": 0.196, "factors": ["elevated_sst"], "color": "#00C853"}}, {"type": "Feature", "geometry": {"type": "Point", "coordinates": [72.0, 17.0]}, "properties": {"risk_score": 0.2, "risk_category": "safe", "sst": 29.12, "current_speed": 0.214, "factors": ["elevated_sst"], "color": "#00C853"}}, {"type": "Feature", "geometry": {"type": "Point", "coordinates": [91.0, 12.0]}, "properties": {"risk_score": 0.2, "risk_category": "safe", "sst": 29.29, "current_speed": 0.267, "factors": ["elevated_sst"], "color": "#00C853"}}, {"type": "Feature", "geometry": {"type": "Point", "coordinates": [62.0, -3.0]}, "properties": {"risk_score": 0.2, "risk_category": "safe", "sst": 29.45, "current_speed": 0.233, "factors": ["elevated_sst"], "color": "#00C853"}}, {"type": "Feature", "geometry": {"type": "Point", "coordinates": [64.0, -6.0]}, "properties": {"risk_score": 0.2, "risk_category": "safe", "sst": 29.41, "current_speed": 0.275, "factors": ["elevated_sst"], "color": "#00C853"}}, {"type": "Feature", "geometry": {"type": "Point", "coordinates": [58.0, 21.0]}, "properties": {"risk_score": 0.0, "risk_category": "safe", "sst": 28.94, "current_speed": 0.195, "factors": [], "color": "#00C853"}}, {"type": "Feature", "geometry": {"type": "Point", "coordinates": [93.0, -4.0]}, "properties": {"risk_score": 0.4, "risk_category": "caution", "sst": 29.44, "current_speed": 0.366, "factors": ["elevated_sst", "cyclone_in_region"], "color": "#FFD600"}}, {"type": "Feature", "geometry": {"type": "Point", "coordinates": [74.0, 21.0]}, "properties": {"risk_score": 0.0, "risk_category": "safe", "sst": 28.94, "current_speed": 0.202, "factors": [], "color": "#00C853"}}, {"type": "Feature", "geometry": {"type": "Point", "coordinates": [68.0, 0.0]}, "properties": {"risk_score": 0.2, "risk_category": "safe", "sst": 29.46, "current_speed": 0.252, "factors": ["elevated_sst"], "color": "#00C853"}}, {"type": "Feature", "geometry": {"type": "Point", "coordinates": [65.0, -3.0]}, "properties": {"risk_score": 0.2, "risk_category": "safe", "sst": 29.45, "current_speed": 0.255, "factors": ["elevated_sst"], "color": "#00C853"}}, {"type": "Feature", "geometry": {"type": "Point", "coordinates": [66.0, -2.0]}, "properties": {"risk_score": 0.2, "risk_category": "safe", "sst": 29.45, "current_speed": 0.254, "factors": ["elevated_sst"], "color": "#00C853"}}, {"type": "Feature", "geometry": {"type": "Point", "coordinates": [62.0, 25.0]}, "properties": {"risk_score": 0.0, "risk_category": "safe", "sst": 28.74, "current_speed": 0.172, "factors": [], "color": "#00C853"}}, {"type": "Feature", "geometry": {"type": "Point", "coordinates": [69.0, 13.0]}, "properties": {"risk_score": 0.2, "risk_category": "safe", "sst": 29.26, "current_speed": 0.212, "factors": ["elevated_sst"], "color": "#00C853"}}, {"type": "Feature", "geometry": {"type": "Point", "coordinates": [90.0, -3.0]}, "properties": {"risk_score": 0.4, "risk_category": "caution", "sst": 29.45, "current_speed": 0.359, "factors": ["elevated_sst", "cyclone_in_region"], "color": "#FFD600"}}, {"type": "Feature", "geometry": {"type": "Point", "coordinates": [73.0, -4.0]}, "properties": {"risk_score": 0.2, "risk_category": "safe", "sst": 29.44, "current_speed": 0.316, "factors": ["elevated_sst"], "color": "#00C853"}}, {"type": "Feature", "geometry": {"type": "Point", "coordinates": [82.0, 11.0]}, "properties": {"risk_score": 0.2, "risk_category": "safe", "sst": 29.31, "current_speed": 0.262, "factors": ["elevated_sst"], "color": "#00C853"}}, {"type": "Feature", "geometry": {"type": "Point", "coordinates": [78.0, -9.0]}, "properties": {"risk_score": 0.4, "risk_category": "caution", "sst": 29.36, "current_speed": 0.382, "factors": ["elevated_sst", "cyclone_in_region"], "color": "#FFD600"}}, {"type": "Feature", "geometry": {"type": "Point", "coordinates": [58.0, 22.0]}, "properties": {"risk_score": 0.0, "risk_category": "safe", "sst": 28.9, "current_speed": 0.193, "factors": [], "color": "#00C853"}}, {"type": "Feature", "geometry": {"type": "Point", "coordinates": [89.0, 24.0]}, "properties": {"risk_score": 0.0, "risk_category": "safe", "sst": 28.8, "current_speed": 0.201, "factors": [], "color": "#00C853"}}, {"type": "Feature", "geometry": {"type": "Point", "coordinates": [100.0, 23.0]}, "properties": {"risk_score": 0.0, "risk_category": "safe", "sst": 28.85, "current_speed": 0.2, "factors": [], "color": "#00C853"}}, {"type": "Feature", "geometry": {"type": "Point", "coordinates": [55.0, 5.0]}, "properties": {"risk_score": 0.2, "risk_category": "safe", "sst": 29.43, "current_speed": 0.146, "factors": ["elevated_sst"], "color": "#00C853"}}, {"type": "Feature", "geometry": {"type": "Point", "coordinates": [56.0, 22.0]}, "properties": {"risk_score": 0.0, "risk_category": "safe", "sst": 28.9, "current_speed": 0.199, "factors": [], "color": "#00C853"}}, {"type": "Feature", "geometry": {"type": "Point", "coordinates": [72.0, -1.0]}, "properties": {"risk_score": 0.2, "risk_category": "safe", "sst": 29.46, "current_speed": 0.285, "factors": ["elevated_sst"], "color": "#00C853"}}, {"type": "Feature", "geometry": {"type": "Point", "coordinates": [69.0, 22.0]}, "properties": {"risk_score": 0.0, "risk_category": "safe", "sst": 28.9, "current_speed": 0.188, "factors": [], "color": "#00C853"}}, {"type": "Feature", "geometry": {"type": "Point", "coordinates": [52.0, -8.0]}, "properties": {"risk_score": 0.2, "risk_category": "safe", "sst": 29.38, "current_speed": 0.204, "factors": ["elevated_sst"], "color": "#00C853"}}, {"type": "Feature", "geometry": {"type": "Point", "coordinates": [76.0, 22.0]}, "properties": {"risk_score": 0.0, "risk_category": "safe", "sst": 28.9, "current_speed": 0.2, "factors": [], "color": "#00C853"}}, {"type": "Feature", "geometry": {"type": "Point", "coordinates": [54.0, 5.0]}, "properties": {"risk_score": 0.2, "risk_category": "safe", "sst": 29.43, "current_speed": 0.142, "factors": ["elevated_sst"], "color": "#00C853"}}, {"type": "Feature", "geometry": {"type": "Point", "coordinates": [75.0, 19.0]}, "properties": {"risk_score": 0.2, "risk_category": "safe", "sst": 29.03, "current_speed": 0.214, "factors": ["elevated_sst"], "color": "#00C853"}}, {"type": "Feature", "geometry": {"type": "Point", "coordinates": [73.0, 6.0]}, "properties": {"risk_score": 0.2, "risk_category": "safe", "sst": 29.41, "current_speed": 0.247, "factors": ["elevated_sst"], "color": "#00C853"}}, {"type": "Feature", "geometry": {"type": "Point", "coordinates": [55.0, 8.0]}, "properties": {"risk_score": 0.2, "risk_category": "safe", "sst": 29.38, "current_speed": 0.156, "factors": ["elevated_sst"], "color": "#00C853"}}, {"type": "Feature", "geometry": {"type": "Point", "coordinates": [85.0, 10.0]}, "properties": {"risk_score": 0.2, "risk_category": "safe", "sst": 29.34, "current_speed": 0.271, "factors": ["elevated_sst"], "color": "#00C853"}}, {"type": "Feature", "geometry": {"type": "Point", "coordinates": [64.0, 7.0]}, "properties": {"risk_score": 0.2, "risk_category": "safe", "sst": 29.4, "current_speed": 0.194, "factors": ["elevated_sst"], "color": "#00C853"}}, {"type": "Feature", "geometry": {"type": "Point", "coordinates": [98.0, -4.0]}, "properties": {"risk_score": 0.4, "risk_category": "caution", "sst": 29.44, "current_speed": 0.355, "factors": ["elevated_sst", "cyclone_in_region"], "color": "#FFD600"}}, {"type": "Feature", "geometry": {"type": "Point", "coordinates": [77.0, 1.0]}, "properties": {"risk_score": 0.2, "risk_category": "safe", "sst": 29.46, "current_speed": 0.296, "factors": ["elevated_sst"], "color": "#00C853"}}, {"type": "Feature", "geometry": {"type": "Point", "coordinates": [92.0, -3.0]}, "properties": {"risk_score": 0.4, "risk_category": "caution", "sst": 29.45, "current_speed": 0.358, "factors": ["elevated_sst", "cyclone_in_region"], "color": "#FFD600"}}, {"type": "Feature", "geometry": {"type": "Point", "coordinates": [76.0, 24.0]}, "properties": {"risk_score": 0.0, "risk_category": "safe", "sst": 28.8, "current_speed": 0.185, "factors": [], "color": "#00C853"}}, {"type": "Feature", "geometry": {"type": "Point", "coordinates": [99.0, 4.0]}, "properties": {"risk_score": 0.2, "risk_category": "safe", "sst": 29.44, "current_speed": 0.292, "factors": ["elevated_sst"], "color": "#00C853"}}, {"type": "Feature", "geometry": {"type": "Point", "coordinates": [52.0, 5.0]}, "properties": {"risk_score": 0.2, "risk_category": "safe", "sst": 29.43, "current_speed": 0.134, "factors": ["elevated_sst"], "color": "#00C853"}}, {"type": "Feature", "geometry": {"type": "Point", "coordinates": [81.0, 9.0]}, "properties": {"risk_score": 0.2, "risk_category": "safe", "sst": 29.36, "current_speed": 0.267, "factors": ["elevated_sst"], "color": "#00C853"}}, {"type": "Feature", "geometry": {"type": "Point", "coordinates": [94.0, 19.0]}, "properties": {"risk_score": 0.2, "risk_category": "safe", "sst": 29.03, "current_speed": 0.234, "factors": ["elevated_sst"], "color": "#00C853"}}, {"type": "Feature", "geometry": {"type": "Point", "coordinates": [55.0, 21.0]}, "properties": {"risk_score": 0.0, "risk_category": "safe", "sst": 28.94, "current_speed": 0.203, "factors": [], "color": "#00C853"}}, {"type": "Feature", "geometry": {"type": "Point", "coordinates": [75.0, -7.0]}, "properties": {"risk_score": 0.2, "risk_category": "safe", "sst": 29.4, "current_speed": 0.353, "factors": ["elevated_sst"], "color": "#00C853"}}, {"type": "Feature", "geometry": {"type": "Point", "coordinates": [83.0, 8.0]}, "properties": {"risk_score": 0.2, "risk_category": "safe", "sst": 29.38, "current_speed": 0.276, "factors": ["elevated_sst"], "color": "#00C853"}}, {"type": "Feature", "geometry": {"type": "Point", "coordinates": [94.0, 15.0]}, "properties": {"risk_score": 0.2, "risk_category": "safe", "sst": 29.19, "current_speed": 0.253, "factors": ["elevated_sst"], "color": "#00C853"}}, {"type": "Feature", "geometry": {"type": "Point", "coordinates": [71.0, 3.0]}, "properties": {"risk_score": 0.2, "risk_category": "safe", "sst": 29.45, "current_speed": 0.251, "factors": ["elevated_sst"], "color": "#00C853"}}, {"type": "Feature", "geometry": {"type": "Point", "coordinates": [69.0, -5.0]}, "properties": {"risk_score": 0.2, "risk_category": "safe", "sst": 29.43, "current_speed": 0.301, "factors": ["elevated_sst"], "color": "#00C853"}}, {"type": "Feature", "geometry": {"type": "Point", "coordinates": [68.0, 2.0]}, "properties": {"risk_score": 0.2, "risk_category": "safe", "sst": 29.45, "current_speed": 0.239, "factors": ["elevated_sst"], "color": "#00C853"}}, {"type": "Feature", "geometry": {"type": "Point", "coordinates": [88.0, -8.0]}, "properties": {"risk_score": 0.7, "risk_category": "danger", "sst": 29.38, "current_speed": 0.399, "factors": ["elevated_sst", "active_cyclone_nearby"], "color": "#D50000"}}, {"type": "Feature", "geometry": {"type": "Point", "coordinates": [80.0, 1.0]}, "properties": {"risk_score": 0.2, "risk_category": "safe", "sst": 29.46, "current_speed": 0.309, "factors": ["elevated_sst"], "color": "#00C853"}}, {"type": "Feature", "geometry": {"type": "Point", "coordinates": [62.0, -9.0]}, "properties": {"risk_score": 0.2, "risk_category": "safe", "sst": 29.36, "current_speed": 0.288, "factors": ["elevated_sst"], "color": "#00C853"}}, {"type": "Feature", "geometry": {"type": "Point", "coordinates": [64.0, 22.0]}, "properties": {"risk_score": 0.0, "risk_category": "safe", "sst": 28.9, "current_speed": 0.185, "factors": [], "color": "#00C853"}}, {"type": "Feature", "geometry": {"type": "Point", "coordinates": [84.0, 2.0]}, "properties": {"risk_score": 0.2, "risk_category": "safe", "sst": 29.45, "current_speed": 0.313, "factors": ["elevated_sst"], "color": "#00C853"}}, {"type": "Feature", "geometry": {"type": "Point", "coordinates": [87.0, 7.0]}, "properties": {"risk_score": 0.2, "risk_category": "safe", "sst": 29.4, "current_speed": 0.288, "factors": ["elevated_sst"], "color": "#00C853"}}, {"type": "Feature", "geometry": {"type": "Point", "coordinates": [83.0, -7.0]}, "properties": {"risk_score": 0.7, "risk_category": "danger", "sst": 29.4, "current_speed": 0.383, "factors": ["elevated_sst", "active_cyclone_nearby"], "color": "#D50000"}}, {"type": "Feature", "geometry": {"type": "Point", "coordinates": [78.0, -7.0]}, "properties": {"risk_score": 0.4, "risk_category": "caution", "sst": 29.4, "current_speed": 0.366, "factors": ["elevated_sst", "cyclone_in_region"], "color": "#FFD600"}}, {"type": "Feature", "geometry": {"type": "Point", "coordinates": [51.0, 3.0]}, "properties": {"risk_score": 0.2, "risk_category": "safe", "sst": 29.45, "current_speed": 0.125, "factors": ["elevated_sst"], "color": "#00C853"}}, {"type": "Feature", "geometry": {"type": "Point", "coordinates": [77.0, -3.0]}, "properties": {"risk_score": 0.2, "risk_category": "safe", "sst": 29.45, "current_speed": 0.328, "factors": ["elevated_sst"], "color": "#00C853"}}, {"type": "Feature", "geometry": {"type": "Point", "coordinates": [64.0, -1.0]}, "properties": {"risk_score": 0.2, "risk_category": "safe", "sst": 29.46, "current_speed": 0.232, "factors": ["elevated_sst"], "color": "#00C853"}}, {"type": "Feature", "geometry": {"type": "Point", "coordinates": [63.0, 12.0]}, "properties": {"risk_score": 0.2, "risk_category": "safe", "sst": 29.29, "current_speed": 0.191, "factors": ["elevated_sst"], "color": "#00C853"}}, {"type": "Feature", "geometry": {"type": "Point", "coordinates": [52.0, -2.0]}, "properties": {"risk_score": 0.2, "risk_category": "safe", "sst": 29.45, "current_speed": 0.148, "factors": ["elevated_sst"], "color": "#00C853"}}, {"type": "Feature", "geometry": {"type": "Point", "coordinates": [97.0, -6.0]}, "properties": {"risk_score": 0.4, "risk_category": "caution", "sst": 29.41, "current_speed": 0.375, "factors": ["elevated_sst", "cyclone_in_region"], "color": "#FFD600"}}, {"type": "Feature", "geometry": {"type": "Point", "coordinates": [75.0, 16.0]}, "properties": {"risk_score": 0.2, "risk_category": "safe", "sst": 29.15, "current_speed": 0.226, "factors": ["elevated_sst"], "color": "#00C853"}}, {"type": "Feature", "geometry": {"type": "Point", "coordinates": [85.0, 3.0]}, "properties": {"risk_score": 0.2, "risk_category": "safe", "sst": 29.45, "current_speed": 0.308, "factors": ["elevated_sst"], "color": "#00C853"}}, {"type": "Feature", "geometry": {"type": "Point", "coordinates": [94.0, 3.0]}, "properties": {"risk_score": 0.2, "risk_category": "safe", "sst": 29.45, "current_speed": 0.31, "factors": ["elevated_sst"], "color": "#00C853"}}, {"type": "Feature", "geometry": {"type": "Point", "coordinates": [92.0, 18.0]}, "properties": {"risk_score": 0.2, "risk_category": "safe", "sst": 29.08, "current_speed": 0.241, "factors": ["elevated_sst"], "color": "#00C853"}}, {"type": "Feature", "geometry": {"type": "Point", "coordinates": [81.0, 18.0]}, "properties": {"risk_score": 0.2, "risk_category": "safe", "sst": 29.08, "current_speed": 0.232, "factors": ["elevated_sst"], "color": "#00C853"}}, {"type": "Feature", "geometry": {"type": "Point", "coordinates": [73.0, 17.0]}, "properties": {"risk_score": 0.2, "risk_category": "safe", "sst": 29.12, "current_speed": 0.217, "factors": ["elevated_sst"], "color": "#00C853"}}, {"type": "Feature", "geometry": {"type": "Point", "coordinates": [54.0, 17.0]}, "properties": {"risk_score": 0.2, "risk_category": "safe", "sst": 29.12, "current_speed": 0.2, "factors": ["elevated_sst"], "color": "#00C853"}}, {"type": "Feature", "geometry": {"type": "Point", "coordinates": [61.0, -6.0]}, "properties": {"risk_score": 0.2, "risk_category": "safe", "sst": 29.41, "current_speed": 0.253, "factors": ["elevated_sst"], "color": "#00C853"}}, {"type": "Feature", "geometry": {"type": "Point", "coordinates": [79.0, 5.0]}, "properties": {"risk_score": 0.2, "risk_category": "safe", "sst": 29.43, "current_speed": 0.279, "factors": ["elevated_sst"], "color": "#00C853"}}, {"type": "Feature", "geometry": {"type": "Point", "coordinates": [96.0, 11.0]}, "properties": {"risk_score": 0.2, "risk_category": "safe", "sst": 29.31, "current_speed": 0.266, "factors": ["elevated_sst"], "color": "#00C853"}}, {"type": "Feature", "geometry": {"type": "Point", "coordinates": [50.0, 24.0]}, "properties": {"risk_score": 0.0, "risk_category": "safe", "sst": 28.8, "current_speed": 0.222, "factors": [], "color": "#00C853"}}, {"type": "Feature", "geometry": {"type": "Point", "coordinates": [69.0, -7.0]}, "properties": {"risk_score": 0.2, "risk_category": "safe", "sst": 29.4, "current_speed": 0.318, "factors": ["elevated_sst"], "color": "#00C853"}}, {"type": "Feature", "geometry": {"type": "Point", "coordinates": [61.0, 25.0]}, "properties": {"risk_score": 0.0, "risk_category": "safe", "sst": 28.74, "current_speed": 0.174, "factors": [], "color": "#00C853"}}, {"type": "Feature", "geometry": {"type": "Point", "coordinates": [51.0, 22.0]}, "properties": {"risk_score": 0.0, "risk_category": "safe", "sst": 28.9, "current_speed": 0.219, "factors": [], "color": "#00C853"}}, {"type": "Feature", "geometry": {"type": "Point", "coordinates": [55.0, 17.0]}, "properties": {"risk_score": 0.2, "risk_category": "safe", "sst": 29.12, "current_speed": 0.198, "factors": ["elevated_sst"], "color": "#00C853"}}, {"type": "Feature", "geometry": {"type": "Point", "coordinates": [57.0, -8.0]}, "properties": {"risk_score": 0.2, "risk_category": "safe", "sst": 29.38, "current_speed": 0.242, "factors": ["elevated_sst"], "color": "#00C853"}}, {"type": "Feature", "geometry": {"type": "Point", "coordinates": [81.0, 11.0]}, "properties": {"risk_score": 0.2, "risk_category": "safe", "sst": 29.31, "current_speed": 0.259, "factors": ["elevated_sst"], "color": "#00C853"}}, {"type": "Feature", "geometry": {"type": "Point", "coordinates": [54.0, -3.0]}, "properties": {"risk_score": 0.2, "risk_category": "safe", "sst": 29.45, "current_speed": 0.171, "factors": ["elevated_sst"], "color": "#00C853"}}, {"type": "Feature", "geometry": {"type": "Point", "coordinates": [74.0, -7.0]}, "properties": {"risk_score": 0.2, "risk_category": "safe", "sst": 29.4, "current_speed": 0.348, "factors": ["elevated_sst"], "color": "#00C853"}}, {"type": "Feature", "geometry": {"type": "Point", "coordinates": [63.0, 1.0]}, "properties": {"risk_score": 0.2, "risk_category": "safe", "sst": 29.46, "current_speed": 0.21, "factors": ["elevated_sst"], "color": "#00C853"}}, {"type": "Feature", "geometry": {"type": "Point", "coordinates": [76.0, 13.0]}, "properties": {"risk_score": 0.2, "risk_category": "safe", "sst": 29.26, "current_speed": 0.237, "factors": ["elevated_sst"], "color": "#00C853"}}, {"type": "Feature", "geometry": {"type": "Point", "coordinates": [54.0, -10.0]}, "properties": {"risk_score": 0.2, "risk_category": "safe", "sst": 29.34, "current_speed": 0.238, "factors": ["elevated_sst"], "color": "#00C853"}}, {"type": "Feature", "geometry": {"type": "Point", "coordinates": [93.0, 8.0]}, "properties": {"risk_score": 0.2, "risk_category": "safe", "sst": 29.38, "current_speed": 0.283, "factors": ["elevated_sst"], "color": "#00C853"}}, {"type": "Feature", "geometry": {"type": "Point", "coordinates": [60.0, -2.0]}, "properties": {"risk_score": 0.2, "risk_category": "safe", "sst": 29.45, "current_speed": 0.209, "factors": ["elevated_sst"], "color": "#00C853"}}, {"type": "Feature", "geometry": {"type": "Point", "coordinates": [75.0, 18.0]}, "properties": {"risk_score": 0.2, "risk_category": "safe", "sst": 29.08, "current_speed": 0.218, "factors": ["elevated_sst"], "color": "#00C853"}}, {"type": "Feature", "geometry": {"type": "Point", "coordinates": [90.0, -1.0]}, "properties": {"risk_score": 0.2, "risk_category": "safe", "sst": 29.46, "current_speed": 0.342, "factors": ["elevated_sst"], "color": "#00C853"}}, {"type": "Feature", "geometry": {"type": "Point", "coordinates": [71.0, 22.0]}, "properties": {"risk_score": 0.0, "risk_category": "safe", "sst": 28.9, "current_speed": 0.191, "factors": [], "color": "#00C853"}}, {"type": "Feature", "geometry": {"type": "Point", "coordinates": [59.0, -3.0]}, "properties": {"risk_score": 0.2, "risk_category": "safe", "sst": 29.45, "current_speed": 0.21, "factors": ["elevated_sst"], "color": "#00C853"}}, {"type": "Feature", "geometry": {"type": "Point", "coordinates": [83.0, 19.0]}, "properties": {"risk_score": 0.2, "risk_category": "safe", "sst": 29.03, "current_speed": 0.231, "factors": ["elevated_sst"], "color": "#00C853"}}, {"type": "Feature", "geometry": {"type": "Point", "coordinates": [75.0, 24.0]}, "properties": {"risk_score": 0.0, "risk_category": "safe", "sst": 28.8, "current_speed": 0.183, "factors": [], "color": "#00C853"}}, {"type": "Feature", "geometry": {"type": "Point", "coordinates": [80.0, 19.0]}, "properties": {"risk_score": 0.2, "risk_category": "safe", "sst": 29.03, "current_speed": 0.225, "factors": ["elevated_sst"], "color": "#00C853"}}, {"type": "Feature", "geometry": {"type": "Point", "coordinates": [83.0, 18.0]}, "properties": {"risk_score": 0.2, "risk_category": "safe", "sst": 29.08, "current_speed": 0.236, "factors": ["elevated_sst"], "color": "#00C853"}}, {"type": "Feature", "geometry": {"type": "Point", "coordinates": [94.0, 20.0]}, "properties": {"risk_score": 0.0, "risk_category": "safe", "sst": 28.99, "current_speed": 0.229, "factors": [], "color": "#00C853"}}, {"type": "Feature", "geometry": {"type": "Point", "coordinates": [96.0, 14.0]}, "properties": {"risk_score": 0.2, "risk_category": "safe", "sst": 29.22, "current_speed": 0.254, "factors": ["elevated_sst"], "color": "#00C853"}}, {"type": "Feature", "geometry": {"type": "Point", "coordinates": [75.0, -8.0]}, "properties": {"risk_score": 0.2, "risk_category": "safe", "sst": 29.38, "current_speed": 0.361, "factors": ["elevated_sst"], "color": "#00C853"}}, {"type": "Feature", "geometry": {"type": "Point", "coordinates": [59.0, 8.0]}, "properties": {"risk_score": 0.2, "risk_category": "safe", "sst": 29.38, "current_speed": 0.169, "factors": ["elevated_sst"], "color": "#00C853"}}, {"type": "Feature", "geometry": {"type": "Point", "coordinates": [79.0, 16.0]}, "properties": {"risk_score": 0.2, "risk_category": "safe", "sst": 29.15, "current_speed": 0.236, "factors": ["elevated_sst"], "color": "#00C853"}}, {"type": "Feature", "geometry": {"type": "Point", "coordinates": [66.0, -4.0]}, "properties": {"risk_score": 0.2, "risk_category": "safe", "sst": 29.44, "current_speed": 0.271, "factors": ["elevated_sst"], "color": "#00C853"}}, {"type": "Feature", "geometry": {"type": "Point", "coordinates": [82.0, 16.0]}, "properties": {"risk_score": 0.2, "risk_category": "safe", "sst": 29.15, "current_speed": 0.243, "factors": ["elevated_sst"], "color": "#00C853"}}, {"type": "Feature", "geometry": {"type": "Point", "coordinates": [75.0, 14.0]}, "properties": {"risk_score": 0.2, "risk_category": "safe", "sst": 29.22, "current_speed": 0.231, "factors": ["elevated_sst"], "color": "#00C853"}}, {"type": "Feature", "geometry": {"type": "Point", "coordinates": [87.0, 15.0]}, "properties": {"risk_score": 0.2, "risk_category": "safe", "sst": 29.19, "current_speed": 0.254, "factors": ["elevated_sst"], "color": "#00C853"}}, {"type": "Feature", "geometry": {"type": "Point", "coordinates": [56.0, 19.0]}, "properties": {"risk_score": 0.2, "risk_category": "safe", "sst": 29.03, "current_speed": 0.2, "factors": ["elevated_sst"], "color": "#00C853"}}, {"type": "Feature", "geometry": {"type": "Point", "coordinates": [98.0, 0.0]}, "properties": {"risk_score": 0.2, "risk_category": "safe", "sst": 29.46, "current_speed": 0.323, "factors": ["elevated_sst"], "color": "#00C853"}}, {"type": "Feature", "geometry": {"type": "Point", "coordinates": [87.0, 24.0]}, "properties": {"risk_score": 0.0, "risk_category": "safe", "sst": 28.8, "current_speed": 0.2, "factors": [], "color": "#00C853"}}, {"type": "Feature", "geometry": {"type": "Point", "coordinates": [72.0, 16.0]}, "properties": {"risk_score": 0.2, "risk_category": "safe", "sst": 29.15, "current_speed": 0.217, "factors": ["elevated_sst"], "color": "#00C853"}}, {"type": "Feature", "geometry": {"type": "Point", "coordinates": [67.0, 22.0]}, "properties": {"risk_score": 0.0, "risk_category": "safe", "sst": 28.9, "current_speed": 0.186, "factors": [], "color": "#00C853"}}, {"type": "Feature", "geometry": {"type": "Point", "coordinates": [88.0, 25.0]}, "properties": {"risk_score": 0.0, "risk_category": "safe", "sst": 28.74, "current_speed": 0.191, "factors": [], "color": "#00C853"}}, {"type": "Feature", "geometry": {"type": "Point", "coordinates": [64.0, 11.0]}, "properties": {"risk_score": 0.2, "risk_category": "safe", "sst": 29.31, "current_speed": 0.193, "factors": ["elevated_sst"], "color": "#00C853"}}, {"type": "Feature", "geometry": {"type": "Point", "coordinates": [66.0, 15.0]}, "properties": {"risk_score": 0.2, "risk_category": "safe", "sst": 29.19, "current_speed": 0.201, "factors": ["elevated_sst"], "color": "#00C853"}}, {"type": "Feature", "geometry": {"type": "Point", "coordinates": [100.0, 12.0]}, "properties": {"risk_score": 0.2, "risk_category": "safe", "sst": 29.29, "current_speed": 0.253, "factors": ["elevated_sst"], "color": "#00C853"}}, {"type": "Feature", "geometry": {"type": "Point", "coordinates": [85.0, 14.0]}, "properties": {"risk_score": 0.2, "risk_category": "safe", "sst": 29.22, "current_speed": 0.256, "factors": ["elevated_sst"], "color": "#00C853"}}, {"type": "Feature", "geometry": {"type": "Point", "coordinates": [74.0, -9.0]}, "properties": {"risk_score": 0.2, "risk_category": "safe", "sst": 29.36, "current_speed": 0.364, "factors": ["elevated_sst"], "color": "#00C853"}}, {"type": "Feature", "geometry": {"type": "Point", "coordinates": [50.0, 19.0]}, "properties": {"risk_score": 0.2, "risk_category": "safe", "sst": 29.03, "current_speed": 0.219, "factors": ["elevated_sst"], "color": "#00C853"}}, {"type": "Feature", "geometry": {"type": "Point", "coordinates": [81.0, 21.0]}, "properties": {"risk_score": 0.0, "risk_category": "safe", "sst": 28.94, "current_speed": 0.216, "factors": [], "color": "#00C853"}}, {"type": "Feature", "geometry": {"type": "Point", "coordinates": [66.0, 16.0]}, "properties": {"risk_score": 0.2, "risk_category": "safe", "sst": 29.15, "current_speed": 0.2, "factors": ["elevated_sst"], "color": "#00C853"}}, {"type": "Feature", "geometry": {"type": "Point", "coordinates": [97.0, -3.0]}, "properties": {"risk_score": 0.2, "risk_category": "safe", "sst": 29.45, "current_speed": 0.35, "factors": ["elevated_sst"], "color": "#00C853"}}, {"type": "Feature", "geometry": {"type": "Point", "coordinates": [65.0, 8.0]}, "properties": {"risk_score": 0.2, "risk_category": "safe", "sst": 29.38, "current_speed": 0.198, "factors": ["elevated_sst"], "color": "#00C853"}}, {"type": "Feature", "geometry": {"type": "Point", "coordinates": [94.0, 24.0]}, "properties": {"risk_score": 0.0, "risk_category": "safe", "sst": 28.8, "current_speed": 0.199, "factors": [], "color": "#00C853"}}, {"type": "Feature", "geometry": {"type": "Point", "coordinates": [60.0, 24.0]}, "properties": {"risk_score": 0.0, "risk_category": "safe", "sst": 28.8, "current_speed": 0.182, "factors": [], "color": "#00C853"}}, {"type": "Feature", "geometry": {"type": "Point", "coordinates": [89.0, 7.0]}, "properties": {"risk_score": 0.2, "risk_category": "safe", "sst": 29.4, "current_speed": 0.289, "factors": ["elevated_sst"], "color": "#00C853"}}, {"type": "Feature", "geometry": {"type": "Point", "coordinates": [55.0, -6.0]}, "properties": {"risk_score": 0.2, "risk_category": "safe", "sst": 29.41, "current_speed": 0.207, "factors": ["elevated_sst"], "color": "#00C853"}}, {"type": "Feature", "geometry": {"type": "Point", "coordinates": [98.0, 7.0]}, "properties": {"risk_score": 0.2, "risk_category": "safe", "sst": 29.4, "current_speed": 0.278, "factors": ["elevated_sst"], "color": "#00C853"}}, {"type": "Feature", "geometry": {"type": "Point", "coordinates": [52.0, 10.0]}, "properties": {"risk_score": 0.2, "risk_category": "safe", "sst": 29.34, "current_speed": 0.164, "factors": ["elevated_sst"], "color": "#00C853"}}, {"type": "Feature", "geometry": {"type": "Point", "coordinates": [92.0, -10.0]}, "properties": {"risk_score": 0.7, "risk_category": "danger", "sst": 29.34, "current_speed": 0.414, "factors": ["elevated_sst", "active_cyclone_nearby"], "color": "#D50000"}}, {"type": "Feature", "geometry": {"type": "Point", "coordinates": [93.0, 7.0]}, "properties": {"risk_score": 0.2, "risk_category": "safe", "sst": 29.4, "current_speed": 0.288, "factors": ["elevated_sst"], "color": "#00C853"}}, {"type": "Feature", "geometry": {"type": "Point", "coordinates": [58.0, -3.0]}, "properties": {"risk_score": 0.2, "risk_category": "safe", "sst": 29.45, "current_speed": 0.202, "factors": ["elevated_sst"], "color": "#00C853"}}, {"type": "Feature", "geometry": {"type": "Point", "coordinates": [81.0, 13.0]}, "properties": {"risk_score": 0.2, "risk_category": "safe", "sst": 29.26, "current_speed": 0.252, "factors": ["elevated_sst"], "color": "#00C853"}}, {"type": "Feature", "geometry": {"type": "Point", "coordinates": [82.0, 22.0]}, "properties": {"risk_score": 0.0, "risk_category": "safe", "sst": 28.9, "current_speed": 0.211, "factors": [], "color": "#00C853"}}, {"type": "Feature", "geometry": {"type": "Point", "coordinates": [83.0, 11.0]}, "properties": {"risk_score": 0.2, "risk_category": "safe", "sst": 29.31, "current_speed": 0.264, "factors": ["elevated_sst"], "color": "#00C853"}}, {"type": "Feature", "geometry": {"type": "Point", "coordinates": [74.0, 7.0]}, "properties": {"risk_score": 0.2, "risk_category": "safe", "sst": 29.4, "current_speed": 0.248, "factors": ["elevated_sst"], "color": "#00C853"}}, {"type": "Feature", "geometry": {"type": "Point", "coordinates": [69.0, 23.0]}, "properties": {"risk_score": 0.0, "risk_category": "safe", "sst": 28.85, "current_speed": 0.182, "factors": [], "color": "#00C853"}}, {"type": "Feature", "geometry": {"type": "Point", "coordinates": [64.0, 18.0]}, "properties": {"risk_score": 0.2, "risk_category": "safe", "sst": 29.08, "current_speed": 0.195, "factors": ["elevated_sst"], "color": "#00C853"}}, {"type": "Feature", "geometry": {"type": "Point", "coordinates": [57.0, 14.0]}, "properties": {"risk_score": 0.2, "risk_category": "safe", "sst": 29.22, "current_speed": 0.186, "factors": ["elevated_sst"], "color": "#00C853"}}, {"type": "Feature", "geometry": {"type": "Point", "coordinates": [78.0, -2.0]}, "properties": {"risk_score": 0.2, "risk_category": "safe", "sst": 29.45, "current_speed": 0.324, "factors": ["elevated_sst"], "color": "#00C853"}}, {"type": "Feature", "geometry": {"type": "Point", "coordinates": [73.0, 16.0]}, "properties": {"risk_score": 0.2, "risk_category": "safe", "sst": 29.15, "current_speed": 0.22, "factors": ["elevated_sst"], "color": "#00C853"}}, {"type": "Feature", "geometry": {"type": "Point", "coordinates": [73.0, 7.0]}, "properties": {"risk_score": 0.2, "risk_category": "safe", "sst": 29.4, "current_speed": 0.243, "factors": ["elevated_sst"], "color": "#00C853"}}, {"type": "Feature", "geometry": {"type": "Point", "coordinates": [80.0, 5.0]}, "properties": {"risk_score": 0.2, "risk_category": "safe", "sst": 29.43, "current_speed": 0.282, "factors": ["elevated_sst"], "color": "#00C853"}}, {"type": "Feature", "geometry": {"type": "Point", "coordinates": [84.0, 20.0]}, "properties": {"risk_score": 0.0, "risk_category": "safe", "sst": 28.99, "current_speed": 0.226, "factors": [], "color": "#00C853"}}, {"type": "Feature", "geometry": {"type": "Point", "coordinates": [68.0, 12.0]}, "properties": {"risk_score": 0.2, "risk_category": "safe", "sst": 29.29, "current_speed": 0.209, "factors": ["elevated_sst"], "color": "#00C853"}}, {"type": "Feature", "geometry": {"type": "Point", "coordinates": [77.0, 10.0]}, "properties": {"risk_score": 0.2, "risk_category": "safe", "sst": 29.34, "current_speed": 0.25, "factors": ["elevated_sst"], "color": "#00C853"}}, {"type": "Feature", "geometry": {"type": "Point", "coordinates": [97.0, 14.0]}, "properties": {"risk_score": 0.2, "risk_category": "safe", "sst": 29.22, "current_speed": 0.253, "factors": ["elevated_sst"], "color": "#00C853"}}, {"type": "Feature", "geometry": {"type": "Point", "coordinates": [53.0, 3.0]}, "properties": {"risk_score": 0.2, "risk_category": "safe", "sst": 29.45, "current_speed": 0.135, "factors": ["elevated_sst"], "color": "#00C853"}}, {"type": "Feature", "geometry": {"type": "Point", "coordinates": [76.0, -10.0]}, "properties": {"risk_score": 0.4, "risk_category": "caution", "sst": 29.34, "current_speed": 0.381, "factors": ["elevated_sst", "cyclone_in_region"], "color": "#FFD600"}}, {"type": "Feature", "geometry": {"type": "Point", "coordinates": [76.0, 1.0]}, "properties": {"risk_score": 0.2, "risk_category": "safe", "sst": 29.46, "current_speed": 0.292, "factors": ["elevated_sst"], "color": "#00C853"}}, {"type": "Feature", "geometry": {"type": "Point", "coordinates": [98.0, 1.0]}, "properties": {"risk_score": 0.2, "risk_category": "safe", "sst": 29.46, "current_speed": 0.315, "factors": ["elevated_sst"], "color": "#00C853"}}, {"type": "Feature", "geometry": {"type": "Point", "coordinates": [64.0, 4.0]}, "properties": {"risk_score": 0.2, "risk_category": "safe", "sst": 29.44, "current_speed": 0.202, "factors": ["elevated_sst"], "color": "#00C853"}}, {"type": "Feature", "geometry": {"type": "Point", "coordinates": [93.0, -1.0]}, "properties": {"risk_score": 0.2, "risk_category": "safe", "sst": 29.46, "current_speed": 0.341, "factors": ["elevated_sst"], "color": "#00C853"}}, {"type": "Feature", "geometry": {"type": "Point", "coordinates": [68.0, -2.0]}, "properties": {"risk_score": 0.2, "risk_category": "safe", "sst": 29.45, "current_speed": 0.268, "factors": ["elevated_sst"], "color": "#00C853"}}, {"type": "Feature", "geometry": {"type": "Point", "coordinates": [57.0, 2.0]}, "properties": {"risk_score": 0.2, "risk_category": "safe", "sst": 29.45, "current_speed": 0.162, "factors": ["elevated_sst"], "color": "#00C853"}}, {"type": "Feature", "geometry": {"type": "Point", "coordinates": [91.0, 2.0]}, "properties": {"risk_score": 0.2, "risk_category": "safe", "sst": 29.45, "current_speed": 0.319, "factors": ["elevated_sst"], "color": "#00C853"}}, {"type": "Feature", "geometry": {"type": "Point", "coordinates": [84.0, 0.0]}, "properties": {"risk_score": 0.2, "risk_category": "safe", "sst": 29.46, "current_speed": 0.328, "factors": ["elevated_sst"], "color": "#00C853"}}, {"type": "Feature", "geometry": {"type": "Point", "coordinates": [64.0, 6.0]}, "properties": {"risk_score": 0.2, "risk_category": "safe", "sst": 29.41, "current_speed": 0.196, "factors": ["elevated_sst"], "color": "#00C853"}}, {"type": "Feature", "geometry": {"type": "Point", "coordinates": [57.0, 4.0]}, "properties": {"risk_score": 0.2, "risk_category": "safe", "sst": 29.44, "current_speed": 0.157, "factors": ["elevated_sst"], "color": "#00C853"}}, {"type": "Feature", "geometry": {"type": "Point", "coordinates": [57.0, -9.0]}, "properties": {"risk_score": 0.2, "risk_category": "safe", "sst": 29.36, "current_speed": 0.251, "factors": ["elevated_sst"], "color": "#00C853"}}, {"type": "Feature", "geometry": {"type": "Point", "coordinates": [90.0, 3.0]}, "properties": {"risk_score": 0.2, "risk_category": "safe", "sst": 29.45, "current_speed": 0.313, "factors": ["elevated_sst"], "color": "#00C853"}}, {"type": "Feature", "geometry": {"type": "Point", "coordinates": [53.0, 21.0]}, "properties": {"risk_score": 0.0, "risk_category": "safe", "sst": 28.94, "current_speed": 0.21, "factors": [], "color": "#00C853"}}, {"type": "Feature", "geometry": {"type": "Point", "coordinates": [65.0, 14.0]}, "properties": {"risk_score": 0.2, "risk_category": "safe", "sst": 29.22, "current_speed": 0.198, "factors": ["elevated_sst"], "color": "#00C853"}}, {"type": "Feature", "geometry": {"type": "Point", "coordinates": [95.0, -4.0]}, "properties": {"risk_score": 0.4, "risk_category": "caution", "sst": 29.44, "current_speed": 0.363, "factors": ["elevated_sst", "cyclone_in_region"], "color": "#FFD600"}}, {"type": "Feature", "geometry": {"type": "Point", "coordinates": [77.0, 14.0]}, "properties": {"risk_score": 0.2, "risk_category": "safe", "sst": 29.22, "current_speed": 0.238, "factors": ["elevated_sst"], "color": "#00C853"}}, {"type": "Feature", "geometry": {"type": "Point", "coordinates": [71.0, 21.0]}, "properties": {"risk_score": 0.0, "risk_category": "safe", "sst": 28.94, "current_speed": 0.196, "factors": [], "color": "#00C853"}}, {"type": "Feature", "geometry": {"type": "Point", "coordinates": [94.0, 25.0]}, "properties": {"risk_score": 0.0, "risk_category": "safe", "sst": 28.74, "current_speed": 0.19, "factors": [], "color": "#00C853"}}, {"type": "Feature", "geometry": {"type": "Point", "coordinates": [84.0, 23.0]}, "properties": {"risk_score": 0.0, "risk_category": "safe", "sst": 28.85, "current_speed": 0.206, "factors": [], "color": "#00C853"}}, {"type": "Feature", "geometry": {"type": "Point", "coordinates": [59.0, 19.0]}, "properties": {"risk_score": 0.2, "risk_category": "safe", "sst": 29.03, "current_speed": 0.195, "factors": ["elevated_sst"], "color": "#00C853"}}, {"type": "Feature", "geometry": {"type": "Point", "coordinates": [51.0, 24.0]}, "properties": {"risk_score": 0.0, "risk_category": "safe", "sst": 28.8, "current_speed": 0.217, "factors": [], "color": "#00C853"}}, {"type": "Feature", "geometry": {"type": "Point", "coordinates": [53.0, 2.0]}, "properties": {"risk_score": 0.2, "risk_category": "safe", "sst": 29.45, "current_speed": 0.136, "factors": ["elevated_sst"], "color": "#00C853"}}, {"type": "Feature", "geometry": {"type": "Point", "coordinates": [97.0, 7.0]}, "properties": {"risk_score": 0.2, "risk_category": "safe", "sst": 29.4, "current_speed": 0.281, "factors": ["elevated_sst"], "color": "#00C853"}}, {"type": "Feature", "geometry": {"type": "Point", "coordinates": [65.0, -2.0]}, "properties": {"risk_score": 0.2, "risk_category": "safe", "sst": 29.45, "current_speed": 0.247, "factors": ["elevated_sst"], "color": "#00C853"}}, {"type": "Feature", "geometry": {"type": "Point", "coordinates": [57.0, 8.0]}, "properties": {"risk_score": 0.2, "risk_category": "safe", "sst": 29.38, "current_speed": 0.162, "factors": ["elevated_sst"], "color": "#00C853"}}, {"type": "Feature", "geometry": {"type": "Point", "coordinates": [64.0, 5.0]}, "properties": {"risk_score": 0.2, "risk_category": "safe", "sst": 29.43, "current_speed": 0.198, "factors": ["elevated_sst"], "color": "#00C853"}}, {"type": "Feature", "geometry": {"type": "Point", "coordinates": [65.0, 16.0]}, "properties": {"risk_score": 0.2, "risk_category": "safe", "sst": 29.15, "current_speed": 0.198, "factors": ["elevated_sst"], "color": "#00C853"}}, {"type": "Feature", "geometry": {"type": "Point", "coordinates": [97.0, 24.0]}, "properties": {"risk_score": 0.0, "risk_category": "safe", "sst": 28.8, "current_speed": 0.196, "factors": [], "color": "#00C853"}}, {"type": "Feature", "geometry": {"type": "Point", "coordinates": [100.0, -8.0]}, "properties": {"risk_score": 0.7, "risk_category": "danger", "sst": 29.38, "current_speed": 0.382, "factors": ["elevated_sst", "active_cyclone_nearby"], "color": "#D50000"}}, {"type": "Feature", "geometry": {"type": "Point", "coordinates": [89.0, 2.0]}, "properties": {"risk_score": 0.2, "risk_category": "safe", "sst": 29.45, "current_speed": 0.319, "factors": ["elevated_sst"], "color": "#00C853"}}, {"type": "Feature", "geometry": {"type": "Point", "coordinates": [94.0, 2.0]}, "properties": {"risk_score": 0.2, "risk_category": "safe", "sst": 29.45, "current_speed": 0.317, "factors": ["elevated_sst"], "color": "#00C853"}}, {"type": "Feature", "geometry": {"type": "Point", "coordinates": [62.0, 7.0]}, "properties": {"risk_score": 0.2, "risk_category": "safe", "sst": 29.4, "current_speed": 0.183, "factors": ["elevated_sst"], "color": "#00C853"}}, {"type": "Feature", "geometry": {"type": "Point", "coordinates": [74.0, -2.0]}, "properties": {"risk_score": 0.2, "risk_category": "safe", "sst": 29.45, "current_speed": 0.305, "factors": ["elevated_sst"], "color": "#00C853"}}, {"type": "Feature", "geometry": {"type": "Point", "coordinates": [98.0, 9.0]}, "properties": {"risk_score": 0.2, "risk_category": "safe", "sst": 29.36, "current_speed": 0.269, "factors": ["elevated_sst"], "color": "#00C853"}}, {"type": "Feature", "geometry": {"type": "Point", "coordinates": [84.0, 17.0]}, "properties": {"risk_score": 0.2, "risk_category": "safe", "sst": 29.12, "current_speed": 0.242, "factors": ["elevated_sst"], "color": "#00C853"}}, {"type": "Feature", "geometry": {"type": "Point", "coordinates": [92.0, 21.0]}, "properties": {"risk_score": 0.0, "risk_category": "safe", "sst": 28.94, "current_speed": 0.224, "factors": [], "color": "#00C853"}}, {"type": "Feature", "geometry": {"type": "Point", "coordinates": [98.0, -9.0]}, "properties": {"risk_score": 0.7, "risk_category": "danger", "sst": 29.36, "current_speed": 0.396, "factors": ["elevated_sst", "active_cyclone_nearby"], "color": "#D50000"}}, {"type": "Feature", "geometry": {"type": "Point", "coordinates": [90.0, 8.0]}, "properties": {"risk_score": 0.2, "risk_category": "safe", "sst": 29.38, "current_speed": 0.284, "factors": ["elevated_sst"], "color": "#00C853"}}, {"type": "Feature", "geometry": {"type": "Point", "coordinates": [75.0, -2.0]}, "properties": {"risk_score": 0.2, "risk_category": "safe", "sst": 29.45, "current_speed": 0.31, "factors": ["elevated_sst"], "color": "#00C853"}}, {"type": "Feature", "geometry": {"type": "Point", "coordinates": [71.0, 10.0]}, "properties": {"risk_score": 0.2, "risk_category": "safe", "sst": 29.34, "current_speed": 0.225, "factors": ["elevated_sst"], "color": "#00C853"}}, {"type": "Feature", "geometry": {"type": "Point", "coordinates": [79.0, 19.0]}, "properties": {"risk_score": 0.2, "risk_category": "safe", "sst": 29.03, "current_speed": 0.223, "factors": ["elevated_sst"], "color": "#00C853"}}, {"type": "Feature", "geometry": {"type": "Point", "coordinates": [86.0, -7.0]}, "properties": {"risk_score": 0.7, "risk_category": "danger", "sst": 29.4, "current_speed": 0.389, "factors": ["elevated_sst", "active_cyclone_nearby"], "color": "#D50000"}}, {"type": "Feature", "geometry": {"type": "Point", "coordinates": [100.0, 19.0]}, "properties": {"risk_score": 0.2, "risk_category": "safe", "sst": 29.03, "current_speed": 0.225, "factors": ["elevated_sst"], "color": "#00C853"}}, {"type": "Feature", "geometry": {"type": "Point", "coordinates": [99.0, -4.0]}, "properties": {"risk_score": 0.4, "risk_category": "caution", "sst": 29.44, "current_speed": 0.352, "factors": ["elevated_sst", "cyclone_in_region"], "color": "#FFD600"}}, {"type": "Feature", "geometry": {"type": "Point", "coordinates": [55.0, 18.0]}, "properties": {"risk_score": 0.2, "risk_category": "safe", "sst": 29.08, "current_speed": 0.2, "factors": ["elevated_sst"], "color": "#00C853"}}, {"type": "Feature", "geometry": {"type": "Point", "coordinates": [71.0, 24.0]}, "properties": {"risk_score": 0.0, "risk_category": "safe", "sst": 28.8, "current_speed": 0.177, "factors": [], "color": "#00C853"}}, {"type": "Feature", "geometry": {"type": "Point", "coordinates": [60.0, 21.0]}, "properties": {"risk_score": 0.0, "risk_category": "safe", "sst": 28.94, "current_speed": 0.191, "factors": [], "color": "#00C853"}}, {"type": "Feature", "geometry": {"type": "Point", "coordinates": [85.0, -6.0]}, "properties": {"risk_score": 0.4, "risk_category": "caution", "sst": 29.41, "current_speed": 0.379, "factors": ["elevated_sst", "cyclone_in_region"], "color": "#FFD600"}}, {"type": "Feature", "geometry": {"type": "Point", "coordinates": [50.0, 14.0]}, "properties": {"risk_score": 0.2, "risk_category": "safe", "sst": 29.22, "current_speed": 0.195, "factors": ["elevated_sst"], "color": "#00C853"}}, {"type": "Feature", "geometry": {"type": "Point", "coordinates": [69.0, -1.0]}, "properties": {"risk_score": 0.2, "risk_category": "safe", "sst": 29.46, "current_speed": 0.267, "factors": ["elevated_sst"], "color": "#00C853"}}, {"type": "Feature", "geometry": {"type": "Point", "coordinates": [56.0, 15.0]}, "properties": {"risk_score": 0.2, "risk_category": "safe", "sst": 29.19, "current_speed": 0.19, "factors": ["elevated_sst"], "color": "#00C853"}}, {"type": "Feature", "geometry": {"type": "Point", "coordinates": [52.0, 19.0]}, "properties": {"risk_score": 0.2, "risk_category": "safe", "sst": 29.03, "current_speed": 0.212, "factors": ["elevated_sst"], "color": "#00C853"}}, {"type": "Feature", "geometry": {"type": "Point", "coordinates": [53.0, -4.0]}, "properties": {"risk_score": 0.2, "risk_category": "safe", "sst": 29.44, "current_speed": 0.172, "factors": ["elevated_sst"], "color": "#00C853"}}, {"type": "Feature", "geometry": {"type": "Point", "coordinates": [93.0, -3.0]}, "properties": {"risk_score": 0.4, "risk_category": "caution", "sst": 29.45, "current_speed": 0.357, "factors": ["elevated_sst", "cyclone_in_region"], "color": "#FFD600"}}, {"type": "Feature", "geometry": {"type": "Point", "coordinates": [82.0, 7.0]}, "properties": {"risk_score": 0.2, "risk_category": "safe", "sst": 29.4, "current_speed": 0.278, "factors": ["elevated_sst"], "color": "#00C853"}}, {"type": "Feature", "geometry": {"type": "Point", "coordinates": [62.0, 18.0]}, "properties": {"risk_score": 0.2, "risk_category": "safe", "sst": 29.08, "current_speed": 0.194, "factors": ["elevated_sst"], "color": "#00C853"}}, {"type": "Feature", "geometry": {"type": "Point", "coordinates": [98.0, 6.0]}, "properties": {"risk_score": 0.2, "risk_category": "safe", "sst": 29.41, "current_speed": 0.283, "factors": ["elevated_sst"], "color": "#00C853"}}, {"type": "Feature", "geometry": {"type": "Point", "coordinates": [81.0, 0.0]}, "properties": {"risk_score": 0.2, "risk_category": "safe", "sst": 29.46, "current_speed": 0.32, "factors": ["elevated_sst"], "color": "#00C853"}}, {"type": "Feature", "geometry": {"type": "Point", "coordinates": [70.0, -5.0]}, "properties": {"risk_score": 0.2, "risk_category": "safe", "sst": 29.43, "current_speed": 0.307, "factors": ["elevated_sst"], "color": "#00C853"}}, {"type": "Feature", "geometry": {"type": "Point", "coordinates": [70.0, 16.0]}, "properties": {"risk_score": 0.2, "risk_category": "safe", "sst": 29.15, "current_speed": 0.211, "factors": ["elevated_sst"], "color": "#00C853"}}, {"type": "Feature", "geometry": {"type": "Point", "coordinates": [51.0, 1.0]}, "properties": {"risk_score": 0.2, "risk_category": "safe", "sst": 29.46, "current_speed": 0.126, "factors": ["elevated_sst"], "color": "#00C853"}}, {"type": "Feature", "geometry": {"type": "Point", "coordinates": [82.0, -7.0]}, "properties": {"risk_score": 0.7, "risk_category": "danger", "sst": 29.4, "current_speed": 0.38, "factors": ["elevated_sst", "active_cyclone_nearby"], "color": "#D50000"}}, {"type": "Feature", "geometry": {"type": "Point", "coordinates": [66.0, -5.0]}, "properties": {"risk_score": 0.2, "risk_category": "safe", "sst": 29.43, "current_speed": 0.28, "factors": ["elevated_sst"], "color": "#00C853"}}, {"type": "Feature", "geometry": {"type": "Point", "coordinates": [89.0, -2.0]}, "properties": {"risk_score": 0.2, "risk_category": "safe", "sst": 29.45, "current_speed": 0.35, "factors": ["elevated_sst"], "color": "#00C853"}}, {"type": "Feature", "geometry": {"type": "Point", "coordinates": [83.0, 22.0]}, "properties": {"risk_score": 0.0, "risk_category": "safe", "sst": 28.9, "current_speed": 0.212, "factors": [], "color": "#00C853"}}, {"type": "Feature", "geometry": {"type": "Point", "coordinates": [63.0, 4.0]}, "properties": {"risk_score": 0.2, "risk_category": "safe", "sst": 29.44, "current_speed": 0.195, "factors": ["elevated_sst"], "color": "#00C853"}}, {"type": "Feature", "geometry": {"type": "Point", "coordinates": [55.0, 19.0]}, "properties": {"risk_score": 0.2, "risk_category": "safe", "sst": 29.03, "current_speed": 0.202, "factors": ["elevated_sst"], "color": "#00C853"}}, {"type": "Feature", "geometry": {"type": "Point", "coordinates": [50.0, 18.0]}, "properties": {"risk_score": 0.2, "risk_category": "safe", "sst": 29.08, "current_speed": 0.216, "factors": ["elevated_sst"], "color": "#00C853"}}, {"type": "Feature", "geometry": {"type": "Point", "coordinates": [64.0, 9.0]}, "properties": {"risk_score": 0.2, "risk_category": "safe", "sst": 29.36, "current_speed": 0.193, "factors": ["elevated_sst"], "color": "#00C853"}}, {"type": "Feature", "geometry": {"type": "Point", "coordinates": [83.0, 17.0]}, "properties": {"risk_score": 0.2, "risk_category": "safe", "sst": 29.12, "current_speed": 0.241, "factors": ["elevated_sst"], "color": "#00C853"}}, {"type": "Feature", "geometry": {"type": "Point", "coordinates": [52.0, -3.0]}, "properties": {"risk_score": 0.2, "risk_category": "safe", "sst": 29.45, "current_speed": 0.156, "factors": ["elevated_sst"], "color": "#00C853"}}, {"type": "Feature", "geometry": {"type": "Point", "coordinates": [95.0, 3.0]}, "properties": {"risk_score": 0.2, "risk_category": "safe", "sst": 29.45, "current_speed": 0.308, "factors": ["elevated_sst"], "color": "#00C853"}}, {"type": "Feature", "geometry": {"type": "Point", "coordinates": [98.0, 14.0]}, "properties": {"risk_score": 0.2, "risk_category": "safe", "sst": 29.22, "current_speed": 0.251, "factors": ["elevated_sst"], "color": "#00C853"}}, {"type": "Feature", "geometry": {"type": "Point", "coordinates": [87.0, 6.0]}, "properties": {"risk_score": 0.2, "risk_category": "safe", "sst": 29.41, "current_speed": 0.293, "factors": ["elevated_sst"], "color": "#00C853"}}, {"type": "Feature", "geometry": {"type": "Point", "coordinates": [79.0, 24.0]}, "properties": {"risk_score": 0.0, "risk_category": "safe", "sst": 28.8, "current_speed": 0.19, "factors": [], "color": "#00C853"}}, {"type": "Feature", "geometry": {"type": "Point", "coordinates": [89.0, 21.0]}, "properties": {"risk_score": 0.0, "risk_category": "safe", "sst": 28.94, "current_speed": 0.224, "factors": [], "color": "#00C853"}}, {"type": "Feature", "geometry": {"type": "Point", "coordinates": [80.0, 2.0]}, "properties": {"risk_score": 0.2, "risk_category": "safe", "sst": 29.45, "current_speed": 0.301, "factors": ["elevated_sst"], "color": "#00C853"}}, {"type": "Feature", "geometry": {"type": "Point", "coordinates": [69.0, -10.0]}, "properties": {"risk_score": 0.2, "risk_category": "safe", "sst": 29.34, "current_speed": 0.343, "factors": ["elevated_sst"], "color": "#00C853"}}, {"type": "Feature", "geometry": {"type": "Point", "coordinates": [66.0, 19.0]}, "properties": {"risk_score": 0.2, "risk_category": "safe", "sst": 29.03, "current_speed": 0.196, "factors": ["elevated_sst"], "color": "#00C853"}}, {"type": "Feature", "geometry": {"type": "Point", "coordinates": [84.0, -5.0]}, "properties": {"risk_score": 0.4, "risk_category": "caution", "sst": 29.43, "current_speed": 0.369, "factors": ["elevated_sst", "cyclone_in_region"], "color": "#FFD600"}}, {"type": "Feature", "geometry": {"type": "Point", "coordinates": [93.0, 22.0]}, "properties": {"risk_score": 0.0, "risk_category": "safe", "sst": 28.9, "current_speed": 0.216, "factors": [], "color": "#00C853"}}, {"type": "Feature", "geometry": {"type": "Point", "coordinates": [82.0, 19.0]}, "properties": {"risk_score": 0.2, "risk_category": "safe", "sst": 29.03, "current_speed": 0.229, "factors": ["elevated_sst"], "color": "#00C853"}}, {"type": "Feature", "geometry": {"type": "Point", "coordinates": [51.0, 12.0]}, "properties": {"risk_score": 0.2, "risk_category": "safe", "sst": 29.29, "current_speed": 0.179, "factors": ["elevated_sst"], "color": "#00C853"}}, {"type": "Feature", "geometry": {"type": "Point", "coordinates": [57.0, -7.0]}, "properties": {"risk_score": 0.2, "risk_category": "safe", "sst": 29.4, "current_speed": 0.232, "factors": ["elevated_sst"], "color": "#00C853"}}, {"type": "Feature", "geometry": {"type": "Point", "coordinates": [54.0, 24.0]}, "properties": {"risk_score": 0.0, "risk_category": "safe", "sst": 28.8, "current_speed": 0.203, "factors": [], "color": "#00C853"}}, {"type": "Feature", "geometry": {"type": "Point", "coordinates": [88.0, -10.0]}, "properties": {"risk_score": 0.7, "risk_category": "danger", "sst": 29.34, "current_speed": 0.414, "factors": ["elevated_sst", "active_cyclone_nearby"], "color": "#D50000"}}, {"type": "Feature", "geometry": {"type": "Point", "coordinates": [50.0, 3.0]}, "properties": {"risk_score": 0.2, "risk_category": "safe", "sst": 29.45, "current_speed": 0.12, "factors": ["elevated_sst"], "color": "#00C853"}}, {"type": "Feature", "geometry": {"type": "Point", "coordinates": [55.0, -2.0]}, "properties": {"risk_score": 0.2, "risk_category": "safe", "sst": 29.45, "current_speed": 0.171, "factors": ["elevated_sst"], "color": "#00C853"}}, {"type": "Feature", "geometry": {"type": "Point", "coordinates": [75.0, -4.0]}, "properties": {"risk_score": 0.2, "risk_category": "safe", "sst": 29.44, "current_speed": 0.327, "factors": ["elevated_sst"], "color": "#00C853"}}, {"type": "Feature", "geometry": {"type": "Point", "coordinates": [52.0, 17.0]}, "properties": {"risk_score": 0.2, "risk_category": "safe", "sst": 29.12, "current_speed": 0.205, "factors": ["elevated_sst"], "color": "#00C853"}}, {"type": "Feature", "geometry": {"type": "Point", "coordinates": [76.0, -5.0]}, "properties": {"risk_score": 0.2, "risk_category": "safe", "sst": 29.43, "current_speed": 0.341, "factors": ["elevated_sst"], "color": "#00C853"}}, {"type": "Feature", "geometry": {"type": "Point", "coordinates": [92.0, -9.0]}, "properties": {"risk_score": 0.7, "risk_category": "danger", "sst": 29.36, "current_speed": 0.407, "factors": ["elevated_sst", "active_cyclone_nearby"], "color": "#D50000"}}, {"type": "Feature", "geometry": {"type": "Point", "coordinates": [90.0, -6.0]}, "properties": {"risk_score": 0.7, "risk_category": "danger", "sst": 29.41, "current_speed": 0.384, "factors": ["elevated_sst", "active_cyclone_nearby"], "color": "#D50000"}}, {"type": "Feature", "geometry": {"type": "Point", "coordinates": [91.0, 24.0]}, "properties": {"risk_score": 0.0, "risk_category": "safe", "sst": 28.8, "current_speed": 0.201, "factors": [], "color": "#00C853"}}, {"type": "Feature", "geometry": {"type": "Point", "coordinates": [80.0, -4.0]}, "properties": {"risk_score": 0.2, "risk_category": "safe", "sst": 29.44, "current_speed": 0.349, "factors": ["elevated_sst"], "color": "#00C853"}}, {"type": "Feature", "geometry": {"type": "Point", "coordinates": [81.0, -3.0]}, "properties": {"risk_score": 0.2, "risk_category": "safe", "sst": 29.45, "current_speed": 0.344, "factors": ["elevated_sst"], "color": "#00C853"}}, {"type": "Feature", "geometry": {"type": "Point", "coordinates": [89.0, 3.0]}, "properties": {"risk_score": 0.2, "risk_category": "safe", "sst": 29.45, "current_speed": 0.312, "factors": ["elevated_sst"], "color": "#00C853"}}, {"type": "Feature", "geometry": {"type": "Point", "coordinates": [70.0, 17.0]}, "properties": {"risk_score": 0.2, "risk_category": "safe", "sst": 29.12, "current_speed": 0.208, "factors": ["elevated_sst"], "color": "#00C853"}}, {"type": "Feature", "geometry": {"type": "Point", "coordinates": [91.0, 23.0]}, "properties": {"risk_score": 0.0, "risk_category": "safe", "sst": 28.85, "current_speed": 0.209, "factors": [], "color": "#00C853"}}, {"type": "Feature", "geometry": {"type": "Point", "coordinates": [79.0, 1.0]}, "properties": {"risk_score": 0.2, "risk_category": "safe", "sst": 29.46, "current_speed": 0.305, "factors": ["elevated_sst"], "color": "#00C853"}}, {"type": "Feature", "geometry": {"type": "Point", "coordinates": [82.0, 13.0]}, "properties": {"risk_score": 0.2, "risk_category": "safe", "sst": 29.26, "current_speed": 0.254, "factors": ["elevated_sst"], "color": "#00C853"}}, {"type": "Feature", "geometry": {"type": "Point", "coordinates": [77.0, 13.0]}, "properties": {"risk_score": 0.2, "risk_category": "safe", "sst": 29.26, "current_speed": 0.241, "factors": ["elevated_sst"], "color": "#00C853"}}, {"type": "Feature", "geometry": {"type": "Point", "coordinates": [76.0, 6.0]}, "properties": {"risk_score": 0.2, "risk_category": "safe", "sst": 29.41, "current_speed": 0.261, "factors": ["elevated_sst"], "color": "#00C853"}}, {"type": "Feature", "geometry": {"type": "Point", "coordinates": [70.0, -4.0]}, "properties": {"risk_score": 0.2, "risk_category": "safe", "sst": 29.44, "current_speed": 0.298, "factors": ["elevated_sst"], "color": "#00C853"}}, {"type": "Feature", "geometry": {"type": "Point", "coordinates": [72.0, 4.0]}, "properties": {"risk_score": 0.2, "risk_category": "safe", "sst": 29.44, "current_speed": 0.251, "factors": ["elevated_sst"], "color": "#00C853"}}, {"type": "Feature", "geometry": {"type": "Point", "coordinates": [51.0, -5.0]}, "properties": {"risk_score": 0.2, "risk_category": "safe", "sst": 29.43, "current_speed": 0.166, "factors": ["elevated_sst"], "color": "#00C853"}}, {"type": "Feature", "geometry": {"type": "Point", "coordinates": [65.0, 0.0]}, "properties": {"risk_score": 0.2, "risk_category": "safe", "sst": 29.46, "current_speed": 0.231, "factors": ["elevated_sst"], "color": "#00C853"}}, {"type": "Feature", "geometry": {"type": "Point", "coordinates": [81.0, -5.0]}, "properties": {"risk_score": 0.4, "risk_category": "caution", "sst": 29.43, "current_speed": 0.361, "factors": ["elevated_sst", "cyclone_in_region"], "color": "#FFD600"}}, {"type": "Feature", "geometry": {"type": "Point", "coordinates": [93.0, 14.0]}, "properties": {"risk_score": 0.2, "risk_category": "safe", "sst": 29.22, "current_speed": 0.258, "factors": ["elevated_sst"], "color": "#00C853"}}, {"type": "Feature", "geometry": {"type": "Point", "coordinates": [97.0, -2.0]}, "properties": {"risk_score": 0.2, "risk_category": "safe", "sst": 29.45, "current_speed": 0.341, "factors": ["elevated_sst"], "color": "#00C853"}}, {"type": "Feature", "geometry": {"type": "Point", "coordinates": [65.0, 1.0]}, "properties": {"risk_score": 0.2, "risk_category": "safe", "sst": 29.46, "current_speed": 0.225, "factors": ["elevated_sst"], "color": "#00C853"}}, {"type": "Feature", "geometry": {"type": "Point", "coordinates": [60.0, 25.0]}, "properties": {"risk_score": 0.0, "risk_category": "safe", "sst": 28.74, "current_speed": 0.177, "factors": [], "color": "#00C853"}}, {"type": "Feature", "geometry": {"type": "Point", "coordinates": [78.0, 16.0]}, "properties": {"risk_score": 0.2, "risk_category": "safe", "sst": 29.15, "current_speed": 0.234, "factors": ["elevated_sst"], "color": "#00C853"}}, {"type": "Feature", "geometry": {"type": "Point", "coordinates": [60.0, 0.0]}, "properties": {"risk_score": 0.2, "risk_category": "safe", "sst": 29.46, "current_speed": 0.194, "factors": ["elevated_sst"], "color": "#00C853"}}, {"type": "Feature", "geometry": {"type": "Point", "coordinates": [55.0, 1.0]}, "properties": {"risk_score": 0.2, "risk_category": "safe", "sst": 29.46, "current_speed": 0.152, "factors": ["elevated_sst"], "color": "#00C853"}}, {"type": "Feature", "geometry": {"type": "Point", "coordinates": [62.0, 15.0]}, "properties": {"risk_score": 0.2, "risk_category": "safe", "sst": 29.19, "current_speed": 0.192, "factors": ["elevated_sst"], "color": "#00C853"}}, {"type": "Feature", "geometry": {"type": "Point", "coordinates": [53.0, 24.0]}, "properties": {"risk_score": 0.0, "risk_category": "safe", "sst": 28.8, "current_speed": 0.207, "factors": [], "color": "#00C853"}}, {"type": "Feature", "geometry": {"type": "Point", "coordinates": [65.0, 12.0]}, "properties": {"risk_score": 0.2, "risk_category": "safe", "sst": 29.29, "current_speed": 0.197, "factors": ["elevated_sst"], "color": "#00C853"}}, {"type": "Feature", "geometry": {"type": "Point", "coordinates": [67.0, 3.0]}, "properties": {"risk_score": 0.2, "risk_category": "safe", "sst": 29.45, "current_speed": 0.226, "factors": ["elevated_sst"], "color": "#00C853"}}, {"type": "Feature", "geometry": {"type": "Point", "coordinates": [72.0, 0.0]}, "properties": {"risk_score": 0.2, "risk_category": "safe", "sst": 29.46, "current_speed": 0.278, "factors": ["elevated_sst"], "color": "#00C853"}}, {"type": "Feature", "geometry": {"type": "Point", "coordinates": [90.0, 14.0]}, "properties": {"risk_score": 0.2, "risk_category": "safe", "sst": 29.22, "current_speed": 0.259, "factors": ["elevated_sst"], "color": "#00C853"}}, {"type": "Feature", "geometry": {"type": "Point", "coordinates": [51.0, -4.0]}, "properties": {"risk_score": 0.2, "risk_category": "safe", "sst": 29.44, "current_speed": 0.157, "factors": ["elevated_sst"], "color": "#00C853"}}, {"type": "Feature", "geometry": {"type": "Point", "coordinates": [79.0, 10.0]}, "properties": {"risk_score": 0.2, "risk_category": "safe", "sst": 29.34, "current_speed": 0.257, "factors": ["elevated_sst"], "color": "#00C853"}}, {"type": "Feature", "geometry": {"type": "Point", "coordinates": [95.0, 2.0]}, "properties": {"risk_score": 0.2, "risk_category": "safe", "sst": 29.45, "current_speed": 0.315, "factors": ["elevated_sst"], "color": "#00C853"}}, {"type": "Feature", "geometry": {"type": "Point", "coordinates": [56.0, 2.0]}, "properties": {"risk_score": 0.2, "risk_category": "safe", "sst": 29.45, "current_speed": 0.155, "factors": ["elevated_sst"], "color": "#00C853"}}, {"type": "Feature", "geometry": {"type": "Point", "coordinates": [79.0, 3.0]}, "properties": {"risk_score": 0.2, "risk_category": "safe", "sst": 29.45, "current_speed": 0.291, "factors": ["elevated_sst"], "color": "#00C853"}}, {"type": "Feature", "geometry": {"type": "Point", "coordinates": [58.0, 16.0]}, "properties": {"risk_score": 0.2, "risk_category": "safe", "sst": 29.15, "current_speed": 0.192, "factors": ["elevated_sst"], "color": "#00C853"}}, {"type": "Feature", "geometry": {"type": "Point", "coordinates": [89.0, 0.0]}, "properties": {"risk_score": 0.2, "risk_category": "safe", "sst": 29.46, "current_speed": 0.334, "factors": ["elevated_sst"], "color": "#00C853"}}, {"type": "Feature", "geometry": {"type": "Point", "coordinates": [52.0, -7.0]}, "properties": {"risk_score": 0.2, "risk_category": "safe", "sst": 29.4, "current_speed": 0.194, "factors": ["elevated_sst"], "color": "#00C853"}}, {"type": "Feature", "geometry": {"type": "Point", "coordinates": [51.0, 17.0]}, "properties": {"risk_score": 0.2, "risk_category": "safe", "sst": 29.12, "current_speed": 0.208, "factors": ["elevated_sst"], "color": "#00C853"}}, {"type": "Feature", "geometry": {"type": "Point", "coordinates": [80.0, 7.0]}, "properties": {"risk_score": 0.2, "risk_category": "safe", "sst": 29.4, "current_speed": 0.272, "factors": ["elevated_sst"], "color": "#00C853"}}, {"type": "Feature", "geometry": {"type": "Point", "coordinates": [85.0, 8.0]}, "properties": {"risk_score": 0.2, "risk_category": "safe", "sst": 29.38, "current_speed": 0.28, "factors": ["elevated_sst"], "color": "#00C853"}}, {"type": "Feature", "geometry": {"type": "Point", "coordinates": [53.0, 8.0]}, "properties": {"risk_score": 0.2, "risk_category": "safe", "sst": 29.38, "current_speed": 0.151, "factors": ["elevated_sst"], "color": "#00C853"}}, {"type": "Feature", "geometry": {"type": "Point", "coordinates": [98.0, 4.0]}, "properties": {"risk_score": 0.2, "risk_category": "safe", "sst": 29.44, "current_speed": 0.295, "factors": ["elevated_sst"], "color": "#00C853"}}, {"type": "Feature", "geometry": {"type": "Point", "coordinates": [73.0, 18.0]}, "properties": {"risk_score": 0.2, "risk_category": "safe", "sst": 29.08, "current_speed": 0.213, "factors": ["elevated_sst"], "color": "#00C853"}}, {"type": "Feature", "geometry": {"type": "Point", "coordinates": [91.0, 19.0]}, "properties": {"risk_score": 0.2, "risk_category": "safe", "sst": 29.03, "current_speed": 0.236, "factors": ["elevated_sst"], "color": "#00C853"}}, {"type": "Feature", "geometry": {"type": "Point", "coordinates": [91.0, 3.0]}, "properties": {"risk_score": 0.2, "risk_category": "safe", "sst": 29.45, "current_speed": 0.312, "factors": ["elevated_sst"], "color": "#00C853"}}, {"type": "Feature", "geometry": {"type": "Point", "coordinates": [100.0, 8.0]}, "properties": {"risk_score": 0.2, "risk_category": "safe", "sst": 29.38, "current_speed": 0.268, "factors": ["elevated_sst"], "color": "#00C853"}}, {"type": "Feature", "geometry": {"type": "Point", "coordinates": [53.0, 18.0]}, "properties": {"risk_score": 0.2, "risk_category": "safe", "sst": 29.08, "current_speed": 0.206, "factors": ["elevated_sst"], "color": "#00C853"}}, {"type": "Feature", "geometry": {"type": "Point", "coordinates": [84.0, 16.0]}, "properties": {"risk_score": 0.2, "risk_category": "safe", "sst": 29.15, "current_speed": 0.247, "factors": ["elevated_sst"], "color": "#00C853"}}, {"type": "Feature", "geometry": {"type": "Point", "coordinates": [95.0, -10.0]}, "properties": {"risk_score": 0.7, "risk_category": "danger", "sst": 29.34, "current_speed": 0.41, "factors": ["elevated_sst", "active_cyclone_nearby"], "color": "#D50000"}}, {"type": "Feature", "geometry": {"type": "Point", "coordinates": [75.0, 4.0]}, "properties": {"risk_score": 0.2, "risk_category": "safe", "sst": 29.44, "current_speed": 0.267, "factors": ["elevated_sst"], "color": "#00C853"}}, {"type": "Feature", "geometry": {"type": "Point", "coordinates": [93.0, -6.0]}, "properties": {"risk_score": 0.7, "risk_category": "danger", "sst": 29.41, "current_speed": 0.382, "factors": ["elevated_sst", "active_cyclone_nearby"], "color": "#D50000"}}, {"type": "Feature", "geometry": {"type": "Point", "coordinates": [97.0, 17.0]}, "properties": {"risk_score": 0.2, "risk_category": "safe", "sst": 29.12, "current_speed": 0.241, "factors": ["elevated_sst"], "color": "#00C853"}}, {"type": "Feature", "geometry": {"type": "Point", "coordinates": [80.0, -8.0]}, "properties": {"risk_score": 0.7, "risk_category": "danger", "sst": 29.38, "current_speed": 0.382, "factors": ["elevated_sst", "active_cyclone_nearby"], "color": "#D50000"}}, {"type": "Feature", "geometry": {"type": "Point", "coordinates": [78.0, 21.0]}, "properties": {"risk_score": 0.0, "risk_category": "safe", "sst": 28.94, "current_speed": 0.21, "factors": [], "color": "#00C853"}}, {"type": "Feature", "geometry": {"type": "Point", "coordinates": [89.0, 20.0]}, "properties": {"risk_score": 0.0, "risk_category": "safe", "sst": 28.99, "current_speed": 0.23, "factors": [], "color": "#00C853"}}, {"type": "Feature", "geometry": {"type": "Point", "coordinates": [88.0, 4.0]}, "properties": {"risk_score": 0.2, "risk_category": "safe", "sst": 29.44, "current_speed": 0.305, "factors": ["elevated_sst"], "color": "#00C853"}}, {"type": "Feature", "geometry": {"type": "Point", "coordinates": [79.0, 8.0]}, "properties": {"risk_score": 0.2, "risk_category": "safe", "sst": 29.38, "current_speed": 0.264, "factors": ["elevated_sst"], "color": "#00C853"}}, {"type": "Feature", "geometry": {"type": "Point", "coordinates": [97.0, 22.0]}, "properties": {"risk_score": 0.0, "risk_category": "safe", "sst": 28.9, "current_speed": 0.212, "factors": [], "color": "#00C853"}}, {"type": "Feature", "geometry": {"type": "Point", "coordinates": [94.0, 5.0]}, "properties": {"risk_score": 0.2, "risk_category": "safe", "sst": 29.43, "current_speed": 0.297, "factors": ["elevated_sst"], "color": "#00C853"}}, {"type": "Feature", "geometry": {"type": "Point", "coordinates": [56.0, 14.0]}, "properties": {"risk_score": 0.2, "risk_category": "safe", "sst": 29.22, "current_speed": 0.186, "factors": ["elevated_sst"], "color": "#00C853"}}, {"type": "Feature", "geometry": {"type": "Point", "coordinates": [62.0, 2.0]}, "properties": {"risk_score": 0.2, "risk_category": "safe", "sst": 29.45, "current_speed": 0.197, "factors": ["elevated_sst"], "color": "#00C853"}}, {"type": "Feature", "geometry": {"type": "Point", "coordinates": [54.0, 4.0]}, "properties": {"risk_score": 0.2, "risk_category": "safe", "sst": 29.44, "current_speed": 0.14, "factors": ["elevated_sst"], "color": "#00C853"}}, {"type": "Feature", "geometry": {"type": "Point", "coordinates": [88.0, 14.0]}, "properties": {"risk_score": 0.2, "risk_category": "safe", "sst": 29.22, "current_speed": 0.259, "factors": ["elevated_sst"], "color": "#00C853"}}, {"type": "Feature", "geometry": {"type": "Point", "coordinates": [57.0, 12.0]}, "properties": {"risk_score": 0.2, "risk_category": "safe", "sst": 29.29, "current_speed": 0.177, "factors": ["elevated_sst"], "color": "#00C853"}}, {"type": "Feature", "geometry": {"type": "Point", "coordinates": [53.0, -2.0]}, "properties": {"risk_score": 0.2, "risk_category": "safe", "sst": 29.45, "current_speed": 0.155, "factors": ["elevated_sst"], "color": "#00C853"}}, {"type": "Feature", "geometry": {"type": "Point", "coordinates": [66.0, 20.0]}, "properties": {"risk_score": 0.0, "risk_category": "safe", "sst": 28.99, "current_speed": 0.193, "factors": [], "color": "#00C853"}}, {"type": "Feature", "geometry": {"type": "Point", "coordinates": [52.0, 0.0]}, "properties": {"risk_score": 0.2, "risk_category": "safe", "sst": 29.46, "current_speed": 0.136, "factors": ["elevated_sst"], "color": "#00C853"}}, {"type": "Feature", "geometry": {"type": "Point", "coordinates": [92.0, 15.0]}, "properties": {"risk_score": 0.2, "risk_category": "safe", "sst": 29.19, "current_speed": 0.255, "factors": ["elevated_sst"], "color": "#00C853"}}, {"type": "Feature", "geometry": {"type": "Point", "coordinates": [51.0, 25.0]}, "properties": {"risk_score": 0.0, "risk_category": "safe", "sst": 28.74, "current_speed": 0.215, "factors": [], "color": "#00C853"}}, {"type": "Feature", "geometry": {"type": "Point", "coordinates": [69.0, 1.0]}, "properties": {"risk_score": 0.2, "risk_category": "safe", "sst": 29.46, "current_speed": 0.252, "factors": ["elevated_sst"], "color": "#00C853"}}, {"type": "Feature", "geometry": {"type": "Point", "coordinates": [90.0, 15.0]}, "properties": {"risk_score": 0.2, "risk_category": "safe", "sst": 29.19, "current_speed": 0.255, "factors": ["elevated_sst"], "color": "#00C853"}}, {"type": "Feature", "geometry": {"type": "Point", "coordinates": [70.0, 18.0]}, "properties": {"risk_score": 0.2, "risk_category": "safe", "sst": 29.08, "current_speed": 0.206, "factors": ["elevated_sst"], "color": "#00C853"}}, {"type": "Feature", "geometry": {"type": "Point", "coordinates": [56.0, -4.0]}, "properties": {"risk_score": 0.2, "risk_category": "safe", "sst": 29.44, "current_speed": 0.196, "factors": ["elevated_sst"], "color": "#00C853"}}, {"type": "Feature", "geometry": {"type": "Point", "coordinates": [96.0, -10.0]}, "properties": {"risk_score": 0.7, "risk_category": "danger", "sst": 29.34, "current_speed": 0.408, "factors": ["elevated_sst", "active_cyclone_nearby"], "color": "#D50000"}}, {"type": "Feature", "geometry": {"type": "Point", "coordinates": [56.0, 3.0]}, "properties": {"risk_score": 0.2, "risk_category": "safe", "sst": 29.45, "current_speed": 0.152, "factors": ["elevated_sst"], "color": "#00C853"}}, {"type": "Feature", "geometry": {"type": "Point", "coordinates": [93.0, 3.0]}, "properties": {"risk_score": 0.2, "risk_category": "safe", "sst": 29.45, "current_speed": 0.311, "factors": ["elevated_sst"], "color": "#00C853"}}, {"type": "Feature", "geometry": {"type": "Point", "coordinates": [79.0, -4.0]}, "properties": {"risk_score": 0.2, "risk_category": "safe", "sst": 29.44, "current_speed": 0.345, "factors": ["elevated_sst"], "color": "#00C853"}}, {"type": "Feature", "geometry": {"type": "Point", "coordinates": [82.0, 20.0]}, "properties": {"risk_score": 0.0, "risk_category": "safe", "sst": 28.99, "current_speed": 0.224, "factors": [], "color": "#00C853"}}, {"type": "Feature", "geometry": {"type": "Point", "coordinates": [50.0, -7.0]}, "properties": {"risk_score": 0.2, "risk_category": "safe", "sst": 29.4, "current_speed": 0.179, "factors": ["elevated_sst"], "color": "#00C853"}}, {"type": "Feature", "geometry": {"type": "Point", "coordinates": [62.0, 4.0]}, "properties": {"risk_score": 0.2, "risk_category": "safe", "sst": 29.44, "current_speed": 0.189, "factors": ["elevated_sst"], "color": "#00C853"}}, {"type": "Feature", "geometry": {"type": "Point", "coordinates": [66.0, -3.0]}, "properties": {"risk_score": 0.2, "risk_category": "safe", "sst": 29.45, "current_speed": 0.263, "factors": ["elevated_sst"], "color": "#00C853"}}, {"type": "Feature", "geometry": {"type": "Point", "coordinates": [67.0, -7.0]}, "properties": {"risk_score": 0.2, "risk_category": "safe", "sst": 29.4, "current_speed": 0.305, "factors": ["elevated_sst"], "color": "#00C853"}}, {"type": "Feature", "geometry": {"type": "Point", "coordinates": [75.0, 21.0]}, "properties": {"risk_score": 0.0, "risk_category": "safe", "sst": 28.94, "current_speed": 0.204, "factors": [], "color": "#00C853"}}, {"type": "Feature", "geometry": {"type": "Point", "coordinates": [53.0, 25.0]}, "properties": {"risk_score": 0.0, "risk_category": "safe", "sst": 28.74, "current_speed": 0.204, "factors": [], "color": "#00C853"}}, {"type": "Feature", "geometry": {"type": "Point", "coordinates": [94.0, 14.0]}, "properties": {"risk_score": 0.2, "risk_category": "safe", "sst": 29.22, "current_speed": 0.257, "factors": ["elevated_sst"], "color": "#00C853"}}, {"type": "Feature", "geometry": {"type": "Point", "coordinates": [83.0, 9.0]}, "properties": {"risk_score": 0.2, "risk_category": "safe", "sst": 29.36, "current_speed": 0.272, "factors": ["elevated_sst"], "color": "#00C853"}}, {"type": "Feature", "geometry": {"type": "Point", "coordinates": [89.0, -10.0]}, "properties": {"risk_score": 0.7, "risk_category": "danger", "sst": 29.34, "current_speed": 0.414, "factors": ["elevated_sst", "active_cyclone_nearby"], "color": "#D50000"}}, {"type": "Feature", "geometry": {"type": "Point", "coordinates": [95.0, 16.0]}, "properties": {"risk_score": 0.2, "risk_category": "safe", "sst": 29.15, "current_speed": 0.248, "factors": ["elevated_sst"], "color": "#00C853"}}, {"type": "Feature", "geometry": {"type": "Point", "coordinates": [60.0, 13.0]}, "properties": {"risk_score": 0.2, "risk_category": "safe", "sst": 29.26, "current_speed": 0.185, "factors": ["elevated_sst"], "color": "#00C853"}}, {"type": "Feature", "geometry": {"type": "Point", "coordinates": [99.0, 19.0]}, "properties": {"risk_score": 0.2, "risk_category": "safe", "sst": 29.03, "current_speed": 0.227, "factors": ["elevated_sst"], "color": "#00C853"}}, {"type": "Feature", "geometry": {"type": "Point", "coordinates": [72.0, -8.0]}, "properties": {"risk_score": 0.2, "risk_category": "safe", "sst": 29.38, "current_speed": 0.345, "factors": ["elevated_sst"], "color": "#00C853"}}, {"type": "Feature", "geometry": {"type": "Point", "coordinates": [68.0, 22.0]}, "properties": {"risk_score": 0.0, "risk_category": "safe", "sst": 28.9, "current_speed": 0.187, "factors": [], "color": "#00C853"}}, {"type": "Feature", "geometry": {"type": "Point", "coordinates": [68.0, 15.0]}, "properties": {"risk_score": 0.2, "risk_category": "safe", "sst": 29.19, "current_speed": 0.206, "factors": ["elevated_sst"], "color": "#00C853"}}, {"type": "Feature", "geometry": {"type": "Point", "coordinates": [77.0, 17.0]}, "properties": {"risk_score": 0.2, "risk_category": "safe", "sst": 29.12, "current_speed": 0.228, "factors": ["elevated_sst"], "color": "#00C853"}}, {"type": "Feature", "geometry": {"type": "Point", "coordinates": [57.0, -1.0]}, "properties": {"risk_score": 0.2, "risk_category": "safe", "sst": 29.46, "current_speed": 0.179, "factors": ["elevated_sst"], "color": "#00C853"}}, {"type": "Feature", "geometry": {"type": "Point", "coordinates": [92.0, 6.0]}, "properties": {"risk_score": 0.2, "risk_category": "safe", "sst": 29.41, "current_speed": 0.294, "factors": ["elevated_sst"], "color": "#00C853"}}, {"type": "Feature", "geometry": {"type": "Point", "coordinates": [79.0, 0.0]}, "properties": {"risk_score": 0.2, "risk_category": "safe", "sst": 29.46, "current_speed": 0.312, "factors": ["elevated_sst"], "color": "#00C853"}}, {"type": "Feature", "geometry": {"type": "Point", "coordinates": [58.0, 25.0]}, "properties": {"risk_score": 0.0, "risk_category": "safe", "sst": 28.74, "current_speed": 0.183, "factors": [], "color": "#00C853"}}, {"type": "Feature", "geometry": {"type": "Point", "coordinates": [91.0, 7.0]}, "properties": {"risk_score": 0.2, "risk_category": "safe", "sst": 29.4, "current_speed": 0.289, "factors": ["elevated_sst"], "color": "#00C853"}}, {"type": "Feature", "geometry": {"type": "Point", "coordinates": [50.0, 1.0]}, "properties": {"risk_score": 0.2, "risk_category": "safe", "sst": 29.46, "current_speed": 0.12, "factors": ["elevated_sst"], "color": "#00C853"}}, {"type": "Feature", "geometry": {"type": "Point", "coordinates": [85.0, 25.0]}, "properties": {"risk_score": 0.0, "risk_category": "safe", "sst": 28.74, "current_speed": 0.189, "factors": [], "color": "#00C853"}}, {"type": "Feature", "geometry": {"type": "Point", "coordinates": [72.0, 21.0]}, "properties": {"risk_score": 0.0, "risk_category": "safe", "sst": 28.94, "current_speed": 0.198, "factors": [], "color": "#00C853"}}, {"type": "Feature", "geometry": {"type": "Point", "coordinates": [85.0, 18.0]}, "properties": {"risk_score": 0.2, "risk_category": "safe", "sst": 29.08, "current_speed": 0.239, "factors": ["elevated_sst"], "color": "#00C853"}}, {"type": "Feature", "geometry": {"type": "Point", "coordinates": [83.0, -6.0]}, "properties": {"risk_score": 0.4, "risk_category": "caution", "sst": 29.41, "current_speed": 0.375, "factors": ["elevated_sst", "cyclone_in_region"], "color": "#FFD600"}}, {"type": "Feature", "geometry": {"type": "Point", "coordinates": [91.0, -3.0]}, "properties": {"risk_score": 0.4, "risk_category": "caution", "sst": 29.45, "current_speed": 0.359, "factors": ["elevated_sst", "cyclone_in_region"], "color": "#FFD600"}}, {"type": "Feature", "geometry": {"type": "Point", "coordinates": [82.0, -6.0]}, "properties": {"risk_score": 0.4, "risk_category": "caution", "sst": 29.41, "current_speed": 0.372, "factors": ["elevated_sst", "cyclone_in_region"], "color": "#FFD600"}}, {"type": "Feature", "geometry": {"type": "Point", "coordinates": [96.0, 1.0]}, "properties": {"risk_score": 0.2, "risk_category": "safe", "sst": 29.46, "current_speed": 0.32, "factors": ["elevated_sst"], "color": "#00C853"}}, {"type": "Feature", "geometry": {"type": "Point", "coordinates": [63.0, -8.0]}, "properties": {"risk_score": 0.2, "risk_category": "safe", "sst": 29.38, "current_speed": 0.286, "factors": ["elevated_sst"], "color": "#00C853"}}, {"type": "Feature", "geometry": {"type": "Point", "coordinates": [54.0, 11.0]}, "properties": {"risk_score": 0.2, "risk_category": "safe", "sst": 29.31, "current_speed": 0.17, "factors": ["elevated_sst"], "color": "#00C853"}}, {"type": "Feature", "geometry": {"type": "Point", "coordinates": [57.0, 13.0]}, "properties": {"risk_score": 0.2, "risk_category": "safe", "sst": 29.26, "current_speed": 0.182, "factors": ["elevated_sst"], "color": "#00C853"}}, {"type": "Feature", "geometry": {"type": "Point", "coordinates": [56.0, 0.0]}, "properties": {"risk_score": 0.2, "risk_category": "safe", "sst": 29.46, "current_speed": 0.164, "factors": ["elevated_sst"], "color": "#00C853"}}, {"type": "Feature", "geometry": {"type": "Point", "coordinates": [58.0, 19.0]}, "properties": {"risk_score": 0.2, "risk_category": "safe", "sst": 29.03, "current_speed": 0.196, "factors": ["elevated_sst"], "color": "#00C853"}}, {"type": "Feature", "geometry": {"type": "Point", "coordinates": [88.0, 21.0]}, "properties": {"risk_score": 0.0, "risk_category": "safe", "sst": 28.94, "current_speed": 0.224, "factors": [], "color": "#00C853"}}, {"type": "Feature", "geometry": {"type": "Point", "coordinates": [71.0, -7.0]}, "properties": {"risk_score": 0.2, "risk_category": "safe", "sst": 29.4, "current_speed": 0.331, "factors": ["elevated_sst"], "color": "#00C853"}}, {"type": "Feature", "geometry": {"type": "Point", "coordinates": [75.0, -10.0]}, "properties": {"risk_score": 0.2, "risk_category": "safe", "sst": 29.34, "current_speed": 0.376, "factors": ["elevated_sst"], "color": "#00C853"}}, {"type": "Feature", "geometry": {"type": "Point", "coordinates": [73.0, 13.0]}, "properties": {"risk_score": 0.2, "risk_category": "safe", "sst": 29.26, "current_speed": 0.227, "factors": ["elevated_sst"], "color": "#00C853"}}, {"type": "Feature", "geometry": {"type": "Point", "coordinates": [71.0, -6.0]}, "properties": {"risk_score": 0.2, "risk_category": "safe", "sst": 29.41, "current_speed": 0.322, "factors": ["elevated_sst"], "color": "#00C853"}}, {"type": "Feature", "geometry": {"type": "Point", "coordinates": [56.0, 13.0]}, "properties": {"risk_score": 0.2, "risk_category": "safe", "sst": 29.26, "current_speed": 0.181, "factors": ["elevated_sst"], "color": "#00C853"}}, {"type": "Feature", "geometry": {"type": "Point", "coordinates": [66.0, -7.0]}, "properties": {"risk_score": 0.2, "risk_category": "safe", "sst": 29.4, "current_speed": 0.298, "factors": ["elevated_sst"], "color": "#00C853"}}, {"type": "Feature", "geometry": {"type": "Point", "coordinates": [54.0, 13.0]}, "properties": {"risk_score": 0.2, "risk_category": "safe", "sst": 29.26, "current_speed": 0.182, "factors": ["elevated_sst"], "color": "#00C853"}}, {"type": "Feature", "geometry": {"type": "Point", "coordinates": [64.0, -9.0]}, "properties": {"risk_score": 0.2, "risk_category": "safe", "sst": 29.36, "current_speed": 0.302, "factors": ["elevated_sst"], "color": "#00C853"}}, {"type": "Feature", "geometry": {"type": "Point", "coordinates": [57.0, 20.0]}, "properties": {"risk_score": 0.0, "risk_category": "safe", "sst": 28.99, "current_speed": 0.198, "factors": [], "color": "#00C853"}}, {"type": "Feature", "geometry": {"type": "Point", "coordinates": [64.0, 12.0]}, "properties": {"risk_score": 0.2, "risk_category": "safe", "sst": 29.29, "current_speed": 0.194, "factors": ["elevated_sst"], "color": "#00C853"}}, {"type": "Feature", "geometry": {"type": "Point", "coordinates": [55.0, 24.0]}, "properties": {"risk_score": 0.0, "risk_category": "safe", "sst": 28.8, "current_speed": 0.198, "factors": [], "color": "#00C853"}}, {"type": "Feature", "geometry": {"type": "Point", "coordinates": [78.0, 22.0]}, "properties": {"risk_score": 0.0, "risk_category": "safe", "sst": 28.9, "current_speed": 0.204, "factors": [], "color": "#00C853"}}, {"type": "Feature", "geometry": {"type": "Point", "coordinates": [84.0, 19.0]}, "properties": {"risk_score": 0.2, "risk_category": "safe", "sst": 29.03, "current_speed": 0.232, "factors": ["elevated_sst"], "color": "#00C853"}}, {"type": "Feature", "geometry": {"type": "Point", "coordinates": [58.0, 3.0]}, "properties": {"risk_score": 0.2, "risk_category": "safe", "sst": 29.45, "current_speed": 0.165, "factors": ["elevated_sst"], "color": "#00C853"}}, {"type": "Feature", "geometry": {"type": "Point", "coordinates": [80.0, 12.0]}, "properties": {"risk_score": 0.2, "risk_category": "safe", "sst": 29.29, "current_speed": 0.253, "factors": ["elevated_sst"], "color": "#00C853"}}, {"type": "Feature", "geometry": {"type": "Point", "coordinates": [77.0, -4.0]}, "properties": {"risk_score": 0.2, "risk_category": "safe", "sst": 29.44, "current_speed": 0.337, "factors": ["elevated_sst"], "color": "#00C853"}}, {"type": "Feature", "geometry": {"type": "Point", "coordinates": [71.0, -9.0]}, "properties": {"risk_score": 0.2, "risk_category": "safe", "sst": 29.36, "current_speed": 0.347, "factors": ["elevated_sst"], "color": "#00C853"}}, {"type": "Feature", "geometry": {"type": "Point", "coordinates": [91.0, -9.0]}, "properties": {"risk_score": 0.7, "risk_category": "danger", "sst": 29.36, "current_speed": 0.407, "factors": ["elevated_sst", "active_cyclone_nearby"], "color": "#D50000"}}, {"type": "Feature", "geometry": {"type": "Point", "coordinates": [72.0, 3.0]}, "properties": {"risk_score": 0.2, "risk_category": "safe", "sst": 29.45, "current_speed": 0.257, "factors": ["elevated_sst"], "color": "#00C853"}}, {"type": "Feature", "geometry": {"type": "Point", "coordinates": [57.0, 10.0]}, "properties": {"risk_score": 0.2, "risk_category": "safe", "sst": 29.34, "current_speed": 0.169, "factors": ["elevated_sst"], "color": "#00C853"}}, {"type": "Feature", "geometry": {"type": "Point", "coordinates": [87.0, 16.0]}, "properties": {"risk_score": 0.2, "risk_category": "safe", "sst": 29.15, "current_speed": 0.25, "factors": ["elevated_sst"], "color": "#00C853"}}, {"type": "Feature", "geometry": {"type": "Point", "coordinates": [96.0, 3.0]}, "properties": {"risk_score": 0.2, "risk_category": "safe", "sst": 29.45, "current_speed": 0.306, "factors": ["elevated_sst"], "color": "#00C853"}}, {"type": "Feature", "geometry": {"type": "Point", "coordinates": [67.0, 12.0]}, "properties": {"risk_score": 0.2, "risk_category": "safe", "sst": 29.29, "current_speed": 0.205, "factors": ["elevated_sst"], "color": "#00C853"}}, {"type": "Feature", "geometry": {"type": "Point", "coordinates": [87.0, 20.0]}, "properties": {"risk_score": 0.0, "risk_category": "safe", "sst": 28.99, "current_speed": 0.229, "factors": [], "color": "#00C853"}}, {"type": "Feature", "geometry": {"type": "Point", "coordinates": [79.0, 11.0]}, "properties": {"risk_score": 0.2, "risk_category": "safe", "sst": 29.31, "current_speed": 0.253, "factors": ["elevated_sst"], "color": "#00C853"}}, {"type": "Feature", "geometry": {"type": "Point", "coordinates": [65.0, -1.0]}, "properties": {"risk_score": 0.2, "risk_category": "safe", "sst": 29.46, "current_speed": 0.239, "factors": ["elevated_sst"], "color": "#00C853"}}, {"type": "Feature", "geometry": {"type": "Point", "coordinates": [76.0, 11.0]}, "properties": {"risk_score": 0.2, "risk_category": "safe", "sst": 29.31, "current_speed": 0.243, "factors": ["elevated_sst"], "color": "#00C853"}}, {"type": "Feature", "geometry": {"type": "Point", "coordinates": [59.0, 9.0]}, "properties": {"risk_score": 0.2, "risk_category": "safe", "sst": 29.36, "current_speed": 0.172, "factors": ["elevated_sst"], "color": "#00C853"}}, {"type": "Feature", "geometry": {"type": "Point", "coordinates": [66.0, 0.0]}, "properties": {"risk_score": 0.2, "risk_category": "safe", "sst": 29.46, "current_speed": 0.239, "factors": ["elevated_sst"], "color": "#00C853"}}, {"type": "Feature", "geometry": {"type": "Point", "coordinates": [97.0, -9.0]}, "properties": {"risk_score": 0.7, "risk_category": "danger", "sst": 29.36, "current_speed": 0.399, "factors": ["elevated_sst", "active_cyclone_nearby"], "color": "#D50000"}}, {"type": "Feature", "geometry": {"type": "Point", "coordinates": [73.0, 10.0]}, "properties": {"risk_score": 0.2, "risk_category": "safe", "sst": 29.34, "current_speed": 0.234, "factors": ["elevated_sst"], "color": "#00C853"}}, {"type": "Feature", "geometry": {"type": "Point", "coordinates": [71.0, 13.0]}, "properties": {"risk_score": 0.2, "risk_category": "safe", "sst": 29.26, "current_speed": 0.219, "factors": ["elevated_sst"], "color": "#00C853"}}, {"type": "Feature", "geometry": {"type": "Point", "coordinates": [63.0, 11.0]}, "properties": {"risk_score": 0.2, "risk_category": "safe", "sst": 29.31, "current_speed": 0.19, "factors": ["elevated_sst"], "color": "#00C853"}}, {"type": "Feature", "geometry": {"type": "Point", "coordinates": [69.0, 14.0]}, "properties": {"risk_score": 0.2, "risk_category": "safe", "sst": 29.22, "current_speed": 0.211, "factors": ["elevated_sst"], "color": "#00C853"}}, {"type": "Feature", "geometry": {"type": "Point", "coordinates": [67.0, 15.0]}, "properties": {"risk_score": 0.2, "risk_category": "safe", "sst": 29.19, "current_speed": 0.203, "factors": ["elevated_sst"], "color": "#00C853"}}, {"type": "Feature", "geometry": {"type": "Point", "coordinates": [100.0, 3.0]}, "properties": {"risk_score": 0.2, "risk_category": "safe", "sst": 29.45, "current_speed": 0.295, "factors": ["elevated_sst"], "color": "#00C853"}}, {"type": "Feature", "geometry": {"type": "Point", "coordinates": [100.0, 7.0]}, "properties": {"risk_score": 0.2, "risk_category": "safe", "sst": 29.4, "current_speed": 0.272, "factors": ["elevated_sst"], "color": "#00C853"}}, {"type": "Feature", "geometry": {"type": "Point", "coordinates": [96.0, -7.0]}, "properties": {"risk_score": 0.7, "risk_category": "danger", "sst": 29.4, "current_speed": 0.385, "factors": ["elevated_sst", "active_cyclone_nearby"], "color": "#D50000"}}, {"type": "Feature", "geometry": {"type": "Point", "coordinates": [55.0, -5.0]}, "properties": {"risk_score": 0.2, "risk_category": "safe", "sst": 29.43, "current_speed": 0.197, "factors": ["elevated_sst"], "color": "#00C853"}}, {"type": "Feature", "geometry": {"type": "Point", "coordinates": [73.0, -9.0]}, "properties": {"risk_score": 0.2, "risk_category": "safe", "sst": 29.36, "current_speed": 0.359, "factors": ["elevated_sst"], "color": "#00C853"}}, {"type": "Feature", "geometry": {"type": "Point", "coordinates": [85.0, 0.0]}, "properties": {"risk_score": 0.2, "risk_category": "safe", "sst": 29.46, "current_speed": 0.33, "factors": ["elevated_sst"], "color": "#00C853"}}, {"type": "Feature", "geometry": {"type": "Point", "coordinates": [51.0, 20.0]}, "properties": {"risk_score": 0.0, "risk_category": "safe", "sst": 28.99, "current_speed": 0.217, "factors": [], "color": "#00C853"}}, {"type": "Feature", "geometry": {"type": "Point", "coordinates": [76.0, 2.0]}, "properties": {"risk_score": 0.2, "risk_category": "safe", "sst": 29.45, "current_speed": 0.285, "factors": ["elevated_sst"], "color": "#00C853"}}, {"type": "Feature", "geometry": {"type": "Point", "coordinates": [61.0, 9.0]}, "properties": {"risk_score": 0.2, "risk_category": "safe", "sst": 29.36, "current_speed": 0.179, "factors": ["elevated_sst"], "color": "#00C853"}}, {"type": "Feature", "geometry": {"type": "Point", "coordinates": [95.0, 22.0]}, "properties": {"risk_score": 0.0, "risk_category": "safe", "sst": 28.9, "current_speed": 0.214, "factors": [], "color": "#00C853"}}, {"type": "Feature", "geometry": {"type": "Point", "coordinates": [91.0, -2.0]}, "properties": {"risk_score": 0.2, "risk_category": "safe", "sst": 29.45, "current_speed": 0.35, "factors": ["elevated_sst"], "color": "#00C853"}}, {"type": "Feature", "geometry": {"type": "Point", "coordinates": [67.0, -5.0]}, "properties": {"risk_score": 0.2, "risk_category": "safe", "sst": 29.43, "current_speed": 0.287, "factors": ["elevated_sst"], "color": "#00C853"}}, {"type": "Feature", "geometry": {"type": "Point", "coordinates": [57.0, 9.0]}, "properties": {"risk_score": 0.2, "risk_category": "safe", "sst": 29.36, "current_speed": 0.165, "factors": ["elevated_sst"], "color": "#00C853"}}, {"type": "Feature", "geometry": {"type": "Point", "coordinates": [87.0, -3.0]}, "properties": {"risk_score": 0.4, "risk_category": "caution", "sst": 29.45, "current_speed": 0.357, "factors": ["elevated_sst", "cyclone_in_region"], "color": "#FFD600"}}, {"type": "Feature", "geometry": {"type": "Point", "coordinates": [82.0, 15.0]}, "properties": {"risk_score": 0.2, "risk_category": "safe", "sst": 29.19, "current_speed": 0.247, "factors": ["elevated_sst"], "color": "#00C853"}}, {"type": "Feature", "geometry": {"type": "Point", "coordinates": [57.0, 25.0]}, "properties": {"risk_score": 0.0, "risk_category": "safe", "sst": 28.74, "current_speed": 0.187, "factors": [], "color": "#00C853"}}, {"type": "Feature", "geometry": {"type": "Point", "coordinates": [59.0, 21.0]}, "properties": {"risk_score": 0.0, "risk_category": "safe", "sst": 28.94, "current_speed": 0.193, "factors": [], "color": "#00C853"}}, {"type": "Feature", "geometry": {"type": "Point", "coordinates": [96.0, 6.0]}, "properties": {"risk_score": 0.2, "risk_category": "safe", "sst": 29.41, "current_speed": 0.288, "factors": ["elevated_sst"], "color": "#00C853"}}, {"type": "Feature", "geometry": {"type": "Point", "coordinates": [87.0, -4.0]}, "properties": {"risk_score": 0.4, "risk_category": "caution", "sst": 29.44, "current_speed": 0.366, "factors": ["elevated_sst", "cyclone_in_region"], "color": "#FFD600"}}, {"type": "Feature", "geometry": {"type": "Point", "coordinates": [100.0, 9.0]}, "properties": {"risk_score": 0.2, "risk_category": "safe", "sst": 29.36, "current_speed": 0.264, "factors": ["elevated_sst"], "color": "#00C853"}}, {"type": "Feature", "geometry": {"type": "Point", "coordinates": [86.0, 10.0]}, "properties": {"risk_score": 0.2, "risk_category": "safe", "sst": 29.34, "current_speed": 0.273, "factors": ["elevated_sst"], "color": "#00C853"}}, {"type": "Feature", "geometry": {"type": "Point", "coordinates": [95.0, 14.0]}, "properties": {"risk_score": 0.2, "risk_category": "safe", "sst": 29.22, "current_speed": 0.256, "factors": ["elevated_sst"], "color": "#00C853"}}, {"type": "Feature", "geometry": {"type": "Point", "coordinates": [99.0, 25.0]}, "properties": {"risk_score": 0.0, "risk_category": "safe", "sst": 28.74, "current_speed": 0.185, "factors": [], "color": "#00C853"}}, {"type": "Feature", "geometry": {"type": "Point", "coordinates": [71.0, -10.0]}, "properties": {"risk_score": 0.2, "risk_category": "safe", "sst": 29.34, "current_speed": 0.355, "factors": ["elevated_sst"], "color": "#00C853"}}, {"type": "Feature", "geometry": {"type": "Point", "coordinates": [51.0, -7.0]}, "properties": {"risk_score": 0.2, "risk_category": "safe", "sst": 29.4, "current_speed": 0.186, "factors": ["elevated_sst"], "color": "#00C853"}}, {"type": "Feature", "geometry": {"type": "Point", "coordinates": [95.0, -7.0]}, "properties": {"risk_score": 0.7, "risk_category": "danger", "sst": 29.4, "current_speed": 0.387, "factors": ["elevated_sst", "active_cyclone_nearby"], "color": "#D50000"}}, {"type": "Feature", "geometry": {"type": "Point", "coordinates": [69.0, 15.0]}, "properties": {"risk_score": 0.2, "risk_category": "safe", "sst": 29.19, "current_speed": 0.209, "factors": ["elevated_sst"], "color": "#00C853"}}, {"type": "Feature", "geometry": {"type": "Point", "coordinates": [78.0, 1.0]}, "properties": {"risk_score": 0.2, "risk_category": "safe", "sst": 29.46, "current_speed": 0.301, "factors": ["elevated_sst"], "color": "#00C853"}}, {"type": "Feature", "geometry": {"type": "Point", "coordinates": [65.0, -5.0]}, "properties": {"risk_score": 0.2, "risk_category": "safe", "sst": 29.43, "current_speed": 0.273, "factors": ["elevated_sst"], "color": "#00C853"}}, {"type": "Feature", "geometry": {"type": "Point", "coordinates": [69.0, 6.0]}, "properties": {"risk_score": 0.2, "risk_category": "safe", "sst": 29.41, "current_speed": 0.225, "factors": ["elevated_sst"], "color": "#00C853"}}, {"type": "Feature", "geometry": {"type": "Point", "coordinates": [89.0, 11.0]}, "properties": {"risk_score": 0.2, "risk_category": "safe", "sst": 29.31, "current_speed": 0.271, "factors": ["elevated_sst"], "color": "#00C853"}}, {"type": "Feature", "geometry": {"type": "Point", "coordinates": [54.0, 16.0]}, "properties": {"risk_score": 0.2, "risk_category": "safe", "sst": 29.15, "current_speed": 0.196, "factors": ["elevated_sst"], "color": "#00C853"}}, {"type": "Feature", "geometry": {"type": "Point", "coordinates": [71.0, -5.0]}, "properties": {"risk_score": 0.2, "risk_category": "safe", "sst": 29.43, "current_speed": 0.313, "factors": ["elevated_sst"], "color": "#00C853"}}, {"type": "Feature", "geometry": {"type": "Point", "coordinates": [82.0, 21.0]}, "properties": {"risk_score": 0.0, "risk_category": "safe", "sst": 28.94, "current_speed": 0.217, "factors": [], "color": "#00C853"}}, {"type": "Feature", "geometry": {"type": "Point", "coordinates": [84.0, -10.0]}, "properties": {"risk_score": 0.7, "risk_category": "danger", "sst": 29.34, "current_speed": 0.408, "factors": ["elevated_sst", "active_cyclone_nearby"], "color": "#D50000"}}, {"type": "Feature", "geometry": {"type": "Point", "coordinates": [92.0, 2.0]}, "properties": {"risk_score": 0.2, "risk_category": "safe", "sst": 29.45, "current_speed": 0.319, "factors": ["elevated_sst"], "color": "#00C853"}}, {"type": "Feature", "geometry": {"type": "Point", "coordinates": [51.0, 23.0]}, "properties": {"risk_score": 0.0, "risk_category": "safe", "sst": 28.85, "current_speed": 0.218, "factors": [], "color": "#00C853"}}, {"type": "Feature", "geometry": {"type": "Point", "coordinates": [87.0, 3.0]}, "properties": {"risk_score": 0.2, "risk_category": "safe", "sst": 29.45, "current_speed": 0.311, "factors": ["elevated_sst"], "color": "#00C853"}}, {"type": "Feature", "geometry": {"type": "Point", "coordinates": [64.0, 25.0]}, "properties": {"risk_score": 0.0, "risk_category": "safe", "sst": 28.74, "current_speed": 0.169, "factors": [], "color": "#00C853"}}, {"type": "Feature", "geometry": {"type": "Point", "coordinates": [66.0, 1.0]}, "properties": {"risk_score": 0.2, "risk_category": "safe", "sst": 29.46, "current_speed": 0.232, "factors": ["elevated_sst"], "color": "#00C853"}}, {"type": "Feature", "geometry": {"type": "Point", "coordinates": [67.0, 7.0]}, "properties": {"risk_score": 0.2, "risk_category": "safe", "sst": 29.4, "current_speed": 0.211, "factors": ["elevated_sst"], "color": "#00C853"}}, {"type": "Feature", "geometry": {"type": "Point", "coordinates": [92.0, 8.0]}, "properties": {"risk_score": 0.2, "risk_category": "safe", "sst": 29.38, "current_speed": 0.284, "factors": ["elevated_sst"], "color": "#00C853"}}, {"type": "Feature", "geometry": {"type": "Point", "coordinates": [73.0, -6.0]}, "properties": {"risk_score": 0.2, "risk_category": "safe", "sst": 29.41, "current_speed": 0.334, "factors": ["elevated_sst"], "color": "#00C853"}}, {"type": "Feature", "geometry": {"type": "Point", "coordinates": [79.0, 17.0]}, "properties": {"risk_score": 0.2, "risk_category": "safe", "sst": 29.12, "current_speed": 0.233, "factors": ["elevated_sst"], "color": "#00C853"}}, {"type": "Feature", "geometry": {"type": "Point", "coordinates": [55.0, 25.0]}, "properties": {"risk_score": 0.0, "risk_category": "safe", "sst": 28.74, "current_speed": 0.195, "factors": [], "color": "#00C853"}}, {"type": "Feature", "geometry": {"type": "Point", "coordinates": [59.0, 16.0]}, "properties": {"risk_score": 0.2, "risk_category": "safe", "sst": 29.15, "current_speed": 0.191, "factors": ["elevated_sst"], "color": "#00C853"}}, {"type": "Feature", "geometry": {"type": "Point", "coordinates": [90.0, 19.0]}, "properties": {"risk_score": 0.2, "risk_category": "safe", "sst": 29.03, "current_speed": 0.236, "factors": ["elevated_sst"], "color": "#00C853"}}, {"type": "Feature", "geometry": {"type": "Point", "coordinates": [58.0, 13.0]}, "properties": {"risk_score": 0.2, "risk_category": "safe", "sst": 29.26, "current_speed": 0.182, "factors": ["elevated_sst"], "color": "#00C853"}}, {"type": "Feature", "geometry": {"type": "Point", "coordinates": [99.0, -9.0]}, "properties": {"risk_score": 0.7, "risk_category": "danger", "sst": 29.36, "current_speed": 0.393, "factors": ["elevated_sst", "active_cyclone_nearby"], "color": "#D50000"}}, {"type": "Feature", "geometry": {"type": "Point", "coordinates": [63.0, -7.0]}, "properties": {"risk_score": 0.2, "risk_category": "safe", "sst": 29.4, "current_speed": 0.277, "factors": ["elevated_sst"], "color": "#00C853"}}, {"type": "Feature", "geometry": {"type": "Point", "coordinates": [80.0, 0.0]}, "properties": {"risk_score": 0.2, "risk_category": "safe", "sst": 29.46, "current_speed": 0.316, "factors": ["elevated_sst"], "color": "#00C853"}}, {"type": "Feature", "geometry": {"type": "Point", "coordinates": [70.0, 4.0]}, "properties": {"risk_score": 0.2, "risk_category": "safe", "sst": 29.44, "current_speed": 0.24, "factors": ["elevated_sst"], "color": "#00C853"}}, {"type": "Feature", "geometry": {"type": "Point", "coordinates": [85.0, 23.0]}, "properties": {"risk_score": 0.0, "risk_category": "safe", "sst": 28.85, "current_speed": 0.207, "factors": [], "color": "#00C853"}}, {"type": "Feature", "geometry": {"type": "Point", "coordinates": [66.0, -10.0]}, "properties": {"risk_score": 0.2, "risk_category": "safe", "sst": 29.34, "current_speed": 0.324, "factors": ["elevated_sst"], "color": "#00C853"}}, {"type": "Feature", "geometry": {"type": "Point", "coordinates": [77.0, -1.0]}, "properties": {"risk_score": 0.2, "risk_category": "safe", "sst": 29.46, "current_speed": 0.312, "factors": ["elevated_sst"], "color": "#00C853"}}, {"type": "Feature", "geometry": {"type": "Point", "coordinates": [50.0, 0.0]}, "properties": {"risk_score": 0.2, "risk_category": "safe", "sst": 29.46, "current_speed": 0.122, "factors": ["elevated_sst"], "color": "#00C853"}}, {"type": "Feature", "geometry": {"type": "Point", "coordinates": [95.0, 6.0]}, "properties": {"risk_score": 0.2, "risk_category": "safe", "sst": 29.41, "current_speed": 0.29, "factors": ["elevated_sst"], "color": "#00C853"}}, {"type": "Feature", "geometry": {"type": "Point", "coordinates": [78.0, 10.0]}, "properties": {"risk_score": 0.2, "risk_category": "safe", "sst": 29.34, "current_speed": 0.253, "factors": ["elevated_sst"], "color": "#00C853"}}, {"type": "Feature", "geometry": {"type": "Point", "coordinates": [73.0, 1.0]}, "properties": {"risk_score": 0.2, "risk_category": "safe", "sst": 29.46, "current_speed": 0.276, "factors": ["elevated_sst"], "color": "#00C853"}}, {"type": "Feature", "geometry": {"type": "Point", "coordinates": [79.0, -1.0]}, "properties": {"risk_score": 0.2, "risk_category": "safe", "sst": 29.46, "current_speed": 0.32, "factors": ["elevated_sst"], "color": "#00C853"}}, {"type": "Feature", "geometry": {"type": "Point", "coordinates": [86.0, -1.0]}, "properties": {"risk_score": 0.2, "risk_category": "safe", "sst": 29.46, "current_speed": 0.339, "factors": ["elevated_sst"], "color": "#00C853"}}, {"type": "Feature", "geometry": {"type": "Point", "coordinates": [84.0, 12.0]}, "properties": {"risk_score": 0.2, "risk_category": "safe", "sst": 29.29, "current_speed": 0.262, "factors": ["elevated_sst"], "color": "#00C853"}}, {"type": "Feature", "geometry": {"type": "Point", "coordinates": [64.0, 20.0]}, "properties": {"risk_score": 0.0, "risk_category": "safe", "sst": 28.99, "current_speed": 0.192, "factors": [], "color": "#00C853"}}, {"type": "Feature", "geometry": {"type": "Point", "coordinates": [60.0, 17.0]}, "properties": {"risk_score": 0.2, "risk_category": "safe", "sst": 29.12, "current_speed": 0.193, "factors": ["elevated_sst"], "color": "#00C853"}}, {"type": "Feature", "geometry": {"type": "Point", "coordinates": [91.0, -5.0]}, "properties": {"risk_score": 0.4, "risk_category": "caution", "sst": 29.43, "current_speed": 0.375, "factors": ["elevated_sst", "cyclone_in_region"], "color": "#FFD600"}}, {"type": "Feature", "geometry": {"type": "Point", "coordinates": [59.0, 11.0]}, "properties": {"risk_score": 0.2, "risk_category": "safe", "sst": 29.31, "current_speed": 0.177, "factors": ["elevated_sst"], "color": "#00C853"}}, {"type": "Feature", "geometry": {"type": "Point", "coordinates": [82.0, -10.0]}, "properties": {"risk_score": 0.7, "risk_category": "danger", "sst": 29.34, "current_speed": 0.403, "factors": ["elevated_sst", "active_cyclone_nearby"], "color": "#D50000"}}, {"type": "Feature", "geometry": {"type": "Point", "coordinates": [81.0, -4.0]}, "properties": {"risk_score": 0.4, "risk_category": "caution", "sst": 29.44, "current_speed": 0.352, "factors": ["elevated_sst", "cyclone_in_region"], "color": "#FFD600"}}, {"type": "Feature", "geometry": {"type": "Point", "coordinates": [56.0, 1.0]}, "properties": {"risk_score": 0.2, "risk_category": "safe", "sst": 29.46, "current_speed": 0.159, "factors": ["elevated_sst"], "color": "#00C853"}}, {"type": "Feature", "geometry": {"type": "Point", "coordinates": [79.0, -6.0]}, "properties": {"risk_score": 0.4, "risk_category": "caution", "sst": 29.41, "current_speed": 0.362, "factors": ["elevated_sst", "cyclone_in_region"], "color": "#FFD600"}}, {"type": "Feature", "geometry": {"type": "Point", "coordinates": [97.0, 13.0]}, "properties": {"risk_score": 0.2, "risk_category": "safe", "sst": 29.26, "current_speed": 0.256, "factors": ["elevated_sst"], "color": "#00C853"}}, {"type": "Feature", "geometry": {"type": "Point", "coordinates": [59.0, 7.0]}, "properties": {"risk_score": 0.2, "risk_category": "safe", "sst": 29.4, "current_speed": 0.168, "factors": ["elevated_sst"], "color": "#00C853"}}, {"type": "Feature", "geometry": {"type": "Point", "coordinates": [74.0, -5.0]}, "properties": {"risk_score": 0.2, "risk_category": "safe", "sst": 29.43, "current_speed": 0.331, "factors": ["elevated_sst"], "color": "#00C853"}}, {"type": "Feature", "geometry": {"type": "Point", "coordinates": [68.0, -6.0]}, "properties": {"risk_score": 0.2, "risk_category": "safe", "sst": 29.41, "current_speed": 0.303, "factors": ["elevated_sst"], "color": "#00C853"}}, {"type": "Feature", "geometry": {"type": "Point", "coordinates": [80.0, 24.0]}, "properties": {"risk_score": 0.0, "risk_category": "safe", "sst": 28.8, "current_speed": 0.192, "factors": [], "color": "#00C853"}}, {"type": "Feature", "geometry": {"type": "Point", "coordinates": [81.0, 20.0]}, "properties": {"risk_score": 0.0, "risk_category": "safe", "sst": 28.99, "current_speed": 0.222, "factors": [], "color": "#00C853"}}, {"type": "Feature", "geometry": {"type": "Point", "coordinates": [87.0, 25.0]}, "properties": {"risk_score": 0.0, "risk_category": "safe", "sst": 28.74, "current_speed": 0.191, "factors": [], "color": "#00C853"}}, {"type": "Feature", "geometry": {"type": "Point", "coordinates": [91.0, 22.0]}, "properties": {"risk_score": 0.0, "risk_category": "safe", "sst": 28.9, "current_speed": 0.217, "factors": [], "color": "#00C853"}}, {"type": "Feature", "geometry": {"type": "Point", "coordinates": [56.0, -2.0]}, "properties": {"risk_score": 0.2, "risk_category": "safe", "sst": 29.45, "current_speed": 0.178, "factors": ["elevated_sst"], "color": "#00C853"}}, {"type": "Feature", "geometry": {"type": "Point", "coordinates": [91.0, 11.0]}, "properties": {"risk_score": 0.2, "risk_category": "safe", "sst": 29.31, "current_speed": 0.271, "factors": ["elevated_sst"], "color": "#00C853"}}, {"type": "Feature", "geometry": {"type": "Point", "coordinates": [77.0, 9.0]}, "properties": {"risk_score": 0.2, "risk_category": "safe", "sst": 29.36, "current_speed": 0.253, "factors": ["elevated_sst"], "color": "#00C853"}}, {"type": "Feature", "geometry": {"type": "Point", "coordinates": [62.0, 1.0]}, "properties": {"risk_score": 0.2, "risk_category": "safe", "sst": 29.46, "current_speed": 0.203, "factors": ["elevated_sst"], "color": "#00C853"}}, {"type": "Feature", "geometry": {"type": "Point", "coordinates": [92.0, -5.0]}, "properties": {"risk_score": 0.4, "risk_category": "caution", "sst": 29.43, "current_speed": 0.375, "factors": ["elevated_sst", "cyclone_in_region"], "color": "#FFD600"}}, {"type": "Feature", "geometry": {"type": "Point", "coordinates": [56.0, -1.0]}, "properties": {"risk_score": 0.2, "risk_category": "safe", "sst": 29.46, "current_speed": 0.171, "factors": ["elevated_sst"], "color": "#00C853"}}, {"type": "Feature", "geometry": {"type": "Point", "coordinates": [66.0, 6.0]}, "properties": {"risk_score": 0.2, "risk_category": "safe", "sst": 29.41, "current_speed": 0.208, "factors": ["elevated_sst"], "color": "#00C853"}}, {"type": "Feature", "geometry": {"type": "Point", "coordinates": [95.0, -9.0]}, "properties": {"risk_score": 0.7, "risk_category": "danger", "sst": 29.36, "current_speed": 0.403, "factors": ["elevated_sst", "active_cyclone_nearby"], "color": "#D50000"}}, {"type": "Feature", "geometry": {"type": "Point", "coordinates": [97.0, -7.0]}, "properties": {"risk_score": 0.7, "risk_category": "danger", "sst": 29.4, "current_speed": 0.383, "factors": ["elevated_sst", "active_cyclone_nearby"], "color": "#D50000"}}, {"type": "Feature", "geometry": {"type": "Point", "coordinates": [54.0, 9.0]}, "properties": {"risk_score": 0.2, "risk_category": "safe", "sst": 29.36, "current_speed": 0.159, "factors": ["elevated_sst"], "color": "#00C853"}}, {"type": "Feature", "geometry": {"type": "Point", "coordinates": [50.0, -9.0]}, "properties": {"risk_score": 0.2, "risk_category": "safe", "sst": 29.36, "current_speed": 0.199, "factors": ["elevated_sst"], "color": "#00C853"}}, {"type": "Feature", "geometry": {"type": "Point", "coordinates": [98.0, 3.0]}, "properties": {"risk_score": 0.2, "risk_category": "safe", "sst": 29.45, "current_speed": 0.301, "factors": ["elevated_sst"], "color": "#00C853"}}, {"type": "Feature", "geometry": {"type": "Point", "coordinates": [73.0, -8.0]}, "properties": {"risk_score": 0.2, "risk_category": "safe", "sst": 29.38, "current_speed": 0.351, "factors": ["elevated_sst"], "color": "#00C853"}}, {"type": "Feature", "geometry": {"type": "Point", "coordinates": [100.0, 14.0]}, "properties": {"risk_score": 0.2, "risk_category": "safe", "sst": 29.22, "current_speed": 0.246, "factors": ["elevated_sst"], "color": "#00C853"}}, {"type": "Feature", "geometry": {"type": "Point", "coordinates": [67.0, 24.0]}, "properties": {"risk_score": 0.0, "risk_category": "safe", "sst": 28.8, "current_speed": 0.174, "factors": [], "color": "#00C853"}}, {"type": "Feature", "geometry": {"type": "Point", "coordinates": [53.0, 14.0]}, "properties": {"risk_score": 0.2, "risk_category": "safe", "sst": 29.22, "current_speed": 0.189, "factors": ["elevated_sst"], "color": "#00C853"}}, {"type": "Feature", "geometry": {"type": "Point", "coordinates": [81.0, 1.0]}, "properties": {"risk_score": 0.2, "risk_category": "safe", "sst": 29.46, "current_speed": 0.312, "factors": ["elevated_sst"], "color": "#00C853"}}, {"type": "Feature", "geometry": {"type": "Point", "coordinates": [69.0, 0.0]}, "properties": {"risk_score": 0.2, "risk_category": "safe", "sst": 29.46, "current_speed": 0.259, "factors": ["elevated_sst"], "color": "#00C853"}}, {"type": "Feature", "geometry": {"type": "Point", "coordinates": [95.0, 5.0]}, "properties": {"risk_score": 0.2, "risk_category": "safe", "sst": 29.43, "current_speed": 0.296, "factors": ["elevated_sst"], "color": "#00C853"}}, {"type": "Feature", "geometry": {"type": "Point", "coordinates": [99.0, 8.0]}, "properties": {"risk_score": 0.2, "risk_category": "safe", "sst": 29.38, "current_speed": 0.271, "factors": ["elevated_sst"], "color": "#00C853"}}, {"type": "Feature", "geometry": {"type": "Point", "coordinates": [73.0, 19.0]}, "properties": {"risk_score": 0.2, "risk_category": "safe", "sst": 29.03, "current_speed": 0.209, "factors": ["elevated_sst"], "color": "#00C853"}}, {"type": "Feature", "geometry": {"type": "Point", "coordinates": [63.0, 25.0]}, "properties": {"risk_score": 0.0, "risk_category": "safe", "sst": 28.74, "current_speed": 0.171, "factors": [], "color": "#00C853"}}, {"type": "Feature", "geometry": {"type": "Point", "coordinates": [99.0, 2.0]}, "properties": {"risk_score": 0.2, "risk_category": "safe", "sst": 29.45, "current_speed": 0.305, "factors": ["elevated_sst"], "color": "#00C853"}}, {"type": "Feature", "geometry": {"type": "Point", "coordinates": [81.0, -1.0]}, "properties": {"risk_score": 0.2, "risk_category": "safe", "sst": 29.46, "current_speed": 0.327, "factors": ["elevated_sst"], "color": "#00C853"}}, {"type": "Feature", "geometry": {"type": "Point", "coordinates": [60.0, 18.0]}, "properties": {"risk_score": 0.2, "risk_category": "safe", "sst": 29.08, "current_speed": 0.194, "factors": ["elevated_sst"], "color": "#00C853"}}, {"type": "Feature", "geometry": {"type": "Point", "coordinates": [67.0, 21.0]}, "properties": {"risk_score": 0.0, "risk_category": "safe", "sst": 28.94, "current_speed": 0.19, "factors": [], "color": "#00C853"}}, {"type": "Feature", "geometry": {"type": "Point", "coordinates": [63.0, 23.0]}, "properties": {"risk_score": 0.0, "risk_category": "safe", "sst": 28.85, "current_speed": 0.181, "factors": [], "color": "#00C853"}}, {"type": "Feature", "geometry": {"type": "Point", "coordinates": [88.0, 16.0]}, "properties": {"risk_score": 0.2, "risk_category": "safe", "sst": 29.15, "current_speed": 0.251, "factors": ["elevated_sst"], "color": "#00C853"}}, {"type": "Feature", "geometry": {"type": "Point", "coordinates": [81.0, 22.0]}, "properties": {"risk_score": 0.0, "risk_category": "safe", "sst": 28.9, "current_speed": 0.209, "factors": [], "color": "#00C853"}}, {"type": "Feature", "geometry": {"type": "Point", "coordinates": [72.0, -3.0]}, "properties": {"risk_score": 0.2, "risk_category": "safe", "sst": 29.45, "current_speed": 0.302, "factors": ["elevated_sst"], "color": "#00C853"}}, {"type": "Feature", "geometry": {"type": "Point", "coordinates": [99.0, 13.0]}, "properties": {"risk_score": 0.2, "risk_category": "safe", "sst": 29.26, "current_speed": 0.252, "factors": ["elevated_sst"], "color": "#00C853"}}, {"type": "Feature", "geometry": {"type": "Point", "coordinates": [94.0, -6.0]}, "properties": {"risk_score": 0.7, "risk_category": "danger", "sst": 29.41, "current_speed": 0.381, "factors": ["elevated_sst", "active_cyclone_nearby"], "color": "#D50000"}}, {"type": "Feature", "geometry": {"type": "Point", "coordinates": [69.0, -2.0]}, "properties": {"risk_score": 0.2, "risk_category": "safe", "sst": 29.45, "current_speed": 0.275, "factors": ["elevated_sst"], "color": "#00C853"}}, {"type": "Feature", "geometry": {"type": "Point", "coordinates": [77.0, 22.0]}, "properties": {"risk_score": 0.0, "risk_category": "safe", "sst": 28.9, "current_speed": 0.202, "factors": [], "color": "#00C853"}}, {"type": "Feature", "geometry": {"type": "Point", "coordinates": [84.0, 6.0]}, "properties": {"risk_score": 0.2, "risk_category": "safe", "sst": 29.41, "current_speed": 0.288, "factors": ["elevated_sst"], "color": "#00C853"}}, {"type": "Feature", "geometry": {"type": "Point", "coordinates": [74.0, 20.0]}, "properties": {"risk_score": 0.0, "risk_category": "safe", "sst": 28.99, "current_speed": 0.207, "factors": [], "color": "#00C853"}}, {"type": "Feature", "geometry": {"type": "Point", "coordinates": [53.0, 7.0]}, "properties": {"risk_score": 0.2, "risk_category": "safe", "sst": 29.4, "current_speed": 0.146, "factors": ["elevated_sst"], "color": "#00C853"}}, {"type": "Feature", "geometry": {"type": "Point", "coordinates": [86.0, 0.0]}, "properties": {"risk_score": 0.2, "risk_category": "safe", "sst": 29.46, "current_speed": 0.332, "factors": ["elevated_sst"], "color": "#00C853"}}, {"type": "Feature", "geometry": {"type": "Point", "coordinates": [58.0, -10.0]}, "properties": {"risk_score": 0.2, "risk_category": "safe", "sst": 29.34, "current_speed": 0.267, "factors": ["elevated_sst"], "color": "#00C853"}}, {"type": "Feature", "geometry": {"type": "Point", "coordinates": [72.0, 11.0]}, "properties": {"risk_score": 0.2, "risk_category": "safe", "sst": 29.31, "current_speed": 0.227, "factors": ["elevated_sst"], "color": "#00C853"}}, {"type": "Feature", "geometry": {"type": "Point", "coordinates": [93.0, -5.0]}, "properties": {"risk_score": 0.4, "risk_category": "caution", "sst": 29.43, "current_speed": 0.374, "factors": ["elevated_sst", "cyclone_in_region"], "color": "#FFD600"}}, {"type": "Feature", "geometry": {"type": "Point", "coordinates": [81.0, 12.0]}, "properties": {"risk_score": 0.2, "risk_category": "safe", "sst": 29.29, "current_speed": 0.256, "factors": ["elevated_sst"], "color": "#00C853"}}, {"type": "Feature", "geometry": {"type": "Point", "coordinates": [70.0, 9.0]}, "properties": {"risk_score": 0.2, "risk_category": "safe", "sst": 29.36, "current_speed": 0.222, "factors": ["elevated_sst"], "color": "#00C853"}}, {"type": "Feature", "geometry": {"type": "Point", "coordinates": [91.0, -7.0]}, "properties": {"risk_score": 0.7, "risk_category": "danger", "sst": 29.4, "current_speed": 0.392, "factors": ["elevated_sst", "active_cyclone_nearby"], "color": "#D50000"}}, {"type": "Feature", "geometry": {"type": "Point", "coordinates": [71.0, -8.0]}, "properties": {"risk_score": 0.2, "risk_category": "safe", "sst": 29.38, "current_speed": 0.339, "factors": ["elevated_sst"], "color": "#00C853"}}, {"type": "Feature", "geometry": {"type": "Point", "coordinates": [68.0, 21.0]}, "properties": {"risk_score": 0.0, "risk_category": "safe", "sst": 28.94, "current_speed": 0.191, "factors": [], "color": "#00C853"}}, {"type": "Feature", "geometry": {"type": "Point", "coordinates": [95.0, 23.0]}, "properties": {"risk_score": 0.0, "risk_category": "safe", "sst": 28.85, "current_speed": 0.207, "factors": [], "color": "#00C853"}}, {"type": "Feature", "geometry": {"type": "Point", "coordinates": [81.0, 4.0]}, "properties": {"risk_score": 0.2, "risk_category": "safe", "sst": 29.44, "current_speed": 0.292, "factors": ["elevated_sst"], "color": "#00C853"}}, {"type": "Feature", "geometry": {"type": "Point", "coordinates": [97.0, 11.0]}, "properties": {"risk_score": 0.2, "risk_category": "safe", "sst": 29.31, "current_speed": 0.264, "factors": ["elevated_sst"], "color": "#00C853"}}, {"type": "Feature", "geometry": {"type": "Point", "coordinates": [59.0, -5.0]}, "properties": {"risk_score": 0.2, "risk_category": "safe", "sst": 29.43, "current_speed": 0.228, "factors": ["elevated_sst"], "color": "#00C853"}}, {"type": "Feature", "geometry": {"type": "Point", "coordinates": [66.0, 10.0]}, "properties": {"risk_score": 0.2, "risk_category": "safe", "sst": 29.34, "current_speed": 0.202, "factors": ["elevated_sst"], "color": "#00C853"}}, {"type": "Feature", "geometry": {"type": "Point", "coordinates": [50.0, 20.0]}, "properties": {"risk_score": 0.0, "risk_category": "safe", "sst": 28.99, "current_speed": 0.222, "factors": [], "color": "#00C853"}}, {"type": "Feature", "geometry": {"type": "Point", "coordinates": [83.0, -5.0]}, "properties": {"risk_score": 0.4, "risk_category": "caution", "sst": 29.43, "current_speed": 0.367, "factors": ["elevated_sst", "cyclone_in_region"], "color": "#FFD600"}}, {"type": "Feature", "geometry": {"type": "Point", "coordinates": [72.0, -2.0]}, "properties": {"risk_score": 0.2, "risk_category": "safe", "sst": 29.45, "current_speed": 0.294, "factors": ["elevated_sst"], "color": "#00C853"}}, {"type": "Feature", "geometry": {"type": "Point", "coordinates": [74.0, 8.0]}, "properties": {"risk_score": 0.2, "risk_category": "safe", "sst": 29.38, "current_speed": 0.244, "factors": ["elevated_sst"], "color": "#00C853"}}, {"type": "Feature", "geometry": {"type": "Point", "coordinates": [56.0, 6.0]}, "properties": {"risk_score": 0.2, "risk_category": "safe", "sst": 29.41, "current_speed": 0.153, "factors": ["elevated_sst"], "color": "#00C853"}}, {"type": "Feature", "geometry": {"type": "Point", "coordinates": [56.0, -5.0]}, "properties": {"risk_score": 0.2, "risk_category": "safe", "sst": 29.43, "current_speed": 0.205, "factors": ["elevated_sst"], "color": "#00C853"}}, {"type": "Feature", "geometry": {"type": "Point", "coordinates": [69.0, -9.0]}, "properties": {"risk_score": 0.2, "risk_category": "safe", "sst": 29.36, "current_speed": 0.335, "factors": ["elevated_sst"], "color": "#00C853"}}, {"type": "Feature", "geometry": {"type": "Point", "coordinates": [87.0, -9.0]}, "properties": {"risk_score": 0.7, "risk_category": "danger", "sst": 29.36, "current_speed": 0.406, "factors": ["elevated_sst", "active_cyclone_nearby"], "color": "#D50000"}}, {"type": "Feature", "geometry": {"type": "Point", "coordinates": [70.0, -3.0]}, "properties": {"risk_score": 0.2, "risk_category": "safe", "sst": 29.45, "current_speed": 0.29, "factors": ["elevated_sst"], "color": "#00C853"}}, {"type": "Feature", "geometry": {"type": "Point", "coordinates": [99.0, 1.0]}, "properties": {"risk_score": 0.2, "risk_category": "safe", "sst": 29.46, "current_speed": 0.312, "factors": ["elevated_sst"], "color": "#00C853"}}, {"type": "Feature", "geometry": {"type": "Point", "coordinates": [91.0, 1.0]}, "properties": {"risk_score": 0.2, "risk_category": "safe", "sst": 29.46, "current_speed": 0.327, "factors": ["elevated_sst"], "color": "#00C853"}}, {"type": "Feature", "geometry": {"type": "Point", "coordinates": [68.0, 9.0]}, "properties": {"risk_score": 0.2, "risk_category": "safe", "sst": 29.36, "current_speed": 0.212, "factors": ["elevated_sst"], "color": "#00C853"}}, {"type": "Feature", "geometry": {"type": "Point", "coordinates": [58.0, 7.0]}, "properties": {"risk_score": 0.2, "risk_category": "safe", "sst": 29.4, "current_speed": 0.163, "factors": ["elevated_sst"], "color": "#00C853"}}, {"type": "Feature", "geometry": {"type": "Point", "coordinates": [86.0, 14.0]}, "properties": {"risk_score": 0.2, "risk_category": "safe", "sst": 29.22, "current_speed": 0.257, "factors": ["elevated_sst"], "color": "#00C853"}}, {"type": "Feature", "geometry": {"type": "Point", "coordinates": [77.0, 20.0]}, "properties": {"risk_score": 0.0, "risk_category": "safe", "sst": 28.99, "current_speed": 0.214, "factors": [], "color": "#00C853"}}, {"type": "Feature", "geometry": {"type": "Point", "coordinates": [96.0, 13.0]}, "properties": {"risk_score": 0.2, "risk_category": "safe", "sst": 29.26, "current_speed": 0.258, "factors": ["elevated_sst"], "color": "#00C853"}}, {"type": "Feature", "geometry": {"type": "Point", "coordinates": [83.0, 15.0]}, "properties": {"risk_score": 0.2, "risk_category": "safe", "sst": 29.19, "current_speed": 0.249, "factors": ["elevated_sst"], "color": "#00C853"}}, {"type": "Feature", "geometry": {"type": "Point", "coordinates": [76.0, 0.0]}, "properties": {"risk_score": 0.2, "risk_category": "safe", "sst": 29.46, "current_speed": 0.299, "factors": ["elevated_sst"], "color": "#00C853"}}, {"type": "Feature", "geometry": {"type": "Point", "coordinates": [86.0, -2.0]}, "properties": {"risk_score": 0.2, "risk_category": "safe", "sst": 29.45, "current_speed": 0.348, "factors": ["elevated_sst"], "color": "#00C853"}}, {"type": "Feature", "geometry": {"type": "Point", "coordinates": [76.0, -8.0]}, "properties": {"risk_score": 0.4, "risk_category": "caution", "sst": 29.38, "current_speed": 0.366, "factors": ["elevated_sst", "cyclone_in_region"], "color": "#FFD600"}}, {"type": "Feature", "geometry": {"type": "Point", "coordinates": [67.0, 6.0]}, "properties": {"risk_score": 0.2, "risk_category": "safe", "sst": 29.41, "current_speed": 0.214, "factors": ["elevated_sst"], "color": "#00C853"}}, {"type": "Feature", "geometry": {"type": "Point", "coordinates": [77.0, -2.0]}, "properties": {"risk_score": 0.2, "risk_category": "safe", "sst": 29.45, "current_speed": 0.32, "factors": ["elevated_sst"], "color": "#00C853"}}, {"type": "Feature", "geometry": {"type": "Point", "coordinates": [54.0, 18.0]}, "properties": {"risk_score": 0.2, "risk_category": "safe", "sst": 29.08, "current_speed": 0.203, "factors": ["elevated_sst"], "color": "#00C853"}}, {"type": "Feature", "geometry": {"type": "Point", "coordinates": [73.0, 20.0]}, "properties": {"risk_score": 0.0, "risk_category": "safe", "sst": 28.99, "current_speed": 0.205, "factors": [], "color": "#00C853"}}, {"type": "Feature", "geometry": {"type": "Point", "coordinates": [90.0, -10.0]}, "properties": {"risk_score": 0.7, "risk_category": "danger", "sst": 29.34, "current_speed": 0.414, "factors": ["elevated_sst", "active_cyclone_nearby"], "color": "#D50000"}}, {"type": "Feature", "geometry": {"type": "Point", "coordinates": [62.0, 5.0]}, "properties": {"risk_score": 0.2, "risk_category": "safe", "sst": 29.43, "current_speed": 0.186, "factors": ["elevated_sst"], "color": "#00C853"}}, {"type": "Feature", "geometry": {"type": "Point", "coordinates": [99.0, 7.0]}, "properties": {"risk_score": 0.2, "risk_category": "safe", "sst": 29.4, "current_speed": 0.275, "factors": ["elevated_sst"], "color": "#00C853"}}, {"type": "Feature", "geometry": {"type": "Point", "coordinates": [81.0, 2.0]}, "properties": {"risk_score": 0.2, "risk_category": "safe", "sst": 29.45, "current_speed": 0.305, "factors": ["elevated_sst"], "color": "#00C853"}}, {"type": "Feature", "geometry": {"type": "Point", "coordinates": [68.0, -3.0]}, "properties": {"risk_score": 0.2, "risk_category": "safe", "sst": 29.45, "current_speed": 0.277, "factors": ["elevated_sst"], "color": "#00C853"}}, {"type": "Feature", "geometry": {"type": "Point", "coordinates": [80.0, 6.0]}, "properties": {"risk_score": 0.2, "risk_category": "safe", "sst": 29.41, "current_speed": 0.277, "factors": ["elevated_sst"], "color": "#00C853"}}, {"type": "Feature", "geometry": {"type": "Point", "coordinates": [86.0, 19.0]}, "properties": {"risk_score": 0.2, "risk_category": "safe", "sst": 29.03, "current_speed": 0.234, "factors": ["elevated_sst"], "color": "#00C853"}}, {"type": "Feature", "geometry": {"type": "Point", "coordinates": [68.0, 24.0]}, "properties": {"risk_score": 0.0, "risk_category": "safe", "sst": 28.8, "current_speed": 0.175, "factors": [], "color": "#00C853"}}, {"type": "Feature", "geometry": {"type": "Point", "coordinates": [75.0, 23.0]}, "properties": {"risk_score": 0.0, "risk_category": "safe", "sst": 28.85, "current_speed": 0.191, "factors": [], "color": "#00C853"}}, {"type": "Feature", "geometry": {"type": "Point", "coordinates": [53.0, 19.0]}, "properties": {"risk_score": 0.2, "risk_category": "safe", "sst": 29.03, "current_speed": 0.208, "factors": ["elevated_sst"], "color": "#00C853"}}, {"type": "Feature", "geometry": {"type": "Point", "coordinates": [65.0, 4.0]}, "properties": {"risk_score": 0.2, "risk_category": "safe", "sst": 29.44, "current_speed": 0.208, "factors": ["elevated_sst"], "color": "#00C853"}}, {"type": "Feature", "geometry": {"type": "Point", "coordinates": [68.0, 23.0]}, "properties": {"risk_score": 0.0, "risk_category": "safe", "sst": 28.85, "current_speed": 0.181, "factors": [], "color": "#00C853"}}, {"type": "Feature", "geometry": {"type": "Point", "coordinates": [62.0, 12.0]}, "properties": {"risk_score": 0.2, "risk_category": "safe", "sst": 29.29, "current_speed": 0.188, "factors": ["elevated_sst"], "color": "#00C853"}}, {"type": "Feature", "geometry": {"type": "Point", "coordinates": [75.0, -6.0]}, "properties": {"risk_score": 0.2, "risk_category": "safe", "sst": 29.41, "current_speed": 0.344, "factors": ["elevated_sst"], "color": "#00C853"}}, {"type": "Feature", "geometry": {"type": "Point", "coordinates": [74.0, 0.0]}, "properties": {"risk_score": 0.2, "risk_category": "safe", "sst": 29.46, "current_speed": 0.289, "factors": ["elevated_sst"], "color": "#00C853"}}, {"type": "Feature", "geometry": {"type": "Point", "coordinates": [59.0, 2.0]}, "properties": {"risk_score": 0.2, "risk_category": "safe", "sst": 29.45, "current_speed": 0.176, "factors": ["elevated_sst"], "color": "#00C853"}}, {"type": "Feature", "geometry": {"type": "Point", "coordinates": [63.0, 5.0]}, "properties": {"risk_score": 0.2, "risk_category": "safe", "sst": 29.43, "current_speed": 0.192, "factors": ["elevated_sst"], "color": "#00C853"}}, {"type": "Feature", "geometry": {"type": "Point", "coordinates": [63.0, 22.0]}, "properties": {"risk_score": 0.0, "risk_category": "safe", "sst": 28.9, "current_speed": 0.186, "factors": [], "color": "#00C853"}}, {"type": "Feature", "geometry": {"type": "Point", "coordinates": [83.0, 1.0]}, "properties": {"risk_score": 0.2, "risk_category": "safe", "sst": 29.46, "current_speed": 0.318, "factors": ["elevated_sst"], "color": "#00C853"}}, {"type": "Feature", "geometry": {"type": "Point", "coordinates": [84.0, -7.0]}, "properties": {"risk_score": 0.7, "risk_category": "danger", "sst": 29.4, "current_speed": 0.385, "factors": ["elevated_sst", "active_cyclone_nearby"], "color": "#D50000"}}, {"type": "Feature", "geometry": {"type": "Point", "coordinates": [94.0, 8.0]}, "properties": {"risk_score": 0.2, "risk_category": "safe", "sst": 29.38, "current_speed": 0.282, "factors": ["elevated_sst"], "color": "#00C853"}}, {"type": "Feature", "geometry": {"type": "Point", "coordinates": [74.0, -10.0]}, "properties": {"risk_score": 0.2, "risk_category": "safe", "sst": 29.34, "current_speed": 0.371, "factors": ["elevated_sst"], "color": "#00C853"}}, {"type": "Feature", "geometry": {"type": "Point", "coordinates": [99.0, 6.0]}, "properties": {"risk_score": 0.2, "risk_category": "safe", "sst": 29.41, "current_speed": 0.28, "factors": ["elevated_sst"], "color": "#00C853"}}, {"type": "Feature", "geometry": {"type": "Point", "coordinates": [86.0, 13.0]}, "properties": {"risk_score": 0.2, "risk_category": "safe", "sst": 29.26, "current_speed": 0.261, "factors": ["elevated_sst"], "color": "#00C853"}}, {"type": "Feature", "geometry": {"type": "Point", "coordinates": [64.0, 10.0]}, "properties": {"risk_score": 0.2, "risk_category": "safe", "sst": 29.34, "current_speed": 0.193, "factors": ["elevated_sst"], "color": "#00C853"}}, {"type": "Feature", "geometry": {"type": "Point", "coordinates": [59.0, -6.0]}, "properties": {"risk_score": 0.2, "risk_category": "safe", "sst": 29.41, "current_speed": 0.238, "factors": ["elevated_sst"], "color": "#00C853"}}, {"type": "Feature", "geometry": {"type": "Point", "coordinates": [63.0, 20.0]}, "properties": {"risk_score": 0.0, "risk_category": "safe", "sst": 28.99, "current_speed": 0.191, "factors": [], "color": "#00C853"}}, {"type": "Feature", "geometry": {"type": "Point", "coordinates": [63.0, -6.0]}, "properties": {"risk_score": 0.2, "risk_category": "safe", "sst": 29.41, "current_speed": 0.268, "factors": ["elevated_sst"], "color": "#00C853"}}, {"type": "Feature", "geometry": {"type": "Point", "coordinates": [73.0, 9.0]}, "properties": {"risk_score": 0.2, "risk_category": "safe", "sst": 29.36, "current_speed": 0.236, "factors": ["elevated_sst"], "color": "#00C853"}}, {"type": "Feature", "geometry": {"type": "Point", "coordinates": [97.0, -1.0]}, "properties": {"risk_score": 0.2, "risk_category": "safe", "sst": 29.46, "current_speed": 0.333, "factors": ["elevated_sst"], "color": "#00C853"}}, {"type": "Feature", "geometry": {"type": "Point", "coordinates": [52.0, 15.0]}, "properties": {"risk_score": 0.2, "risk_category": "safe", "sst": 29.19, "current_speed": 0.196, "factors": ["elevated_sst"], "color": "#00C853"}}, {"type": "Feature", "geometry": {"type": "Point", "coordinates": [82.0, 1.0]}, "properties": {"risk_score": 0.2, "risk_category": "safe", "sst": 29.46, "current_speed": 0.315, "factors": ["elevated_sst"], "color": "#00C853"}}, {"type": "Feature", "geometry": {"type": "Point", "coordinates": [72.0, -5.0]}, "properties": {"risk_score": 0.2, "risk_category": "safe", "sst": 29.43, "current_speed": 0.319, "factors": ["elevated_sst"], "color": "#00C853"}}, {"type": "Feature", "geometry": {"type": "Point", "coordinates": [84.0, 15.0]}, "properties": {"risk_score": 0.2, "risk_category": "safe", "sst": 29.19, "current_speed": 0.251, "factors": ["elevated_sst"], "color": "#00C853"}}, {"type": "Feature", "geometry": {"type": "Point", "coordinates": [83.0, 6.0]}, "properties": {"risk_score": 0.2, "risk_category": "safe", "sst": 29.41, "current_speed": 0.286, "factors": ["elevated_sst"], "color": "#00C853"}}, {"type": "Feature", "geometry": {"type": "Point", "coordinates": [91.0, 16.0]}, "properties": {"risk_score": 0.2, "risk_category": "safe", "sst": 29.15, "current_speed": 0.251, "factors": ["elevated_sst"], "color": "#00C853"}}, {"type": "Feature", "geometry": {"type": "Point", "coordinates": [71.0, 4.0]}, "properties": {"risk_score": 0.2, "risk_category": "safe", "sst": 29.44, "current_speed": 0.246, "factors": ["elevated_sst"], "color": "#00C853"}}, {"type": "Feature", "geometry": {"type": "Point", "coordinates": [71.0, 5.0]}, "properties": {"risk_score": 0.2, "risk_category": "safe", "sst": 29.43, "current_speed": 0.241, "factors": ["elevated_sst"], "color": "#00C853"}}, {"type": "Feature", "geometry": {"type": "Point", "coordinates": [76.0, 21.0]}, "properties": {"risk_score": 0.0, "risk_category": "safe", "sst": 28.94, "current_speed": 0.206, "factors": [], "color": "#00C853"}}, {"type": "Feature", "geometry": {"type": "Point", "coordinates": [88.0, 19.0]}, "properties": {"risk_score": 0.2, "risk_category": "safe", "sst": 29.03, "current_speed": 0.236, "factors": ["elevated_sst"], "color": "#00C853"}}, {"type": "Feature", "geometry": {"type": "Point", "coordinates": [64.0, -2.0]}, "properties": {"risk_score": 0.2, "risk_category": "safe", "sst": 29.45, "current_speed": 0.24, "factors": ["elevated_sst"], "color": "#00C853"}}, {"type": "Feature", "geometry": {"type": "Point", "coordinates": [95.0, 15.0]}, "properties": {"risk_score": 0.2, "risk_category": "safe", "sst": 29.19, "current_speed": 0.252, "factors": ["elevated_sst"], "color": "#00C853"}}, {"type": "Feature", "geometry": {"type": "Point", "coordinates": [83.0, 20.0]}, "properties": {"risk_score": 0.0, "risk_category": "safe", "sst": 28.99, "current_speed": 0.225, "factors": [], "color": "#00C853"}}, {"type": "Feature", "geometry": {"type": "Point", "coordinates": [90.0, 21.0]}, "properties": {"risk_score": 0.0, "risk_category": "safe", "sst": 28.94, "current_speed": 0.224, "factors": [], "color": "#00C853"}}, {"type": "Feature", "geometry": {"type": "Point", "coordinates": [60.0, -6.0]}, "properties": {"risk_score": 0.2, "risk_category": "safe", "sst": 29.41, "current_speed": 0.245, "factors": ["elevated_sst"], "color": "#00C853"}}, {"type": "Feature", "geometry": {"type": "Point", "coordinates": [67.0, 16.0]}, "properties": {"risk_score": 0.2, "risk_category": "safe", "sst": 29.15, "current_speed": 0.203, "factors": ["elevated_sst"], "color": "#00C853"}}, {"type": "Feature", "geometry": {"type": "Point", "coordinates": [94.0, -2.0]}, "properties": {"risk_score": 0.2, "risk_category": "safe", "sst": 29.45, "current_speed": 0.348, "factors": ["elevated_sst"], "color": "#00C853"}}, {"type": "Feature", "geometry": {"type": "Point", "coordinates": [86.0, 23.0]}, "properties": {"risk_score": 0.0, "risk_category": "safe", "sst": 28.85, "current_speed": 0.208, "factors": [], "color": "#00C853"}}, {"type": "Feature", "geometry": {"type": "Point", "coordinates": [97.0, 8.0]}, "properties": {"risk_score": 0.2, "risk_category": "safe", "sst": 29.38, "current_speed": 0.276, "factors": ["elevated_sst"], "color": "#00C853"}}, {"type": "Feature", "geometry": {"type": "Point", "coordinates": [60.0, 22.0]}, "properties": {"risk_score": 0.0, "risk_category": "safe", "sst": 28.9, "current_speed": 0.189, "factors": [], "color": "#00C853"}}, {"type": "Feature", "geometry": {"type": "Point", "coordinates": [55.0, 23.0]}, "properties": {"risk_score": 0.0, "risk_category": "safe", "sst": 28.85, "current_speed": 0.201, "factors": [], "color": "#00C853"}}, {"type": "Feature", "geometry": {"type": "Point", "coordinates": [95.0, 19.0]}, "properties": {"risk_score": 0.2, "risk_category": "safe", "sst": 29.03, "current_speed": 0.233, "factors": ["elevated_sst"], "color": "#00C853"}}, {"type": "Feature", "geometry": {"type": "Point", "coordinates": [68.0, 8.0]}, "properties": {"risk_score": 0.2, "risk_category": "safe", "sst": 29.38, "current_speed": 0.214, "factors": ["elevated_sst"], "color": "#00C853"}}, {"type": "Feature", "geometry": {"type": "Point", "coordinates": [79.0, 23.0]}, "properties": {"risk_score": 0.0, "risk_category": "safe", "sst": 28.85, "current_speed": 0.198, "factors": [], "color": "#00C853"}}, {"type": "Feature", "geometry": {"type": "Point", "coordinates": [55.0, -7.0]}, "properties": {"risk_score": 0.2, "risk_category": "safe", "sst": 29.4, "current_speed": 0.217, "factors": ["elevated_sst"], "color": "#00C853"}}, {"type": "Feature", "geometry": {"type": "Point", "coordinates": [79.0, 2.0]}, "properties": {"risk_score": 0.2, "risk_category": "safe", "sst": 29.45, "current_speed": 0.298, "factors": ["elevated_sst"], "color": "#00C853"}}, {"type": "Feature", "geometry": {"type": "Point", "coordinates": [54.0, -1.0]}, "properties": {"risk_score": 0.2, "risk_category": "safe", "sst": 29.46, "current_speed": 0.156, "factors": ["elevated_sst"], "color": "#00C853"}}, {"type": "Feature", "geometry": {"type": "Point", "coordinates": [58.0, -8.0]}, "properties": {"risk_score": 0.2, "risk_category": "safe", "sst": 29.38, "current_speed": 0.249, "factors": ["elevated_sst"], "color": "#00C853"}}, {"type": "Feature", "geometry": {"type": "Point", "coordinates": [54.0, 10.0]}, "properties": {"risk_score": 0.2, "risk_category": "safe", "sst": 29.34, "current_speed": 0.164, "factors": ["elevated_sst"], "color": "#00C853"}}, {"type": "Feature", "geometry": {"type": "Point", "coordinates": [59.0, 17.0]}, "properties": {"risk_score": 0.2, "risk_category": "safe", "sst": 29.12, "current_speed": 0.193, "factors": ["elevated_sst"], "color": "#00C853"}}, {"type": "Feature", "geometry": {"type": "Point", "coordinates": [72.0, 7.0]}, "properties": {"risk_score": 0.2, "risk_category": "safe", "sst": 29.4, "current_speed": 0.238, "factors": ["elevated_sst"], "color": "#00C853"}}, {"type": "Feature", "geometry": {"type": "Point", "coordinates": [70.0, 12.0]}, "properties": {"risk_score": 0.2, "risk_category": "safe", "sst": 29.29, "current_speed": 0.217, "factors": ["elevated_sst"], "color": "#00C853"}}, {"type": "Feature", "geometry": {"type": "Point", "coordinates": [85.0, 17.0]}, "properties": {"risk_score": 0.2, "risk_category": "safe", "sst": 29.12, "current_speed": 0.243, "factors": ["elevated_sst"], "color": "#00C853"}}, {"type": "Feature", "geometry": {"type": "Point", "coordinates": [52.0, 14.0]}, "properties": {"risk_score": 0.2, "risk_category": "safe", "sst": 29.22, "current_speed": 0.19, "factors": ["elevated_sst"], "color": "#00C853"}}, {"type": "Feature", "geometry": {"type": "Point", "coordinates": [53.0, 23.0]}, "properties": {"risk_score": 0.0, "risk_category": "safe", "sst": 28.85, "current_speed": 0.209, "factors": [], "color": "#00C853"}}, {"type": "Feature", "geometry": {"type": "Point", "coordinates": [70.0, 24.0]}, "properties": {"risk_score": 0.0, "risk_category": "safe", "sst": 28.8, "current_speed": 0.176, "factors": [], "color": "#00C853"}}, {"type": "Feature", "geometry": {"type": "Point", "coordinates": [77.0, 5.0]}, "properties": {"risk_score": 0.2, "risk_category": "safe", "sst": 29.43, "current_speed": 0.271, "factors": ["elevated_sst"], "color": "#00C853"}}, {"type": "Feature", "geometry": {"type": "Point", "coordinates": [96.0, 0.0]}, "properties": {"risk_score": 0.2, "risk_category": "safe", "sst": 29.46, "current_speed": 0.328, "factors": ["elevated_sst"], "color": "#00C853"}}, {"type": "Feature", "geometry": {"type": "Point", "coordinates": [93.0, 18.0]}, "properties": {"risk_score": 0.2, "risk_category": "safe", "sst": 29.08, "current_speed": 0.241, "factors": ["elevated_sst"], "color": "#00C853"}}, {"type": "Feature", "geometry": {"type": "Point", "coordinates": [80.0, -3.0]}, "properties": {"risk_score": 0.2, "risk_category": "safe", "sst": 29.45, "current_speed": 0.341, "factors": ["elevated_sst"], "color": "#00C853"}}, {"type": "Feature", "geometry": {"type": "Point", "coordinates": [70.0, 19.0]}, "properties": {"risk_score": 0.2, "risk_category": "safe", "sst": 29.03, "current_speed": 0.203, "factors": ["elevated_sst"], "color": "#00C853"}}, {"type": "Feature", "geometry": {"type": "Point", "coordinates": [98.0, 16.0]}, "properties": {"risk_score": 0.2, "risk_category": "safe", "sst": 29.15, "current_speed": 0.243, "factors": ["elevated_sst"], "color": "#00C853"}}, {"type": "Feature", "geometry": {"type": "Point", "coordinates": [98.0, 8.0]}, "properties": {"risk_score": 0.2, "risk_category": "safe", "sst": 29.38, "current_speed": 0.274, "factors": ["elevated_sst"], "color": "#00C853"}}, {"type": "Feature", "geometry": {"type": "Point", "coordinates": [91.0, -8.0]}, "properties": {"risk_score": 0.7, "risk_category": "danger", "sst": 29.38, "current_speed": 0.4, "factors": ["elevated_sst", "active_cyclone_nearby"], "color": "#D50000"}}, {"type": "Feature", "geometry": {"type": "Point", "coordinates": [88.0, 0.0]}, "properties": {"risk_score": 0.2, "risk_category": "safe", "sst": 29.46, "current_speed": 0.334, "factors": ["elevated_sst"], "color": "#00C853"}}, {"type": "Feature", "geometry": {"type": "Point", "coordinates": [57.0, 18.0]}, "properties": {"risk_score": 0.2, "risk_category": "safe", "sst": 29.08, "current_speed": 0.196, "factors": ["elevated_sst"], "color": "#00C853"}}, {"type": "Feature", "geometry": {"type": "Point", "coordinates": [72.0, -6.0]}, "properties": {"risk_score": 0.2, "risk_category": "safe", "sst": 29.41, "current_speed": 0.328, "factors": ["elevated_sst"], "color": "#00C853"}}, {"type": "Feature", "geometry": {"type": "Point", "coordinates": [63.0, 3.0]}, "properties": {"risk_score": 0.2, "risk_category": "safe", "sst": 29.45, "current_speed": 0.199, "factors": ["elevated_sst"], "color": "#00C853"}}, {"type": "Feature", "geometry": {"type": "Point", "coordinates": [52.0, 6.0]}, "properties": {"risk_score": 0.2, "risk_category": "safe", "sst": 29.41, "current_speed": 0.138, "factors": ["elevated_sst"], "color": "#00C853"}}, {"type": "Feature", "geometry": {"type": "Point", "coordinates": [91.0, 14.0]}, "properties": {"risk_score": 0.2, "risk_category": "safe", "sst": 29.22, "current_speed": 0.259, "factors": ["elevated_sst"], "color": "#00C853"}}, {"type": "Feature", "geometry": {"type": "Point", "coordinates": [81.0, -7.0]}, "properties": {"risk_score": 0.4, "risk_category": "caution", "sst": 29.4, "current_speed": 0.377, "factors": ["elevated_sst", "cyclone_in_region"], "color": "#FFD600"}}, {"type": "Feature", "geometry": {"type": "Point", "coordinates": [87.0, 18.0]}, "properties": {"risk_score": 0.2, "risk_category": "safe", "sst": 29.08, "current_speed": 0.241, "factors": ["elevated_sst"], "color": "#00C853"}}, {"type": "Feature", "geometry": {"type": "Point", "coordinates": [76.0, -7.0]}, "properties": {"risk_score": 0.2, "risk_category": "safe", "sst": 29.4, "current_speed": 0.358, "factors": ["elevated_sst"], "color": "#00C853"}}, {"type": "Feature", "geometry": {"type": "Point", "coordinates": [71.0, 18.0]}, "properties": {"risk_score": 0.2, "risk_category": "safe", "sst": 29.08, "current_speed": 0.208, "factors": ["elevated_sst"], "color": "#00C853"}}, {"type": "Feature", "geometry": {"type": "Point", "coordinates": [90.0, -9.0]}, "properties": {"risk_score": 0.7, "risk_category": "danger", "sst": 29.36, "current_speed": 0.407, "factors": ["elevated_sst", "active_cyclone_nearby"], "color": "#D50000"}}, {"type": "Feature", "geometry": {"type": "Point", "coordinates": [84.0, 1.0]}, "properties": {"risk_score": 0.2, "risk_category": "safe", "sst": 29.46, "current_speed": 0.32, "factors": ["elevated_sst"], "color": "#00C853"}}, {"type": "Feature", "geometry": {"type": "Point", "coordinates": [64.0, 3.0]}, "properties": {"risk_score": 0.2, "risk_category": "safe", "sst": 29.45, "current_speed": 0.206, "factors": ["elevated_sst"], "color": "#00C853"}}, {"type": "Feature", "geometry": {"type": "Point", "coordinates": [78.0, -4.0]}, "properties": {"risk_score": 0.2, "risk_category": "safe", "sst": 29.44, "current_speed": 0.341, "factors": ["elevated_sst"], "color": "#00C853"}}, {"type": "Feature", "geometry": {"type": "Point", "coordinates": [85.0, -10.0]}, "properties": {"risk_score": 0.7, "risk_category": "danger", "sst": 29.34, "current_speed": 0.41, "factors": ["elevated_sst", "active_cyclone_nearby"], "color": "#D50000"}}, {"type": "Feature", "geometry": {"type": "Point", "coordinates": [99.0, -2.0]}, "properties": {"risk_score": 0.2, "risk_category": "safe", "sst": 29.45, "current_speed": 0.336, "factors": ["elevated_sst"], "color": "#00C853"}}, {"type": "Feature", "geometry": {"type": "Point", "coordinates": [87.0, 0.0]}, "properties": {"risk_score": 0.2, "risk_category": "safe", "sst": 29.46, "current_speed": 0.333, "factors": ["elevated_sst"], "color": "#00C853"}}, {"type": "Feature", "geometry": {"type": "Point", "coordinates": [94.0, 11.0]}, "properties": {"risk_score": 0.2, "risk_category": "safe", "sst": 29.31, "current_speed": 0.269, "factors": ["elevated_sst"], "color": "#00C853"}}, {"type": "Feature", "geometry": {"type": "Point", "coordinates": [91.0, 25.0]}, "properties": {"risk_score": 0.0, "risk_category": "safe", "sst": 28.74, "current_speed": 0.192, "factors": [], "color": "#00C853"}}, {"type": "Feature", "geometry": {"type": "Point", "coordinates": [96.0, 9.0]}, "properties": {"risk_score": 0.2, "risk_category": "safe", "sst": 29.36, "current_speed": 0.274, "factors": ["elevated_sst"], "color": "#00C853"}}, {"type": "Feature", "geometry": {"type": "Point", "coordinates": [50.0, 11.0]}, "properties": {"risk_score": 0.2, "risk_category": "safe", "sst": 29.31, "current_speed": 0.173, "factors": ["elevated_sst"], "color": "#00C853"}}, {"type": "Feature", "geometry": {"type": "Point", "coordinates": [100.0, 18.0]}, "properties": {"risk_score": 0.2, "risk_category": "safe", "sst": 29.08, "current_speed": 0.23, "factors": ["elevated_sst"], "color": "#00C853"}}, {"type": "Feature", "geometry": {"type": "Point", "coordinates": [58.0, 11.0]}, "properties": {"risk_score": 0.2, "risk_category": "safe", "sst": 29.31, "current_speed": 0.175, "factors": ["elevated_sst"], "color": "#00C853"}}, {"type": "Feature", "geometry": {"type": "Point", "coordinates": [85.0, 22.0]}, "properties": {"risk_score": 0.0, "risk_category": "safe", "sst": 28.9, "current_speed": 0.214, "factors": [], "color": "#00C853"}}, {"type": "Feature", "geometry": {"type": "Point", "coordinates": [99.0, 10.0]}, "properties": {"risk_score": 0.2, "risk_category": "safe", "sst": 29.34, "current_speed": 0.263, "factors": ["elevated_sst"], "color": "#00C853"}}, {"type": "Feature", "geometry": {"type": "Point", "coordinates": [64.0, -4.0]}, "properties": {"risk_score": 0.2, "risk_category": "safe", "sst": 29.44, "current_speed": 0.257, "factors": ["elevated_sst"], "color": "#00C853"}}, {"type": "Feature", "geometry": {"type": "Point", "coordinates": [73.0, 22.0]}, "properties": {"risk_score": 0.0, "risk_category": "safe", "sst": 28.9, "current_speed": 0.194, "factors": [], "color": "#00C853"}}, {"type": "Feature", "geometry": {"type": "Point", "coordinates": [75.0, 2.0]}, "properties": {"risk_score": 0.2, "risk_category": "safe", "sst": 29.45, "current_speed": 0.28, "factors": ["elevated_sst"], "color": "#00C853"}}, {"type": "Feature", "geometry": {"type": "Point", "coordinates": [83.0, 10.0]}, "properties": {"risk_score": 0.2, "risk_category": "safe", "sst": 29.34, "current_speed": 0.268, "factors": ["elevated_sst"], "color": "#00C853"}}, {"type": "Feature", "geometry": {"type": "Point", "coordinates": [87.0, 19.0]}, "properties": {"risk_score": 0.2, "risk_category": "safe", "sst": 29.03, "current_speed": 0.235, "factors": ["elevated_sst"], "color": "#00C853"}}, {"type": "Feature", "geometry": {"type": "Point", "coordinates": [96.0, 5.0]}, "properties": {"risk_score": 0.2, "risk_category": "safe", "sst": 29.43, "current_speed": 0.294, "factors": ["elevated_sst"], "color": "#00C853"}}, {"type": "Feature", "geometry": {"type": "Point", "coordinates": [87.0, 14.0]}, "properties": {"risk_score": 0.2, "risk_category": "safe", "sst": 29.22, "current_speed": 0.258, "factors": ["elevated_sst"], "color": "#00C853"}}, {"type": "Feature", "geometry": {"type": "Point", "coordinates": [66.0, 7.0]}, "properties": {"risk_score": 0.2, "risk_category": "safe", "sst": 29.4, "current_speed": 0.205, "factors": ["elevated_sst"], "color": "#00C853"}}, {"type": "Feature", "geometry": {"type": "Point", "coordinates": [97.0, 9.0]}, "properties": {"risk_score": 0.2, "risk_category": "safe", "sst": 29.36, "current_speed": 0.272, "factors": ["elevated_sst"], "color": "#00C853"}}, {"type": "Feature", "geometry": {"type": "Point", "coordinates": [87.0, 12.0]}, "properties": {"risk_score": 0.2, "risk_category": "safe", "sst": 29.29, "current_speed": 0.266, "factors": ["elevated_sst"], "color": "#00C853"}}, {"type": "Feature", "geometry": {"type": "Point", "coordinates": [56.0, 9.0]}, "properties": {"risk_score": 0.2, "risk_category": "safe", "sst": 29.36, "current_speed": 0.163, "factors": ["elevated_sst"], "color": "#00C853"}}, {"type": "Feature", "geometry": {"type": "Point", "coordinates": [53.0, 12.0]}, "properties": {"risk_score": 0.2, "risk_category": "safe", "sst": 29.29, "current_speed": 0.177, "factors": ["elevated_sst"], "color": "#00C853"}}, {"type": "Feature", "geometry": {"type": "Point", "coordinates": [60.0, -9.0]}, "properties": {"risk_score": 0.2, "risk_category": "safe", "sst": 29.36, "current_speed": 0.273, "factors": ["elevated_sst"], "color": "#00C853"}}, {"type": "Feature", "geometry": {"type": "Point", "coordinates": [88.0, -4.0]}, "properties": {"risk_score": 0.4, "risk_category": "caution", "sst": 29.44, "current_speed": 0.366, "factors": ["elevated_sst", "cyclone_in_region"], "color": "#FFD600"}}, {"type": "Feature", "geometry": {"type": "Point", "coordinates": [55.0, 9.0]}, "properties": {"risk_score": 0.2, "risk_category": "safe", "sst": 29.36, "current_speed": 0.16, "factors": ["elevated_sst"], "color": "#00C853"}}, {"type": "Feature", "geometry": {"type": "Point", "coordinates": [69.0, 21.0]}, "properties": {"risk_score": 0.0, "risk_category": "safe", "sst": 28.94, "current_speed": 0.193, "factors": [], "color": "#00C853"}}, {"type": "Feature", "geometry": {"type": "Point", "coordinates": [61.0, -5.0]}, "properties": {"risk_score": 0.2, "risk_category": "safe", "sst": 29.43, "current_speed": 0.244, "factors": ["elevated_sst"], "color": "#00C853"}}, {"type": "Feature", "geometry": {"type": "Point", "coordinates": [54.0, -4.0]}, "properties": {"risk_score": 0.2, "risk_category": "safe", "sst": 29.44, "current_speed": 0.18, "factors": ["elevated_sst"], "color": "#00C853"}}, {"type": "Feature", "geometry": {"type": "Point", "coordinates": [73.0, 3.0]}, "properties": {"risk_score": 0.2, "risk_category": "safe", "sst": 29.45, "current_speed": 0.263, "factors": ["elevated_sst"], "color": "#00C853"}}, {"type": "Feature", "geometry": {"type": "Point", "coordinates": [94.0, 13.0]}, "properties": {"risk_score": 0.2, "risk_category": "safe", "sst": 29.26, "current_speed": 0.261, "factors": ["elevated_sst"], "color": "#00C853"}}, {"type": "Feature", "geometry": {"type": "Point", "coordinates": [85.0, -9.0]}, "properties": {"risk_score": 0.7, "risk_category": "danger", "sst": 29.36, "current_speed": 0.403, "factors": ["elevated_sst", "active_cyclone_nearby"], "color": "#D50000"}}, {"type": "Feature", "geometry": {"type": "Point", "coordinates": [67.0, 23.0]}, "properties": {"risk_score": 0.0, "risk_category": "safe", "sst": 28.85, "current_speed": 0.181, "factors": [], "color": "#00C853"}}, {"type": "Feature", "geometry": {"type": "Point", "coordinates": [88.0, 1.0]}, "properties": {"risk_score": 0.2, "risk_category": "safe", "sst": 29.46, "current_speed": 0.326, "factors": ["elevated_sst"], "color": "#00C853"}}, {"type": "Feature", "geometry": {"type": "Point", "coordinates": [51.0, -8.0]}, "properties": {"risk_score": 0.2, "risk_category": "safe", "sst": 29.38, "current_speed": 0.197, "factors": ["elevated_sst"], "color": "#00C853"}}, {"type": "Feature", "geometry": {"type": "Point", "coordinates": [70.0, 10.0]}, "properties": {"risk_score": 0.2, "risk_category": "safe", "sst": 29.34, "current_speed": 0.22, "factors": ["elevated_sst"], "color": "#00C853"}}, {"type": "Feature", "geometry": {"type": "Point", "coordinates": [90.0, 10.0]}, "properties": {"risk_score": 0.2, "risk_category": "safe", "sst": 29.34, "current_speed": 0.275, "factors": ["elevated_sst"], "color": "#00C853"}}, {"type": "Feature", "geometry": {"type": "Point", "coordinates": [56.0, 11.0]}, "properties": {"risk_score": 0.2, "risk_category": "safe", "sst": 29.31, "current_speed": 0.172, "factors": ["elevated_sst"], "color": "#00C853"}}, {"type": "Feature", "geometry": {"type": "Point", "coordinates": [63.0, -4.0]}, "properties": {"risk_score": 0.2, "risk_category": "safe", "sst": 29.44, "current_speed": 0.25, "factors": ["elevated_sst"], "color": "#00C853"}}, {"type": "Feature", "geometry": {"type": "Point", "coordinates": [60.0, -5.0]}, "properties": {"risk_score": 0.2, "risk_category": "safe", "sst": 29.43, "current_speed": 0.236, "factors": ["elevated_sst"], "color": "#00C853"}}, {"type": "Feature", "geometry": {"type": "Point", "coordinates": [87.0, 1.0]}, "properties": {"risk_score": 0.2, "risk_category": "safe", "sst": 29.46, "current_speed": 0.325, "factors": ["elevated_sst"], "color": "#00C853"}}, {"type": "Feature", "geometry": {"type": "Point", "coordinates": [75.0, 7.0]}, "properties": {"risk_score": 0.2, "risk_category": "safe", "sst": 29.4, "current_speed": 0.253, "factors": ["elevated_sst"], "color": "#00C853"}}, {"type": "Feature", "geometry": {"type": "Point", "coordinates": [50.0, 10.0]}, "properties": {"risk_score": 0.2, "risk_category": "safe", "sst": 29.34, "current_speed": 0.165, "factors": ["elevated_sst"], "color": "#00C853"}}, {"type": "Feature", "geometry": {"type": "Point", "coordinates": [64.0, 8.0]}, "properties": {"risk_score": 0.2, "risk_category": "safe", "sst": 29.38, "current_speed": 0.193, "factors": ["elevated_sst"], "color": "#00C853"}}, {"type": "Feature", "geometry": {"type": "Point", "coordinates": [99.0, 22.0]}, "properties": {"risk_score": 0.0, "risk_category": "safe", "sst": 28.9, "current_speed": 0.209, "factors": [], "color": "#00C853"}}, {"type": "Feature", "geometry": {"type": "Point", "coordinates": [70.0, 7.0]}, "properties": {"risk_score": 0.2, "risk_category": "safe", "sst": 29.4, "current_speed": 0.227, "factors": ["elevated_sst"], "color": "#00C853"}}, {"type": "Feature", "geometry": {"type": "Point", "coordinates": [96.0, 23.0]}, "properties": {"risk_score": 0.0, "risk_category": "safe", "sst": 28.85, "current_speed": 0.206, "factors": [], "color": "#00C853"}}, {"type": "Feature", "geometry": {"type": "Point", "coordinates": [89.0, 19.0]}, "properties": {"risk_score": 0.2, "risk_category": "safe", "sst": 29.03, "current_speed": 0.236, "factors": ["elevated_sst"], "color": "#00C853"}}, {"type": "Feature", "geometry": {"type": "Point", "coordinates": [54.0, 3.0]}, "properties": {"risk_score": 0.2, "risk_category": "safe", "sst": 29.45, "current_speed": 0.14, "factors": ["elevated_sst"], "color": "#00C853"}}, {"type": "Feature", "geometry": {"type": "Point", "coordinates": [88.0, 11.0]}, "properties": {"risk_score": 0.2, "risk_category": "safe", "sst": 29.31, "current_speed": 0.271, "factors": ["elevated_sst"], "color": "#00C853"}}, {"type": "Feature", "geometry": {"type": "Point", "coordinates": [77.0, 3.0]}, "properties": {"risk_score": 0.2, "risk_category": "safe", "sst": 29.45, "current_speed": 0.283, "factors": ["elevated_sst"], "color": "#00C853"}}, {"type": "Feature", "geometry": {"type": "Point", "coordinates": [78.0, 0.0]}, "properties": {"risk_score": 0.2, "risk_category": "safe", "sst": 29.46, "current_speed": 0.308, "factors": ["elevated_sst"], "color": "#00C853"}}, {"type": "Feature", "geometry": {"type": "Point", "coordinates": [63.0, -5.0]}, "properties": {"risk_score": 0.2, "risk_category": "safe", "sst": 29.43, "current_speed": 0.259, "factors": ["elevated_sst"], "color": "#00C853"}}, {"type": "Feature", "geometry": {"type": "Point", "coordinates": [83.0, 7.0]}, "properties": {"risk_score": 0.2, "risk_category": "safe", "sst": 29.4, "current_speed": 0.281, "factors": ["elevated_sst"], "color": "#00C853"}}, {"type": "Feature", "geometry": {"type": "Point", "coordinates": [76.0, 5.0]}, "properties": {"risk_score": 0.2, "risk_category": "safe", "sst": 29.43, "current_speed": 0.266, "factors": ["elevated_sst"], "color": "#00C853"}}, {"type": "Feature", "geometry": {"type": "Point", "coordinates": [85.0, 1.0]}, "properties": {"risk_score": 0.2, "risk_category": "safe", "sst": 29.46, "current_speed": 0.322, "factors": ["elevated_sst"], "color": "#00C853"}}, {"type": "Feature", "geometry": {"type": "Point", "coordinates": [83.0, 12.0]}, "properties": {"risk_score": 0.2, "risk_category": "safe", "sst": 29.29, "current_speed": 0.26, "factors": ["elevated_sst"], "color": "#00C853"}}, {"type": "Feature", "geometry": {"type": "Point", "coordinates": [88.0, 22.0]}, "properties": {"risk_score": 0.0, "risk_category": "safe", "sst": 28.9, "current_speed": 0.216, "factors": [], "color": "#00C853"}}, {"type": "Feature", "geometry": {"type": "Point", "coordinates": [74.0, -8.0]}, "properties": {"risk_score": 0.2, "risk_category": "safe", "sst": 29.38, "current_speed": 0.356, "factors": ["elevated_sst"], "color": "#00C853"}}, {"type": "Feature", "geometry": {"type": "Point", "coordinates": [97.0, 23.0]}, "properties": {"risk_score": 0.0, "risk_category": "safe", "sst": 28.85, "current_speed": 0.204, "factors": [], "color": "#00C853"}}, {"type": "Feature", "geometry": {"type": "Point", "coordinates": [87.0, 4.0]}, "properties": {"risk_score": 0.2, "risk_category": "safe", "sst": 29.44, "current_speed": 0.304, "factors": ["elevated_sst"], "color": "#00C853"}}, {"type": "Feature", "geometry": {"type": "Point", "coordinates": [51.0, 6.0]}, "properties": {"risk_score": 0.2, "risk_category": "safe", "sst": 29.41, "current_speed": 0.136, "factors": ["elevated_sst"], "color": "#00C853"}}, {"type": "Feature", "geometry": {"type": "Point", "coordinates": [81.0, 8.0]}, "properties": {"risk_score": 0.2, "risk_category": "safe", "sst": 29.38, "current_speed": 0.271, "factors": ["elevated_sst"], "color": "#00C853"}}, {"type": "Feature", "geometry": {"type": "Point", "coordinates": [88.0, 10.0]}, "properties": {"risk_score": 0.2, "risk_category": "safe", "sst": 29.34, "current_speed": 0.275, "factors": ["elevated_sst"], "color": "#00C853"}}, {"type": "Feature", "geometry": {"type": "Point", "coordinates": [54.0, 21.0]}, "properties": {"risk_score": 0.0, "risk_category": "safe", "sst": 28.94, "current_speed": 0.207, "factors": [], "color": "#00C853"}}, {"type": "Feature", "geometry": {"type": "Point", "coordinates": [89.0, 13.0]}, "properties": {"risk_score": 0.2, "risk_category": "safe", "sst": 29.26, "current_speed": 0.263, "factors": ["elevated_sst"], "color": "#00C853"}}, {"type": "Feature", "geometry": {"type": "Point", "coordinates": [86.0, -5.0]}, "properties": {"risk_score": 0.4, "risk_category": "caution", "sst": 29.43, "current_speed": 0.373, "factors": ["elevated_sst", "cyclone_in_region"], "color": "#FFD600"}}, {"type": "Feature", "geometry": {"type": "Point", "coordinates": [87.0, -1.0]}, "properties": {"risk_score": 0.2, "risk_category": "safe", "sst": 29.46, "current_speed": 0.341, "factors": ["elevated_sst"], "color": "#00C853"}}], "metadata": {"total_cells": 1836, "n_safe": 1662, "n_caution": 83, "n_danger": 91, "grid_resolution_deg": 0.25}}